active_flag,report_id,visual_id,domain,cohort_id,cohort_file,cohort_desc,filter_str,group,name,### ===== AVERAGE =====,### ===== AVERAGE =====_desc,### ===== AVERAGE =====_display,### ===== AVERAGE =====_format,### ===== AXIS FORMATTING =====,### ===== AXIS FORMATTING =====_desc,### ===== AXIS FORMATTING =====_display,### ===== AXIS FORMATTING =====_format,### ===== CAPACITY =====,### ===== CAPACITY =====_desc,### ===== CAPACITY =====_display,### ===== CAPACITY =====_format,### ===== CENSUS HELPER =====,### ===== CENSUS HELPER =====_desc,### ===== CENSUS HELPER =====_display,### ===== CENSUS HELPER =====_format,### ===== CENSUS LINE =====,### ===== CENSUS LINE =====_desc,### ===== CENSUS LINE =====_display,### ===== CENSUS LINE =====_format,### ===== CHART TEXT =====,### ===== CHART TEXT =====_desc,### ===== CHART TEXT =====_display,### ===== CHART TEXT =====_format,### ===== COLORS =====,### ===== COLORS =====_desc,### ===== COLORS =====_display,### ===== COLORS =====_format,### ===== CORE PARAMETERS =====,### ===== CORE PARAMETERS =====_desc,### ===== CORE PARAMETERS =====_display,### ===== CORE PARAMETERS =====_format,### ===== FIGURE =====,### ===== FIGURE =====_desc,### ===== FIGURE =====_display,### ===== FIGURE =====_format,### ===== FONTS =====,### ===== FONTS =====_desc,### ===== FONTS =====_display,### ===== FONTS =====_format,### ===== LEGEND =====,### ===== LEGEND =====_desc,### ===== LEGEND =====_display,### ===== LEGEND =====_format,### ===== LEGEND IMAGE =====,### ===== LEGEND IMAGE =====_desc,### ===== LEGEND IMAGE =====_display,### ===== LEGEND IMAGE =====_format,### ===== OUTPUT CONTROL =====,### ===== OUTPUT CONTROL =====_desc,### ===== OUTPUT CONTROL =====_display,### ===== OUTPUT CONTROL =====_format,### ===== TITLE IMAGE =====,### ===== TITLE IMAGE =====_desc,### ===== TITLE IMAGE =====_display,### ===== TITLE IMAGE =====_format,### ===== Y AXIS =====,### ===== Y AXIS =====_desc,### ===== Y AXIS =====_display,### ===== Y AXIS =====_format,#### ===== ARRIVALS LINE =====,#### ===== ARRIVALS LINE =====_desc,#### ===== ARRIVALS LINE =====_display,#### ===== ARRIVALS LINE =====_format,#### ===== POWERPOINT =====,#### ===== POWERPOINT =====_desc,#### ===== POWERPOINT =====_display,#### ===== POWERPOINT =====_format,#### ===== TREND PROJECTION =====,#### ===== TREND PROJECTION =====_desc,#### ===== TREND PROJECTION =====_display,#### ===== TREND PROJECTION =====_format,above_color,above_color_desc,above_color_display,above_color_format,aggregation_level,aggregation_level_desc,aggregation_level_display,aggregation_level_format,arima_q,arima_q_desc,arima_q_display,arima_q_format,arrival_aggregation_period,arrival_aggregation_period_desc,arrival_aggregation_period_display,arrival_aggregation_period_format,arrival_outlier_pct,arrival_outlier_pct_desc,arrival_outlier_pct_display,arrival_outlier_pct_format,arrival_smoothing_days,arrival_smoothing_days_desc,arrival_smoothing_days_display,arrival_smoothing_days_format,arrivals_color,arrivals_color_desc,arrivals_color_display,arrivals_color_format,arrivals_linestyle,arrivals_linestyle_desc,arrivals_linestyle_display,arrivals_linestyle_format,arrivals_linewidth,arrivals_linewidth_desc,arrivals_linewidth_display,arrivals_linewidth_format,arrivals_secondary_axis,arrivals_secondary_axis_desc,arrivals_secondary_axis_display,arrivals_secondary_axis_format,avg_line_color,avg_line_color_desc,avg_line_color_display,avg_line_color_format,avg_linestyle,avg_linestyle_desc,avg_linestyle_display,avg_linestyle_format,avg_linewidth,avg_linewidth_desc,avg_linewidth_display,avg_linewidth_format,below_color,below_color_desc,below_color_display,below_color_format,capacity_linestyle,capacity_linestyle_desc,capacity_linestyle_display,capacity_linestyle_format,capacity_linewidth,capacity_linewidth_desc,capacity_linewidth_display,capacity_linewidth_format,capacity_threshold_pct,capacity_threshold_pct_desc,capacity_threshold_pct_display,capacity_threshold_pct_format,capacity_value,capacity_value_desc,capacity_value_display,capacity_value_format,census_helper_csv,census_helper_csv_desc,census_helper_csv_display,census_helper_csv_format,census_helper_operation,census_helper_operation_desc,census_helper_operation_display,census_helper_operation_format,census_helper_type,census_helper_type_desc,census_helper_type_display,census_helper_type_format,client_name,dpi,dpi_desc,dpi_display,dpi_format,enable_trend_projection,enable_trend_projection_desc,enable_trend_projection_display,enable_trend_projection_format,enabled,end_date,esi1_volume_factor,esi1_volume_factor_desc,esi1_volume_factor_display,esi1_volume_factor_format,esi2_volume_factor,esi2_volume_factor_desc,esi2_volume_factor_display,esi2_volume_factor_format,esi3_volume_factor,esi3_volume_factor_desc,esi3_volume_factor_display,esi3_volume_factor_format,esi4_volume_factor,esi4_volume_factor_desc,esi4_volume_factor_display,esi4_volume_factor_format,esi5_volume_factor,esi5_volume_factor_desc,esi5_volume_factor_display,esi5_volume_factor_format,export_projection_csv,export_projection_csv_desc,export_projection_csv_display,export_projection_csv_format,fig_height,fig_height_desc,fig_height_display,fig_height_format,fig_width,fig_width_desc,fig_width_display,fig_width_format,figure_height,figure_height_desc,figure_height_display,figure_height_format,figure_width,figure_width_desc,figure_width_display,figure_width_format,font_family,font_family_desc,font_family_display,font_family_format,forecast_method,forecast_method_desc,forecast_method_display,forecast_method_format,graph_start,graph_start_desc,graph_start_display,graph_start_format,include_arrivals_line,include_arrivals_line_desc,include_arrivals_line_display,include_arrivals_line_format,include_avg_line,include_avg_line_desc,include_avg_line_display,include_avg_line_format,label_fontsize,label_fontsize_desc,label_fontsize_display,label_fontsize_format,legend_fontsize,legend_fontsize_desc,legend_fontsize_display,legend_fontsize_format,legend_height,legend_height_desc,legend_height_display,legend_height_format,legend_ncol,legend_ncol_desc,legend_ncol_display,legend_ncol_format,legend_width,legend_width_desc,legend_width_display,legend_width_format,line_width,line_width_desc,line_width_display,line_width_format,offpeak_bar_color,offpeak_bar_color_desc,offpeak_bar_color_display,offpeak_bar_color_format,p70_color,p70_color_desc,p70_color_display,p70_color_format,p80_color,p80_color_desc,p80_color_display,p80_color_format,p90_color,p90_color_desc,p90_color_display,p90_color_format,peak_bar_color,peak_bar_color_desc,peak_bar_color_display,peak_bar_color_format,peak_line_color,peak_line_color_desc,peak_line_color_display,peak_line_color_format,peak_period_length,peak_period_length_desc,peak_period_length_display,peak_period_length_format,peak_period_mode,peak_period_mode_desc,peak_period_mode_display,peak_period_mode_format,peak_period_start,peak_period_start_desc,peak_period_start_display,peak_period_start_format,ppt_asset_01_keyword,ppt_asset_01_keyword_desc,ppt_asset_01_keyword_display,ppt_asset_01_keyword_format,ppt_asset_01_placeholder,ppt_asset_01_placeholder_desc,ppt_asset_01_placeholder_display,ppt_asset_01_placeholder_format,ppt_asset_02_keyword,ppt_asset_02_keyword_desc,ppt_asset_02_keyword_display,ppt_asset_02_keyword_format,ppt_asset_02_placeholder,ppt_asset_02_placeholder_desc,ppt_asset_02_placeholder_display,ppt_asset_02_placeholder_format,ppt_asset_03_keyword,ppt_asset_03_keyword_desc,ppt_asset_03_keyword_display,ppt_asset_03_keyword_format,ppt_asset_03_placeholder,ppt_asset_03_placeholder_desc,ppt_asset_03_placeholder_display,ppt_asset_03_placeholder_format,ppt_asset_04_keyword,ppt_asset_04_keyword_desc,ppt_asset_04_keyword_display,ppt_asset_04_keyword_format,ppt_asset_04_placeholder,ppt_asset_04_placeholder_desc,ppt_asset_04_placeholder_display,ppt_asset_04_placeholder_format,ppt_asset_05_keyword,ppt_asset_05_keyword_desc,ppt_asset_05_keyword_display,ppt_asset_05_keyword_format,ppt_asset_05_placeholder,ppt_asset_05_placeholder_desc,ppt_asset_05_placeholder_display,ppt_asset_05_placeholder_format,ppt_asset_06_keyword,ppt_asset_06_keyword_desc,ppt_asset_06_keyword_display,ppt_asset_06_keyword_format,ppt_asset_06_placeholder,ppt_asset_06_placeholder_desc,ppt_asset_06_placeholder_display,ppt_asset_06_placeholder_format,ppt_asset_07_keyword,ppt_asset_07_keyword_desc,ppt_asset_07_keyword_display,ppt_asset_07_keyword_format,ppt_asset_07_placeholder,ppt_asset_07_placeholder_desc,ppt_asset_07_placeholder_display,ppt_asset_07_placeholder_format,ppt_slide_group,ppt_slide_group_desc,ppt_slide_group_display,ppt_slide_group_format,ppt_slide_group_order,ppt_slide_group_order_desc,ppt_slide_group_order_display,ppt_slide_group_order_format,ppt_template,ppt_template_desc,ppt_template_display,ppt_template_format,ppt_visual_order,ppt_visual_order_desc,ppt_visual_order_display,ppt_visual_order_format,projection_frequency,projection_frequency_desc,projection_frequency_display,projection_frequency_format,projection_line_color,projection_line_color_desc,projection_line_color_display,projection_line_color_format,projection_linestyle,projection_linestyle_desc,projection_linestyle_display,projection_linestyle_format,projection_linewidth,projection_linewidth_desc,projection_linewidth_display,projection_linewidth_format,projection_months,projection_months_desc,projection_months_display,projection_months_format,projection_plot_months,projection_plot_months_desc,projection_plot_months_display,projection_plot_months_format,projection_table_interval_months,projection_table_interval_months_desc,projection_table_interval_months_display,projection_table_interval_months_format,projection_table_rows,projection_table_rows_desc,projection_table_rows_display,projection_table_rows_format,projection_table_start_month,projection_table_start_month_desc,projection_table_start_month_display,projection_table_start_month_format,room_need_color,room_need_color_desc,room_need_color_display,room_need_color_format,save_csv,save_csv_desc,save_csv_display,save_csv_format,save_png,save_png_desc,save_png_display,save_png_format,show_legend,show_legend_desc,show_legend_display,show_legend_format,start_date,subtitle_fontsize,subtitle_fontsize_desc,subtitle_fontsize_display,subtitle_fontsize_format,tick_fontsize,tick_fontsize_desc,tick_fontsize_display,tick_fontsize_format,title_background_color,title_background_color_desc,title_background_color_display,title_background_color_format,title_fontsize,title_fontsize_desc,title_fontsize_display,title_fontsize_format,title_height,title_height_desc,title_height_display,title_height_format,title_weight,title_weight_desc,title_weight_display,title_weight_format,title_width,title_width_desc,title_width_display,title_width_format,trend_input_months,trend_input_months_desc,trend_input_months_display,trend_input_months_format,trend_line_color,trend_line_color_desc,trend_line_color_display,trend_line_color_format,trend_linestyle,trend_linestyle_desc,trend_linestyle_display,trend_linestyle_format,trend_linewidth,trend_linewidth_desc,trend_linewidth_display,trend_linewidth_format,trend_start_month,trend_start_month_desc,trend_start_month_display,trend_start_month_format,type,utilization,utilization_desc,utilization_display,utilization_format,variable_10_year_growth,variable_10_year_growth_desc,variable_10_year_growth_display,variable_10_year_growth_format,write_projection_rdb,write_projection_rdb_desc,write_projection_rdb_display,write_projection_rdb_format,write_rdb,x_label,x_label_desc,x_label_display,x_label_format,y_axis_decimals,y_axis_decimals_desc,y_axis_decimals_display,y_axis_decimals_format,y_axis_mode,y_axis_mode_desc,y_axis_mode_display,y_axis_mode_format,y_axis_multiplier,y_axis_multiplier_desc,y_axis_multiplier_display,y_axis_multiplier_format,y_axis_suffix,y_axis_suffix_desc,y_axis_suffix_display,y_axis_suffix_format,y_label,y_label_desc,y_label_display,y_label_format,year_type
N,vis_08,vis_08,adf,adf.ad_c,admitted_classified,Admitted Classified,(custody_class.notna() & (custody_class.str.strip() != '')),adf,ad_c,,,,,,,,,,,,,,,,,,,,,,,,,,,,,,,,,,,,,,,,,,,,,,,,,,,,,,,,,,,,,,,,,,,,,,,,,#d62728,,,,,,,,1,,,,week,,,,0.2,,,,,,,,#1f77b4,,,,--,,,,1.25,,,,TRUE,,,,#000000,,,,:,,,,1.5,,,,#000000,,,,--,,,,1.5,,,,0.85,,,,,,,,,,,,subtract,,,,,,,,LC ADF,300,,,,FALSE,,,,1,12/31/2025,,,,,,,,,,,,,,,,,,,,,TRUE,,,,,,,,,,,,6,,,,14,,,,Segoe UI,,,,ols,,,,,,,,TRUE,,,,TRUE,,,,9,,,,10,,,,1,,,,,,,,4,,,,0.8,,,,,,,,,,,,,,,,,,,,,,,,,,,,,,,,,,,,,,,,vis_08_title,,,,vis_08_title,,,,vis_08_legend,,,,vis_08_legend,,,,vis_08_parameters,,,,vis_08_param,,,,vis_08_peak_projection_table,,,,vis_08_peak_projection_table,,,,vis_08__,,,,vis_08_image,,,,vis_08_projection_table,,,,vis_08_projection_table,,,,vis_08_peak_point,,,,vis_08_peak_point,,,,group1,,,,1,,,,pptx_template.vis_08.pptx,,,,1,,,,D,,,,#ff7f0e,,,,--,,,,2,,,,300,,,,6,,,,60,,,,5,,,,60,,,,,,,,TRUE,,,,TRUE,,,,TRUE,,,,1/1/2021,12,,,,10,,,,#d9d9d9,,,,16,,,,0.3,,,,bold,,,,13.33,,,,60,,,,#1f77b4,,,,-,,,,2,,,,5/1/2021,,,,cohort,,,,,,,,,FALSE,,,,0,Time,,,,0,,,,count,,,,1,,,,,,,,Facility Census,,,,fiscal
N,vis_08,vis_08,adf,adf.ad_c.55plus,admitted_classified.55plus,Admitted Classified 55+,((custody_class.notna() & (custody_class.str.strip() != ''))) & (age_bracket == 'adult 55+'),adf,ad_c.55plus,,,,,,,,,,,,,,,,,,,,,,,,,,,,,,,,,,,,,,,,,,,,,,,,,,,,,,,,,,,,,,,,,,,,,,,,,#d62728,,,,,,,,1,,,,week,,,,0.2,,,,,,,,#1f77b4,,,,--,,,,1.25,,,,TRUE,,,,#000000,,,,:,,,,1.5,,,,#000000,,,,--,,,,1.5,,,,0.85,,,,,,,,,,,,subtract,,,,,,,,LC ADF,300,,,,FALSE,,,,1,12/31/2025,,,,,,,,,,,,,,,,,,,,,TRUE,,,,,,,,,,,,6,,,,14,,,,Segoe UI,,,,ols,,,,,,,,TRUE,,,,TRUE,,,,9,,,,10,,,,1,,,,,,,,4,,,,0.8,,,,,,,,,,,,,,,,,,,,,,,,,,,,,,,,,,,,,,,,vis_08_title,,,,vis_08_title,,,,vis_08_legend,,,,vis_08_legend,,,,vis_08_parameters,,,,vis_08_param,,,,vis_08_peak_projection_table,,,,vis_08_peak_projection_table,,,,vis_08__,,,,vis_08_image,,,,vis_08_projection_table,,,,vis_08_projection_table,,,,vis_08_peak_point,,,,vis_08_peak_point,,,,group1,,,,1,,,,pptx_template.vis_08.pptx,,,,1,,,,D,,,,#ff7f0e,,,,--,,,,2,,,,300,,,,6,,,,60,,,,5,,,,60,,,,,,,,TRUE,,,,TRUE,,,,TRUE,,,,1/1/2021,12,,,,10,,,,#d9d9d9,,,,16,,,,0.3,,,,bold,,,,13.33,,,,60,,,,#1f77b4,,,,-,,,,2,,,,5/1/2021,,,,cohort,,,,,,,,,FALSE,,,,0,Time,,,,0,,,,count,,,,1,,,,,,,,Facility Census,,,,fiscal
N,vis_08,vis_08,adf,adf.ad_c.ch_high,admitted_classified.chronic_high,Admitted Classified Highly Severe Chronic Health Condition,((custody_class.notna() & (custody_class.str.strip() != ''))) & (chronic_status == 'HIGH'),adf,ad_c.ch_high,,,,,,,,,,,,,,,,,,,,,,,,,,,,,,,,,,,,,,,,,,,,,,,,,,,,,,,,,,,,,,,,,,,,,,,,,#d62728,,,,,,,,1,,,,week,,,,0.2,,,,,,,,#1f77b4,,,,--,,,,1.25,,,,TRUE,,,,#000000,,,,:,,,,1.5,,,,#000000,,,,--,,,,1.5,,,,0.85,,,,,,,,,,,,subtract,,,,,,,,LC ADF,300,,,,FALSE,,,,1,12/31/2025,,,,,,,,,,,,,,,,,,,,,TRUE,,,,,,,,,,,,6,,,,14,,,,Segoe UI,,,,ols,,,,,,,,TRUE,,,,TRUE,,,,9,,,,10,,,,1,,,,,,,,4,,,,0.8,,,,,,,,,,,,,,,,,,,,,,,,,,,,,,,,,,,,,,,,vis_08_title,,,,vis_08_title,,,,vis_08_legend,,,,vis_08_legend,,,,vis_08_parameters,,,,vis_08_param,,,,vis_08_peak_projection_table,,,,vis_08_peak_projection_table,,,,vis_08__,,,,vis_08_image,,,,vis_08_projection_table,,,,vis_08_projection_table,,,,vis_08_peak_point,,,,vis_08_peak_point,,,,group1,,,,1,,,,pptx_template.vis_08.pptx,,,,1,,,,D,,,,#ff7f0e,,,,--,,,,2,,,,300,,,,6,,,,60,,,,5,,,,60,,,,,,,,TRUE,,,,TRUE,,,,TRUE,,,,1/1/2021,12,,,,10,,,,#d9d9d9,,,,16,,,,0.3,,,,bold,,,,13.33,,,,60,,,,#1f77b4,,,,-,,,,2,,,,5/1/2021,,,,cohort,,,,,,,,,FALSE,,,,0,Time,,,,0,,,,count,,,,1,,,,,,,,Facility Census,,,,fiscal
N,vis_08,vis_08,adf,adf.ad_c.ch_low_mod_no,admitted_classified.chronic_low_moderate_no_chronic,Admitted Classified Low/Moderate/No Chronic Health Condition,"((custody_class.notna() & (custody_class.str.strip() != ''))) & (chronic_status .isin(['LOW','MODERATE','NO CHRONIC CONDITION']))",adf,ad_c.ch_low_mod_no,,,,,,,,,,,,,,,,,,,,,,,,,,,,,,,,,,,,,,,,,,,,,,,,,,,,,,,,,,,,,,,,,,,,,,,,,#d62728,,,,,,,,1,,,,week,,,,0.2,,,,,,,,#1f77b4,,,,--,,,,1.25,,,,TRUE,,,,#000000,,,,:,,,,1.5,,,,#000000,,,,--,,,,1.5,,,,0.85,,,,,,,,,,,,subtract,,,,,,,,LC ADF,300,,,,FALSE,,,,1,12/31/2025,,,,,,,,,,,,,,,,,,,,,TRUE,,,,,,,,,,,,6,,,,14,,,,Segoe UI,,,,ols,,,,,,,,TRUE,,,,TRUE,,,,9,,,,10,,,,1,,,,,,,,4,,,,0.8,,,,,,,,,,,,,,,,,,,,,,,,,,,,,,,,,,,,,,,,vis_08_title,,,,vis_08_title,,,,vis_08_legend,,,,vis_08_legend,,,,vis_08_parameters,,,,vis_08_param,,,,vis_08_peak_projection_table,,,,vis_08_peak_projection_table,,,,vis_08__,,,,vis_08_image,,,,vis_08_projection_table,,,,vis_08_projection_table,,,,vis_08_peak_point,,,,vis_08_peak_point,,,,group1,,,,1,,,,pptx_template.vis_08.pptx,,,,1,,,,D,,,,#ff7f0e,,,,--,,,,2,,,,300,,,,6,,,,60,,,,5,,,,60,,,,,,,,TRUE,,,,TRUE,,,,TRUE,,,,1/1/2021,12,,,,10,,,,#d9d9d9,,,,16,,,,0.3,,,,bold,,,,13.33,,,,60,,,,#1f77b4,,,,-,,,,2,,,,5/1/2021,,,,cohort,,,,,,,,,FALSE,,,,0,Time,,,,0,,,,count,,,,1,,,,,,,,Facility Census,,,,fiscal
N,vis_08,vis_08,adf,adf.ad_c.f,admitted_classified.female,Admitted Classified Female,((custody_class.notna() & (custody_class.str.strip() != ''))) & (sex == 'F'),adf,ad_c.f,,,,,,,,,,,,,,,,,,,,,,,,,,,,,,,,,,,,,,,,,,,,,,,,,,,,,,,,,,,,,,,,,,,,,,,,,#d62728,,,,,,,,1,,,,week,,,,0.2,,,,,,,,#1f77b4,,,,--,,,,1.25,,,,TRUE,,,,#000000,,,,:,,,,1.5,,,,#000000,,,,--,,,,1.5,,,,0.85,,,,,,,,,,,,subtract,,,,,,,,LC ADF,300,,,,FALSE,,,,1,12/31/2025,,,,,,,,,,,,,,,,,,,,,TRUE,,,,,,,,,,,,6,,,,14,,,,Segoe UI,,,,ols,,,,,,,,TRUE,,,,TRUE,,,,9,,,,10,,,,1,,,,,,,,4,,,,0.8,,,,,,,,,,,,,,,,,,,,,,,,,,,,,,,,,,,,,,,,vis_08_title,,,,vis_08_title,,,,vis_08_legend,,,,vis_08_legend,,,,vis_08_parameters,,,,vis_08_param,,,,vis_08_peak_projection_table,,,,vis_08_peak_projection_table,,,,vis_08__,,,,vis_08_image,,,,vis_08_projection_table,,,,vis_08_projection_table,,,,vis_08_peak_point,,,,vis_08_peak_point,,,,group1,,,,1,,,,pptx_template.vis_08.pptx,,,,1,,,,D,,,,#ff7f0e,,,,--,,,,2,,,,300,,,,6,,,,60,,,,5,,,,60,,,,,,,,TRUE,,,,TRUE,,,,TRUE,,,,1/1/2021,12,,,,10,,,,#d9d9d9,,,,16,,,,0.3,,,,bold,,,,13.33,,,,60,,,,#1f77b4,,,,-,,,,2,,,,5/1/2021,,,,cohort,,,,,,,,,FALSE,,,,0,Time,,,,0,,,,count,,,,1,,,,,,,,Facility Census,,,,fiscal
N,vis_08,vis_08,adf,adf.ad_c.f.55plus,admitted_classified.female.55plus,Admitted Classified Female 55+,(((custody_class.notna() & (custody_class.str.strip() != ''))) & (sex == 'F')) & (age_bracket == 'adult 55+'),adf,ad_c.f.55plus,,,,,,,,,,,,,,,,,,,,,,,,,,,,,,,,,,,,,,,,,,,,,,,,,,,,,,,,,,,,,,,,,,,,,,,,,#d62728,,,,,,,,1,,,,week,,,,0.2,,,,,,,,#1f77b4,,,,--,,,,1.25,,,,TRUE,,,,#000000,,,,:,,,,1.5,,,,#000000,,,,--,,,,1.5,,,,0.85,,,,,,,,,,,,subtract,,,,,,,,LC ADF,300,,,,FALSE,,,,1,12/31/2025,,,,,,,,,,,,,,,,,,,,,TRUE,,,,,,,,,,,,6,,,,14,,,,Segoe UI,,,,ols,,,,,,,,TRUE,,,,TRUE,,,,9,,,,10,,,,1,,,,,,,,4,,,,0.8,,,,,,,,,,,,,,,,,,,,,,,,,,,,,,,,,,,,,,,,vis_08_title,,,,vis_08_title,,,,vis_08_legend,,,,vis_08_legend,,,,vis_08_parameters,,,,vis_08_param,,,,vis_08_peak_projection_table,,,,vis_08_peak_projection_table,,,,vis_08__,,,,vis_08_image,,,,vis_08_projection_table,,,,vis_08_projection_table,,,,vis_08_peak_point,,,,vis_08_peak_point,,,,group1,,,,1,,,,pptx_template.vis_08.pptx,,,,1,,,,D,,,,#ff7f0e,,,,--,,,,2,,,,300,,,,6,,,,60,,,,5,,,,60,,,,,,,,TRUE,,,,TRUE,,,,TRUE,,,,1/1/2021,12,,,,10,,,,#d9d9d9,,,,16,,,,0.3,,,,bold,,,,13.33,,,,60,,,,#1f77b4,,,,-,,,,2,,,,5/1/2021,,,,cohort,,,,,,,,,FALSE,,,,0,Time,,,,0,,,,count,,,,1,,,,,,,,Facility Census,,,,fiscal
N,vis_08,vis_08,adf,adf.ad_c.f.ch_high,admitted_classified.female.chronic_high,Admitted Classified Female Highly Severe Chronic Health Condition,(((custody_class.notna() & (custody_class.str.strip() != ''))) & (sex == 'F')) & (chronic_status == 'HIGH'),adf,ad_c.f.ch_high,,,,,,,,,,,,,,,,,,,,,,,,,,,,,,,,,,,,,,,,,,,,,,,,,,,,,,,,,,,,,,,,,,,,,,,,,#d62728,,,,,,,,1,,,,week,,,,0.2,,,,,,,,#1f77b4,,,,--,,,,1.25,,,,TRUE,,,,#000000,,,,:,,,,1.5,,,,#000000,,,,--,,,,1.5,,,,0.85,,,,,,,,,,,,subtract,,,,,,,,LC ADF,300,,,,FALSE,,,,1,12/31/2025,,,,,,,,,,,,,,,,,,,,,TRUE,,,,,,,,,,,,6,,,,14,,,,Segoe UI,,,,ols,,,,,,,,TRUE,,,,TRUE,,,,9,,,,10,,,,1,,,,,,,,4,,,,0.8,,,,,,,,,,,,,,,,,,,,,,,,,,,,,,,,,,,,,,,,vis_08_title,,,,vis_08_title,,,,vis_08_legend,,,,vis_08_legend,,,,vis_08_parameters,,,,vis_08_param,,,,vis_08_peak_projection_table,,,,vis_08_peak_projection_table,,,,vis_08__,,,,vis_08_image,,,,vis_08_projection_table,,,,vis_08_projection_table,,,,vis_08_peak_point,,,,vis_08_peak_point,,,,group1,,,,1,,,,pptx_template.vis_08.pptx,,,,1,,,,D,,,,#ff7f0e,,,,--,,,,2,,,,300,,,,6,,,,60,,,,5,,,,60,,,,,,,,TRUE,,,,TRUE,,,,TRUE,,,,1/1/2021,12,,,,10,,,,#d9d9d9,,,,16,,,,0.3,,,,bold,,,,13.33,,,,60,,,,#1f77b4,,,,-,,,,2,,,,5/1/2021,,,,cohort,,,,,,,,,FALSE,,,,0,Time,,,,0,,,,count,,,,1,,,,,,,,Facility Census,,,,fiscal
N,vis_08,vis_08,adf,adf.ad_c.f.ch_low_mod_no,admitted_classified.female.chronic_low_moderate_no_chronic,Admitted Classified Female Low/Moderate/No Chronic Health Condition,"(((custody_class.notna() & (custody_class.str.strip() != ''))) & (sex == 'F')) & (chronic_status .isin(['LOW','MODERATE','NO CHRONIC CONDITION']))",adf,ad_c.f.ch_low_mod_no,,,,,,,,,,,,,,,,,,,,,,,,,,,,,,,,,,,,,,,,,,,,,,,,,,,,,,,,,,,,,,,,,,,,,,,,,#d62728,,,,,,,,1,,,,week,,,,0.2,,,,,,,,#1f77b4,,,,--,,,,1.25,,,,TRUE,,,,#000000,,,,:,,,,1.5,,,,#000000,,,,--,,,,1.5,,,,0.85,,,,,,,,,,,,subtract,,,,,,,,LC ADF,300,,,,FALSE,,,,1,12/31/2025,,,,,,,,,,,,,,,,,,,,,TRUE,,,,,,,,,,,,6,,,,14,,,,Segoe UI,,,,ols,,,,,,,,TRUE,,,,TRUE,,,,9,,,,10,,,,1,,,,,,,,4,,,,0.8,,,,,,,,,,,,,,,,,,,,,,,,,,,,,,,,,,,,,,,,vis_08_title,,,,vis_08_title,,,,vis_08_legend,,,,vis_08_legend,,,,vis_08_parameters,,,,vis_08_param,,,,vis_08_peak_projection_table,,,,vis_08_peak_projection_table,,,,vis_08__,,,,vis_08_image,,,,vis_08_projection_table,,,,vis_08_projection_table,,,,vis_08_peak_point,,,,vis_08_peak_point,,,,group1,,,,1,,,,pptx_template.vis_08.pptx,,,,1,,,,D,,,,#ff7f0e,,,,--,,,,2,,,,300,,,,6,,,,60,,,,5,,,,60,,,,,,,,TRUE,,,,TRUE,,,,TRUE,,,,1/1/2021,12,,,,10,,,,#d9d9d9,,,,16,,,,0.3,,,,bold,,,,13.33,,,,60,,,,#1f77b4,,,,-,,,,2,,,,5/1/2021,,,,cohort,,,,,,,,,FALSE,,,,0,Time,,,,0,,,,count,,,,1,,,,,,,,Facility Census,,,,fiscal
N,vis_08,vis_08,adf,adf.ad_c.f.u55,admitted_classified.female.u55,Admitted Classified Female Under 55,(((custody_class.notna() & (custody_class.str.strip() != ''))) & (sex == 'F')) & (age_bracket == 'adult under 55'),adf,ad_c.f.u55,,,,,,,,,,,,,,,,,,,,,,,,,,,,,,,,,,,,,,,,,,,,,,,,,,,,,,,,,,,,,,,,,,,,,,,,,#d62728,,,,,,,,1,,,,week,,,,0.2,,,,,,,,#1f77b4,,,,--,,,,1.25,,,,TRUE,,,,#000000,,,,:,,,,1.5,,,,#000000,,,,--,,,,1.5,,,,0.85,,,,,,,,,,,,subtract,,,,,,,,LC ADF,300,,,,FALSE,,,,1,12/31/2025,,,,,,,,,,,,,,,,,,,,,TRUE,,,,,,,,,,,,6,,,,14,,,,Segoe UI,,,,ols,,,,,,,,TRUE,,,,TRUE,,,,9,,,,10,,,,1,,,,,,,,4,,,,0.8,,,,,,,,,,,,,,,,,,,,,,,,,,,,,,,,,,,,,,,,vis_08_title,,,,vis_08_title,,,,vis_08_legend,,,,vis_08_legend,,,,vis_08_parameters,,,,vis_08_param,,,,vis_08_peak_projection_table,,,,vis_08_peak_projection_table,,,,vis_08__,,,,vis_08_image,,,,vis_08_projection_table,,,,vis_08_projection_table,,,,vis_08_peak_point,,,,vis_08_peak_point,,,,group1,,,,1,,,,pptx_template.vis_08.pptx,,,,1,,,,D,,,,#ff7f0e,,,,--,,,,2,,,,300,,,,6,,,,60,,,,5,,,,60,,,,,,,,TRUE,,,,TRUE,,,,TRUE,,,,1/1/2021,12,,,,10,,,,#d9d9d9,,,,16,,,,0.3,,,,bold,,,,13.33,,,,60,,,,#1f77b4,,,,-,,,,2,,,,5/1/2021,,,,cohort,,,,,,,,,FALSE,,,,0,Time,,,,0,,,,count,,,,1,,,,,,,,Facility Census,,,,fiscal
N,vis_08,vis_08,adf,adf.ad_c.m,admitted_classified.male,Admitted Classified Male,((custody_class.notna() & (custody_class.str.strip() != ''))) & (sex == 'M'),adf,ad_c.m,,,,,,,,,,,,,,,,,,,,,,,,,,,,,,,,,,,,,,,,,,,,,,,,,,,,,,,,,,,,,,,,,,,,,,,,,#d62728,,,,,,,,1,,,,week,,,,0.2,,,,,,,,#1f77b4,,,,--,,,,1.25,,,,TRUE,,,,#000000,,,,:,,,,1.5,,,,#000000,,,,--,,,,1.5,,,,0.85,,,,,,,,,,,,subtract,,,,,,,,LC ADF,300,,,,FALSE,,,,1,12/31/2025,,,,,,,,,,,,,,,,,,,,,TRUE,,,,,,,,,,,,6,,,,14,,,,Segoe UI,,,,ols,,,,,,,,TRUE,,,,TRUE,,,,9,,,,10,,,,1,,,,,,,,4,,,,0.8,,,,,,,,,,,,,,,,,,,,,,,,,,,,,,,,,,,,,,,,vis_08_title,,,,vis_08_title,,,,vis_08_legend,,,,vis_08_legend,,,,vis_08_parameters,,,,vis_08_param,,,,vis_08_peak_projection_table,,,,vis_08_peak_projection_table,,,,vis_08__,,,,vis_08_image,,,,vis_08_projection_table,,,,vis_08_projection_table,,,,vis_08_peak_point,,,,vis_08_peak_point,,,,group1,,,,1,,,,pptx_template.vis_08.pptx,,,,1,,,,D,,,,#ff7f0e,,,,--,,,,2,,,,300,,,,6,,,,60,,,,5,,,,60,,,,,,,,TRUE,,,,TRUE,,,,TRUE,,,,1/1/2021,12,,,,10,,,,#d9d9d9,,,,16,,,,0.3,,,,bold,,,,13.33,,,,60,,,,#1f77b4,,,,-,,,,2,,,,5/1/2021,,,,cohort,,,,,,,,,FALSE,,,,0,Time,,,,0,,,,count,,,,1,,,,,,,,Facility Census,,,,fiscal
N,vis_08,vis_08,adf,adf.ad_c.m.55plus,admitted_classified.male.55plus,Admitted Classified Male 55+,(((custody_class.notna() & (custody_class.str.strip() != ''))) & (sex == 'M')) & (age_bracket == 'adult 55+'),adf,ad_c.m.55plus,,,,,,,,,,,,,,,,,,,,,,,,,,,,,,,,,,,,,,,,,,,,,,,,,,,,,,,,,,,,,,,,,,,,,,,,,#d62728,,,,,,,,1,,,,week,,,,0.2,,,,,,,,#1f77b4,,,,--,,,,1.25,,,,TRUE,,,,#000000,,,,:,,,,1.5,,,,#000000,,,,--,,,,1.5,,,,0.85,,,,,,,,,,,,subtract,,,,,,,,LC ADF,300,,,,FALSE,,,,1,12/31/2025,,,,,,,,,,,,,,,,,,,,,TRUE,,,,,,,,,,,,6,,,,14,,,,Segoe UI,,,,ols,,,,,,,,TRUE,,,,TRUE,,,,9,,,,10,,,,1,,,,,,,,4,,,,0.8,,,,,,,,,,,,,,,,,,,,,,,,,,,,,,,,,,,,,,,,vis_08_title,,,,vis_08_title,,,,vis_08_legend,,,,vis_08_legend,,,,vis_08_parameters,,,,vis_08_param,,,,vis_08_peak_projection_table,,,,vis_08_peak_projection_table,,,,vis_08__,,,,vis_08_image,,,,vis_08_projection_table,,,,vis_08_projection_table,,,,vis_08_peak_point,,,,vis_08_peak_point,,,,group1,,,,1,,,,pptx_template.vis_08.pptx,,,,1,,,,D,,,,#ff7f0e,,,,--,,,,2,,,,300,,,,6,,,,60,,,,5,,,,60,,,,,,,,TRUE,,,,TRUE,,,,TRUE,,,,1/1/2021,12,,,,10,,,,#d9d9d9,,,,16,,,,0.3,,,,bold,,,,13.33,,,,60,,,,#1f77b4,,,,-,,,,2,,,,5/1/2021,,,,cohort,,,,,,,,,FALSE,,,,0,Time,,,,0,,,,count,,,,1,,,,,,,,Facility Census,,,,fiscal
N,vis_08,vis_08,adf,adf.ad_c.m.ch_high,admitted_classified.male.chronic_high,Admitted Classified Male Highly Severe Chronic Health Condition,(((custody_class.notna() & (custody_class.str.strip() != ''))) & (sex == 'M')) & (chronic_status == 'HIGH'),adf,ad_c.m.ch_high,,,,,,,,,,,,,,,,,,,,,,,,,,,,,,,,,,,,,,,,,,,,,,,,,,,,,,,,,,,,,,,,,,,,,,,,,#d62728,,,,,,,,1,,,,week,,,,0.2,,,,,,,,#1f77b4,,,,--,,,,1.25,,,,TRUE,,,,#000000,,,,:,,,,1.5,,,,#000000,,,,--,,,,1.5,,,,0.85,,,,,,,,,,,,subtract,,,,,,,,LC ADF,300,,,,FALSE,,,,1,12/31/2025,,,,,,,,,,,,,,,,,,,,,TRUE,,,,,,,,,,,,6,,,,14,,,,Segoe UI,,,,ols,,,,,,,,TRUE,,,,TRUE,,,,9,,,,10,,,,1,,,,,,,,4,,,,0.8,,,,,,,,,,,,,,,,,,,,,,,,,,,,,,,,,,,,,,,,vis_08_title,,,,vis_08_title,,,,vis_08_legend,,,,vis_08_legend,,,,vis_08_parameters,,,,vis_08_param,,,,vis_08_peak_projection_table,,,,vis_08_peak_projection_table,,,,vis_08__,,,,vis_08_image,,,,vis_08_projection_table,,,,vis_08_projection_table,,,,vis_08_peak_point,,,,vis_08_peak_point,,,,group1,,,,1,,,,pptx_template.vis_08.pptx,,,,1,,,,D,,,,#ff7f0e,,,,--,,,,2,,,,300,,,,6,,,,60,,,,5,,,,60,,,,,,,,TRUE,,,,TRUE,,,,TRUE,,,,1/1/2021,12,,,,10,,,,#d9d9d9,,,,16,,,,0.3,,,,bold,,,,13.33,,,,60,,,,#1f77b4,,,,-,,,,2,,,,5/1/2021,,,,cohort,,,,,,,,,FALSE,,,,0,Time,,,,0,,,,count,,,,1,,,,,,,,Facility Census,,,,fiscal
N,vis_08,vis_08,adf,adf.ad_c.m.ch_low_mod_no,admitted_classified.male.chronic_low_moderate_no_chronic,Admitted Classified Male Low/Moderate/No Chronic Health Condition,"(((custody_class.notna() & (custody_class.str.strip() != ''))) & (sex == 'M')) & (chronic_status .isin(['LOW','MODERATE','NO CHRONIC CONDITION']))",adf,ad_c.m.ch_low_mod_no,,,,,,,,,,,,,,,,,,,,,,,,,,,,,,,,,,,,,,,,,,,,,,,,,,,,,,,,,,,,,,,,,,,,,,,,,#d62728,,,,,,,,1,,,,week,,,,0.2,,,,,,,,#1f77b4,,,,--,,,,1.25,,,,TRUE,,,,#000000,,,,:,,,,1.5,,,,#000000,,,,--,,,,1.5,,,,0.85,,,,,,,,,,,,subtract,,,,,,,,LC ADF,300,,,,FALSE,,,,1,12/31/2025,,,,,,,,,,,,,,,,,,,,,TRUE,,,,,,,,,,,,6,,,,14,,,,Segoe UI,,,,ols,,,,,,,,TRUE,,,,TRUE,,,,9,,,,10,,,,1,,,,,,,,4,,,,0.8,,,,,,,,,,,,,,,,,,,,,,,,,,,,,,,,,,,,,,,,vis_08_title,,,,vis_08_title,,,,vis_08_legend,,,,vis_08_legend,,,,vis_08_parameters,,,,vis_08_param,,,,vis_08_peak_projection_table,,,,vis_08_peak_projection_table,,,,vis_08__,,,,vis_08_image,,,,vis_08_projection_table,,,,vis_08_projection_table,,,,vis_08_peak_point,,,,vis_08_peak_point,,,,group1,,,,1,,,,pptx_template.vis_08.pptx,,,,1,,,,D,,,,#ff7f0e,,,,--,,,,2,,,,300,,,,6,,,,60,,,,5,,,,60,,,,,,,,TRUE,,,,TRUE,,,,TRUE,,,,1/1/2021,12,,,,10,,,,#d9d9d9,,,,16,,,,0.3,,,,bold,,,,13.33,,,,60,,,,#1f77b4,,,,-,,,,2,,,,5/1/2021,,,,cohort,,,,,,,,,FALSE,,,,0,Time,,,,0,,,,count,,,,1,,,,,,,,Facility Census,,,,fiscal
N,vis_08,vis_08,adf,adf.ad_c.m.u55,admitted_classified.male.u55,Admitted Classified Male Under 55,(((custody_class.notna() & (custody_class.str.strip() != ''))) & (sex == 'M')) & (age_bracket == 'adult under 55'),adf,ad_c.m.u55,,,,,,,,,,,,,,,,,,,,,,,,,,,,,,,,,,,,,,,,,,,,,,,,,,,,,,,,,,,,,,,,,,,,,,,,,#d62728,,,,,,,,1,,,,week,,,,0.2,,,,,,,,#1f77b4,,,,--,,,,1.25,,,,TRUE,,,,#000000,,,,:,,,,1.5,,,,#000000,,,,--,,,,1.5,,,,0.85,,,,,,,,,,,,subtract,,,,,,,,LC ADF,300,,,,FALSE,,,,1,12/31/2025,,,,,,,,,,,,,,,,,,,,,TRUE,,,,,,,,,,,,6,,,,14,,,,Segoe UI,,,,ols,,,,,,,,TRUE,,,,TRUE,,,,9,,,,10,,,,1,,,,,,,,4,,,,0.8,,,,,,,,,,,,,,,,,,,,,,,,,,,,,,,,,,,,,,,,vis_08_title,,,,vis_08_title,,,,vis_08_legend,,,,vis_08_legend,,,,vis_08_parameters,,,,vis_08_param,,,,vis_08_peak_projection_table,,,,vis_08_peak_projection_table,,,,vis_08__,,,,vis_08_image,,,,vis_08_projection_table,,,,vis_08_projection_table,,,,vis_08_peak_point,,,,vis_08_peak_point,,,,group1,,,,1,,,,pptx_template.vis_08.pptx,,,,1,,,,D,,,,#ff7f0e,,,,--,,,,2,,,,300,,,,6,,,,60,,,,5,,,,60,,,,,,,,TRUE,,,,TRUE,,,,TRUE,,,,1/1/2021,12,,,,10,,,,#d9d9d9,,,,16,,,,0.3,,,,bold,,,,13.33,,,,60,,,,#1f77b4,,,,-,,,,2,,,,5/1/2021,,,,cohort,,,,,,,,,FALSE,,,,0,Time,,,,0,,,,count,,,,1,,,,,,,,Facility Census,,,,fiscal
N,vis_08,vis_08,adf,adf.ad_c.u55,admitted_classified.u55,Admitted Classified Under 55,((custody_class.notna() & (custody_class.str.strip() != ''))) & (age_bracket == 'adult under 55'),adf,ad_c.u55,,,,,,,,,,,,,,,,,,,,,,,,,,,,,,,,,,,,,,,,,,,,,,,,,,,,,,,,,,,,,,,,,,,,,,,,,#d62728,,,,,,,,1,,,,week,,,,0.2,,,,,,,,#1f77b4,,,,--,,,,1.25,,,,TRUE,,,,#000000,,,,:,,,,1.5,,,,#000000,,,,--,,,,1.5,,,,0.85,,,,,,,,,,,,subtract,,,,,,,,LC ADF,300,,,,FALSE,,,,1,12/31/2025,,,,,,,,,,,,,,,,,,,,,TRUE,,,,,,,,,,,,6,,,,14,,,,Segoe UI,,,,ols,,,,,,,,TRUE,,,,TRUE,,,,9,,,,10,,,,1,,,,,,,,4,,,,0.8,,,,,,,,,,,,,,,,,,,,,,,,,,,,,,,,,,,,,,,,vis_08_title,,,,vis_08_title,,,,vis_08_legend,,,,vis_08_legend,,,,vis_08_parameters,,,,vis_08_param,,,,vis_08_peak_projection_table,,,,vis_08_peak_projection_table,,,,vis_08__,,,,vis_08_image,,,,vis_08_projection_table,,,,vis_08_projection_table,,,,vis_08_peak_point,,,,vis_08_peak_point,,,,group1,,,,1,,,,pptx_template.vis_08.pptx,,,,1,,,,D,,,,#ff7f0e,,,,--,,,,2,,,,300,,,,6,,,,60,,,,5,,,,60,,,,,,,,TRUE,,,,TRUE,,,,TRUE,,,,1/1/2021,12,,,,10,,,,#d9d9d9,,,,16,,,,0.3,,,,bold,,,,13.33,,,,60,,,,#1f77b4,,,,-,,,,2,,,,5/1/2021,,,,cohort,,,,,,,,,FALSE,,,,0,Time,,,,0,,,,count,,,,1,,,,,,,,Facility Census,,,,fiscal
N,vis_08,vis_08,adf,adf.ad_nc,admitted_not_classified,Admitted Not Classified,(custody_class.isna() | (custody_class.str.strip() == '')),adf,ad_nc,,,,,,,,,,,,,,,,,,,,,,,,,,,,,,,,,,,,,,,,,,,,,,,,,,,,,,,,,,,,,,,,,,,,,,,,,#d62728,,,,,,,,1,,,,week,,,,0.2,,,,,,,,#1f77b4,,,,--,,,,1.25,,,,TRUE,,,,#000000,,,,:,,,,1.5,,,,#000000,,,,--,,,,1.5,,,,0.85,,,,,,,,,,,,subtract,,,,,,,,LC ADF,300,,,,FALSE,,,,1,12/31/2025,,,,,,,,,,,,,,,,,,,,,TRUE,,,,,,,,,,,,6,,,,14,,,,Segoe UI,,,,ols,,,,,,,,TRUE,,,,TRUE,,,,9,,,,10,,,,1,,,,,,,,4,,,,0.8,,,,,,,,,,,,,,,,,,,,,,,,,,,,,,,,,,,,,,,,vis_08_title,,,,vis_08_title,,,,vis_08_legend,,,,vis_08_legend,,,,vis_08_parameters,,,,vis_08_param,,,,vis_08_peak_projection_table,,,,vis_08_peak_projection_table,,,,vis_08__,,,,vis_08_image,,,,vis_08_projection_table,,,,vis_08_projection_table,,,,vis_08_peak_point,,,,vis_08_peak_point,,,,group1,,,,1,,,,pptx_template.vis_08.pptx,,,,1,,,,D,,,,#ff7f0e,,,,--,,,,2,,,,300,,,,6,,,,60,,,,5,,,,60,,,,,,,,TRUE,,,,TRUE,,,,TRUE,,,,1/1/2021,12,,,,10,,,,#d9d9d9,,,,16,,,,0.3,,,,bold,,,,13.33,,,,60,,,,#1f77b4,,,,-,,,,2,,,,5/1/2021,,,,cohort,,,,,,,,,FALSE,,,,0,Time,,,,0,,,,count,,,,1,,,,,,,,Facility Census,,,,fiscal
N,vis_08,vis_08,adf,adf.ad_nc.55plus,admitted_not_classified.55plus,Admitted Not Classified 55+,((custody_class.isna() | (custody_class.str.strip() == ''))) & (age_bracket == 'adult 55+'),adf,ad_nc.55plus,,,,,,,,,,,,,,,,,,,,,,,,,,,,,,,,,,,,,,,,,,,,,,,,,,,,,,,,,,,,,,,,,,,,,,,,,#d62728,,,,,,,,1,,,,week,,,,0.2,,,,,,,,#1f77b4,,,,--,,,,1.25,,,,TRUE,,,,#000000,,,,:,,,,1.5,,,,#000000,,,,--,,,,1.5,,,,0.85,,,,,,,,,,,,subtract,,,,,,,,LC ADF,300,,,,FALSE,,,,1,12/31/2025,,,,,,,,,,,,,,,,,,,,,TRUE,,,,,,,,,,,,6,,,,14,,,,Segoe UI,,,,ols,,,,,,,,TRUE,,,,TRUE,,,,9,,,,10,,,,1,,,,,,,,4,,,,0.8,,,,,,,,,,,,,,,,,,,,,,,,,,,,,,,,,,,,,,,,vis_08_title,,,,vis_08_title,,,,vis_08_legend,,,,vis_08_legend,,,,vis_08_parameters,,,,vis_08_param,,,,vis_08_peak_projection_table,,,,vis_08_peak_projection_table,,,,vis_08__,,,,vis_08_image,,,,vis_08_projection_table,,,,vis_08_projection_table,,,,vis_08_peak_point,,,,vis_08_peak_point,,,,group1,,,,1,,,,pptx_template.vis_08.pptx,,,,1,,,,D,,,,#ff7f0e,,,,--,,,,2,,,,300,,,,6,,,,60,,,,5,,,,60,,,,,,,,TRUE,,,,TRUE,,,,TRUE,,,,1/1/2021,12,,,,10,,,,#d9d9d9,,,,16,,,,0.3,,,,bold,,,,13.33,,,,60,,,,#1f77b4,,,,-,,,,2,,,,5/1/2021,,,,cohort,,,,,,,,,FALSE,,,,0,Time,,,,0,,,,count,,,,1,,,,,,,,Facility Census,,,,fiscal
N,vis_08,vis_08,adf,adf.ad_nc.f,admitted_not_classified.female,Admitted Not Classified Female,((custody_class.isna() | (custody_class.str.strip() == ''))) & (sex == 'F'),adf,ad_nc.f,,,,,,,,,,,,,,,,,,,,,,,,,,,,,,,,,,,,,,,,,,,,,,,,,,,,,,,,,,,,,,,,,,,,,,,,,#d62728,,,,,,,,1,,,,week,,,,0.2,,,,,,,,#1f77b4,,,,--,,,,1.25,,,,TRUE,,,,#000000,,,,:,,,,1.5,,,,#000000,,,,--,,,,1.5,,,,0.85,,,,,,,,,,,,subtract,,,,,,,,LC ADF,300,,,,FALSE,,,,1,12/31/2025,,,,,,,,,,,,,,,,,,,,,TRUE,,,,,,,,,,,,6,,,,14,,,,Segoe UI,,,,ols,,,,,,,,TRUE,,,,TRUE,,,,9,,,,10,,,,1,,,,,,,,4,,,,0.8,,,,,,,,,,,,,,,,,,,,,,,,,,,,,,,,,,,,,,,,vis_08_title,,,,vis_08_title,,,,vis_08_legend,,,,vis_08_legend,,,,vis_08_parameters,,,,vis_08_param,,,,vis_08_peak_projection_table,,,,vis_08_peak_projection_table,,,,vis_08__,,,,vis_08_image,,,,vis_08_projection_table,,,,vis_08_projection_table,,,,vis_08_peak_point,,,,vis_08_peak_point,,,,group1,,,,1,,,,pptx_template.vis_08.pptx,,,,1,,,,D,,,,#ff7f0e,,,,--,,,,2,,,,300,,,,6,,,,60,,,,5,,,,60,,,,,,,,TRUE,,,,TRUE,,,,TRUE,,,,1/1/2021,12,,,,10,,,,#d9d9d9,,,,16,,,,0.3,,,,bold,,,,13.33,,,,60,,,,#1f77b4,,,,-,,,,2,,,,5/1/2021,,,,cohort,,,,,,,,,FALSE,,,,0,Time,,,,0,,,,count,,,,1,,,,,,,,Facility Census,,,,fiscal
N,vis_08,vis_08,adf,adf.ad_nc.f.55plus,admitted_not_classified.female.55plus,Admitted Not Classified Female 55+,(((custody_class.isna() | (custody_class.str.strip() == ''))) & (sex == 'F')) & (age_bracket == 'adult 55+'),adf,ad_nc.f.55plus,,,,,,,,,,,,,,,,,,,,,,,,,,,,,,,,,,,,,,,,,,,,,,,,,,,,,,,,,,,,,,,,,,,,,,,,,#d62728,,,,,,,,1,,,,week,,,,0.2,,,,,,,,#1f77b4,,,,--,,,,1.25,,,,TRUE,,,,#000000,,,,:,,,,1.5,,,,#000000,,,,--,,,,1.5,,,,0.85,,,,,,,,,,,,subtract,,,,,,,,LC ADF,300,,,,FALSE,,,,1,12/31/2025,,,,,,,,,,,,,,,,,,,,,TRUE,,,,,,,,,,,,6,,,,14,,,,Segoe UI,,,,ols,,,,,,,,TRUE,,,,TRUE,,,,9,,,,10,,,,1,,,,,,,,4,,,,0.8,,,,,,,,,,,,,,,,,,,,,,,,,,,,,,,,,,,,,,,,vis_08_title,,,,vis_08_title,,,,vis_08_legend,,,,vis_08_legend,,,,vis_08_parameters,,,,vis_08_param,,,,vis_08_peak_projection_table,,,,vis_08_peak_projection_table,,,,vis_08__,,,,vis_08_image,,,,vis_08_projection_table,,,,vis_08_projection_table,,,,vis_08_peak_point,,,,vis_08_peak_point,,,,group1,,,,1,,,,pptx_template.vis_08.pptx,,,,1,,,,D,,,,#ff7f0e,,,,--,,,,2,,,,300,,,,6,,,,60,,,,5,,,,60,,,,,,,,TRUE,,,,TRUE,,,,TRUE,,,,1/1/2021,12,,,,10,,,,#d9d9d9,,,,16,,,,0.3,,,,bold,,,,13.33,,,,60,,,,#1f77b4,,,,-,,,,2,,,,5/1/2021,,,,cohort,,,,,,,,,FALSE,,,,0,Time,,,,0,,,,count,,,,1,,,,,,,,Facility Census,,,,fiscal
N,vis_08,vis_08,adf,adf.ad_nc.f.u55,admitted_not_classified.female.u55,Admitted Not Classified Female Under 55,(((custody_class.isna() | (custody_class.str.strip() == ''))) & (sex == 'F')) & (age_bracket == 'adult under 55'),adf,ad_nc.f.u55,,,,,,,,,,,,,,,,,,,,,,,,,,,,,,,,,,,,,,,,,,,,,,,,,,,,,,,,,,,,,,,,,,,,,,,,,#d62728,,,,,,,,1,,,,week,,,,0.2,,,,,,,,#1f77b4,,,,--,,,,1.25,,,,TRUE,,,,#000000,,,,:,,,,1.5,,,,#000000,,,,--,,,,1.5,,,,0.85,,,,,,,,,,,,subtract,,,,,,,,LC ADF,300,,,,FALSE,,,,1,12/31/2025,,,,,,,,,,,,,,,,,,,,,TRUE,,,,,,,,,,,,6,,,,14,,,,Segoe UI,,,,ols,,,,,,,,TRUE,,,,TRUE,,,,9,,,,10,,,,1,,,,,,,,4,,,,0.8,,,,,,,,,,,,,,,,,,,,,,,,,,,,,,,,,,,,,,,,vis_08_title,,,,vis_08_title,,,,vis_08_legend,,,,vis_08_legend,,,,vis_08_parameters,,,,vis_08_param,,,,vis_08_peak_projection_table,,,,vis_08_peak_projection_table,,,,vis_08__,,,,vis_08_image,,,,vis_08_projection_table,,,,vis_08_projection_table,,,,vis_08_peak_point,,,,vis_08_peak_point,,,,group1,,,,1,,,,pptx_template.vis_08.pptx,,,,1,,,,D,,,,#ff7f0e,,,,--,,,,2,,,,300,,,,6,,,,60,,,,5,,,,60,,,,,,,,TRUE,,,,TRUE,,,,TRUE,,,,1/1/2021,12,,,,10,,,,#d9d9d9,,,,16,,,,0.3,,,,bold,,,,13.33,,,,60,,,,#1f77b4,,,,-,,,,2,,,,5/1/2021,,,,cohort,,,,,,,,,FALSE,,,,0,Time,,,,0,,,,count,,,,1,,,,,,,,Facility Census,,,,fiscal
N,vis_08,vis_08,adf,adf.ad_nc.m,admitted_not_classified.male,Admitted Not Classified Male,((custody_class.isna() | (custody_class.str.strip() == ''))) & (sex == 'M'),adf,ad_nc.m,,,,,,,,,,,,,,,,,,,,,,,,,,,,,,,,,,,,,,,,,,,,,,,,,,,,,,,,,,,,,,,,,,,,,,,,,#d62728,,,,,,,,1,,,,week,,,,0.2,,,,,,,,#1f77b4,,,,--,,,,1.25,,,,TRUE,,,,#000000,,,,:,,,,1.5,,,,#000000,,,,--,,,,1.5,,,,0.85,,,,,,,,,,,,subtract,,,,,,,,LC ADF,300,,,,FALSE,,,,1,12/31/2025,,,,,,,,,,,,,,,,,,,,,TRUE,,,,,,,,,,,,6,,,,14,,,,Segoe UI,,,,ols,,,,,,,,TRUE,,,,TRUE,,,,9,,,,10,,,,1,,,,,,,,4,,,,0.8,,,,,,,,,,,,,,,,,,,,,,,,,,,,,,,,,,,,,,,,vis_08_title,,,,vis_08_title,,,,vis_08_legend,,,,vis_08_legend,,,,vis_08_parameters,,,,vis_08_param,,,,vis_08_peak_projection_table,,,,vis_08_peak_projection_table,,,,vis_08__,,,,vis_08_image,,,,vis_08_projection_table,,,,vis_08_projection_table,,,,vis_08_peak_point,,,,vis_08_peak_point,,,,group1,,,,1,,,,pptx_template.vis_08.pptx,,,,1,,,,D,,,,#ff7f0e,,,,--,,,,2,,,,300,,,,6,,,,60,,,,5,,,,60,,,,,,,,TRUE,,,,TRUE,,,,TRUE,,,,1/1/2021,12,,,,10,,,,#d9d9d9,,,,16,,,,0.3,,,,bold,,,,13.33,,,,60,,,,#1f77b4,,,,-,,,,2,,,,5/1/2021,,,,cohort,,,,,,,,,FALSE,,,,0,Time,,,,0,,,,count,,,,1,,,,,,,,Facility Census,,,,fiscal
N,vis_08,vis_08,adf,adf.ad_nc.m.55plus,admitted_not_classified.male.55plus,Admitted Not Classified Male 55+,(((custody_class.isna() | (custody_class.str.strip() == ''))) & (sex == 'M')) & (age_bracket == 'adult 55+'),adf,ad_nc.m.55plus,,,,,,,,,,,,,,,,,,,,,,,,,,,,,,,,,,,,,,,,,,,,,,,,,,,,,,,,,,,,,,,,,,,,,,,,,#d62728,,,,,,,,1,,,,week,,,,0.2,,,,,,,,#1f77b4,,,,--,,,,1.25,,,,TRUE,,,,#000000,,,,:,,,,1.5,,,,#000000,,,,--,,,,1.5,,,,0.85,,,,,,,,,,,,subtract,,,,,,,,LC ADF,300,,,,FALSE,,,,1,12/31/2025,,,,,,,,,,,,,,,,,,,,,TRUE,,,,,,,,,,,,6,,,,14,,,,Segoe UI,,,,ols,,,,,,,,TRUE,,,,TRUE,,,,9,,,,10,,,,1,,,,,,,,4,,,,0.8,,,,,,,,,,,,,,,,,,,,,,,,,,,,,,,,,,,,,,,,vis_08_title,,,,vis_08_title,,,,vis_08_legend,,,,vis_08_legend,,,,vis_08_parameters,,,,vis_08_param,,,,vis_08_peak_projection_table,,,,vis_08_peak_projection_table,,,,vis_08__,,,,vis_08_image,,,,vis_08_projection_table,,,,vis_08_projection_table,,,,vis_08_peak_point,,,,vis_08_peak_point,,,,group1,,,,1,,,,pptx_template.vis_08.pptx,,,,1,,,,D,,,,#ff7f0e,,,,--,,,,2,,,,300,,,,6,,,,60,,,,5,,,,60,,,,,,,,TRUE,,,,TRUE,,,,TRUE,,,,1/1/2021,12,,,,10,,,,#d9d9d9,,,,16,,,,0.3,,,,bold,,,,13.33,,,,60,,,,#1f77b4,,,,-,,,,2,,,,5/1/2021,,,,cohort,,,,,,,,,FALSE,,,,0,Time,,,,0,,,,count,,,,1,,,,,,,,Facility Census,,,,fiscal
N,vis_08,vis_08,adf,adf.ad_nc.m.u55,admitted_not_classified.male.u55,Admitted Not Classified Male Under 55,(((custody_class.isna() | (custody_class.str.strip() == ''))) & (sex == 'M')) & (age_bracket == 'adult under 55'),adf,ad_nc.m.u55,,,,,,,,,,,,,,,,,,,,,,,,,,,,,,,,,,,,,,,,,,,,,,,,,,,,,,,,,,,,,,,,,,,,,,,,,#d62728,,,,,,,,1,,,,week,,,,0.2,,,,,,,,#1f77b4,,,,--,,,,1.25,,,,TRUE,,,,#000000,,,,:,,,,1.5,,,,#000000,,,,--,,,,1.5,,,,0.85,,,,,,,,,,,,subtract,,,,,,,,LC ADF,300,,,,FALSE,,,,1,12/31/2025,,,,,,,,,,,,,,,,,,,,,TRUE,,,,,,,,,,,,6,,,,14,,,,Segoe UI,,,,ols,,,,,,,,TRUE,,,,TRUE,,,,9,,,,10,,,,1,,,,,,,,4,,,,0.8,,,,,,,,,,,,,,,,,,,,,,,,,,,,,,,,,,,,,,,,vis_08_title,,,,vis_08_title,,,,vis_08_legend,,,,vis_08_legend,,,,vis_08_parameters,,,,vis_08_param,,,,vis_08_peak_projection_table,,,,vis_08_peak_projection_table,,,,vis_08__,,,,vis_08_image,,,,vis_08_projection_table,,,,vis_08_projection_table,,,,vis_08_peak_point,,,,vis_08_peak_point,,,,group1,,,,1,,,,pptx_template.vis_08.pptx,,,,1,,,,D,,,,#ff7f0e,,,,--,,,,2,,,,300,,,,6,,,,60,,,,5,,,,60,,,,,,,,TRUE,,,,TRUE,,,,TRUE,,,,1/1/2021,12,,,,10,,,,#d9d9d9,,,,16,,,,0.3,,,,bold,,,,13.33,,,,60,,,,#1f77b4,,,,-,,,,2,,,,5/1/2021,,,,cohort,,,,,,,,,FALSE,,,,0,Time,,,,0,,,,count,,,,1,,,,,,,,Facility Census,,,,fiscal
N,vis_08,vis_08,adf,adf.ad_nc.u55,admitted_not_classified.u55,Admitted Not Classified Under 55,((custody_class.isna() | (custody_class.str.strip() == ''))) & (age_bracket == 'adult under 55'),adf,ad_nc.u55,,,,,,,,,,,,,,,,,,,,,,,,,,,,,,,,,,,,,,,,,,,,,,,,,,,,,,,,,,,,,,,,,,,,,,,,,#d62728,,,,,,,,1,,,,week,,,,0.2,,,,,,,,#1f77b4,,,,--,,,,1.25,,,,TRUE,,,,#000000,,,,:,,,,1.5,,,,#000000,,,,--,,,,1.5,,,,0.85,,,,,,,,,,,,subtract,,,,,,,,LC ADF,300,,,,FALSE,,,,1,12/31/2025,,,,,,,,,,,,,,,,,,,,,TRUE,,,,,,,,,,,,6,,,,14,,,,Segoe UI,,,,ols,,,,,,,,TRUE,,,,TRUE,,,,9,,,,10,,,,1,,,,,,,,4,,,,0.8,,,,,,,,,,,,,,,,,,,,,,,,,,,,,,,,,,,,,,,,vis_08_title,,,,vis_08_title,,,,vis_08_legend,,,,vis_08_legend,,,,vis_08_parameters,,,,vis_08_param,,,,vis_08_peak_projection_table,,,,vis_08_peak_projection_table,,,,vis_08__,,,,vis_08_image,,,,vis_08_projection_table,,,,vis_08_projection_table,,,,vis_08_peak_point,,,,vis_08_peak_point,,,,group1,,,,1,,,,pptx_template.vis_08.pptx,,,,1,,,,D,,,,#ff7f0e,,,,--,,,,2,,,,300,,,,6,,,,60,,,,5,,,,60,,,,,,,,TRUE,,,,TRUE,,,,TRUE,,,,1/1/2021,12,,,,10,,,,#d9d9d9,,,,16,,,,0.3,,,,bold,,,,13.33,,,,60,,,,#1f77b4,,,,-,,,,2,,,,5/1/2021,,,,cohort,,,,,,,,,FALSE,,,,0,Time,,,,0,,,,count,,,,1,,,,,,,,Facility Census,,,,fiscal
Y,vis_08,vis_08,adf,adf.all,all,All Detainees,(BookNumber.notna()),adf,all,,,,,,,,,,,,,,,,,,,,,,,,,,,,,,,,,,,,,,,,,,,,,,,,,,,,,,,,,,,,,,,,,,,,,,,,,#d62728,,,,,,,,1,,,,week,,,,0.2,,,,,,,,#1f77b4,,,,--,,,,1.25,,,,TRUE,,,,#000000,,,,:,,,,1.5,,,,#000000,,,,--,,,,1.5,,,,0.85,,,,,,,,,,,,subtract,,,,,,,,LC ADF,300,,,,FALSE,,,,1,12/31/2025,,,,,,,,,,,,,,,,,,,,,TRUE,,,,,,,,,,,,6,,,,14,,,,Segoe UI,,,,ols,,,,,,,,TRUE,,,,TRUE,,,,9,,,,10,,,,1,,,,,,,,4,,,,0.8,,,,,,,,,,,,,,,,,,,,,,,,,,,,,,,,,,,,,,,,vis_08_title,,,,vis_08_title,,,,vis_08_legend,,,,vis_08_legend,,,,vis_08_parameters,,,,vis_08_param,,,,vis_08_peak_projection_table,,,,vis_08_peak_projection_table,,,,vis_08__,,,,vis_08_image,,,,vis_08_projection_table,,,,vis_08_projection_table,,,,vis_08_peak_point,,,,vis_08_peak_point,,,,group1,,,,1,,,,pptx_template.vis_08.pptx,,,,1,,,,D,,,,#ff7f0e,,,,--,,,,2,,,,300,,,,6,,,,60,,,,5,,,,60,,,,,,,,TRUE,,,,TRUE,,,,TRUE,,,,1/1/2021,12,,,,10,,,,#d9d9d9,,,,16,,,,0.3,,,,bold,,,,13.33,,,,60,,,,#1f77b4,,,,-,,,,2,,,,5/1/2021,,,,cohort,,,,,,,,,FALSE,,,,0,Time,,,,0,,,,count,,,,1,,,,,,,,Facility Census,,,,fiscal
N,vis_08,vis_08,adf,adf.all.55plus,all.55plus,All Detainees 55+,(True) & (age_bracket == 'adult 55+'),adf,all.55plus,,,,,,,,,,,,,,,,,,,,,,,,,,,,,,,,,,,,,,,,,,,,,,,,,,,,,,,,,,,,,,,,,,,,,,,,,#d62728,,,,,,,,1,,,,week,,,,0.2,,,,,,,,#1f77b4,,,,--,,,,1.25,,,,TRUE,,,,#000000,,,,:,,,,1.5,,,,#000000,,,,--,,,,1.5,,,,0.85,,,,,,,,,,,,subtract,,,,,,,,LC ADF,300,,,,FALSE,,,,1,12/31/2025,,,,,,,,,,,,,,,,,,,,,TRUE,,,,,,,,,,,,6,,,,14,,,,Segoe UI,,,,ols,,,,,,,,TRUE,,,,TRUE,,,,9,,,,10,,,,1,,,,,,,,4,,,,0.8,,,,,,,,,,,,,,,,,,,,,,,,,,,,,,,,,,,,,,,,vis_08_title,,,,vis_08_title,,,,vis_08_legend,,,,vis_08_legend,,,,vis_08_parameters,,,,vis_08_param,,,,vis_08_peak_projection_table,,,,vis_08_peak_projection_table,,,,vis_08__,,,,vis_08_image,,,,vis_08_projection_table,,,,vis_08_projection_table,,,,vis_08_peak_point,,,,vis_08_peak_point,,,,group1,,,,1,,,,pptx_template.vis_08.pptx,,,,1,,,,D,,,,#ff7f0e,,,,--,,,,2,,,,300,,,,6,,,,60,,,,5,,,,60,,,,,,,,TRUE,,,,TRUE,,,,TRUE,,,,1/1/2021,12,,,,10,,,,#d9d9d9,,,,16,,,,0.3,,,,bold,,,,13.33,,,,60,,,,#1f77b4,,,,-,,,,2,,,,5/1/2021,,,,cohort,,,,,,,,,FALSE,,,,0,Time,,,,0,,,,count,,,,1,,,,,,,,Facility Census,,,,fiscal
N,vis_08,vis_08,adf,adf.all.ch_high,all.chronic_high,All Detainees Highly Severe Chronic Health Condition,(True) & (chronic_status == 'HIGH'),adf,all.ch_high,,,,,,,,,,,,,,,,,,,,,,,,,,,,,,,,,,,,,,,,,,,,,,,,,,,,,,,,,,,,,,,,,,,,,,,,,#d62728,,,,,,,,1,,,,week,,,,0.2,,,,,,,,#1f77b4,,,,--,,,,1.25,,,,TRUE,,,,#000000,,,,:,,,,1.5,,,,#000000,,,,--,,,,1.5,,,,0.85,,,,,,,,,,,,subtract,,,,,,,,LC ADF,300,,,,FALSE,,,,1,12/31/2025,,,,,,,,,,,,,,,,,,,,,TRUE,,,,,,,,,,,,6,,,,14,,,,Segoe UI,,,,ols,,,,,,,,TRUE,,,,TRUE,,,,9,,,,10,,,,1,,,,,,,,4,,,,0.8,,,,,,,,,,,,,,,,,,,,,,,,,,,,,,,,,,,,,,,,vis_08_title,,,,vis_08_title,,,,vis_08_legend,,,,vis_08_legend,,,,vis_08_parameters,,,,vis_08_param,,,,vis_08_peak_projection_table,,,,vis_08_peak_projection_table,,,,vis_08__,,,,vis_08_image,,,,vis_08_projection_table,,,,vis_08_projection_table,,,,vis_08_peak_point,,,,vis_08_peak_point,,,,group1,,,,1,,,,pptx_template.vis_08.pptx,,,,1,,,,D,,,,#ff7f0e,,,,--,,,,2,,,,300,,,,6,,,,60,,,,5,,,,60,,,,,,,,TRUE,,,,TRUE,,,,TRUE,,,,1/1/2021,12,,,,10,,,,#d9d9d9,,,,16,,,,0.3,,,,bold,,,,13.33,,,,60,,,,#1f77b4,,,,-,,,,2,,,,5/1/2021,,,,cohort,,,,,,,,,FALSE,,,,0,Time,,,,0,,,,count,,,,1,,,,,,,,Facility Census,,,,fiscal
N,vis_08,vis_08,adf,adf.all.ch_low_mod_no,all.chronic_low_moderate_no_chronic,All Detainees Low/Moderate/No Chronic Health Condition,"(True) & (chronic_status .isin(['LOW','MODERATE','NO CHRONIC CONDITION']))",adf,all.ch_low_mod_no,,,,,,,,,,,,,,,,,,,,,,,,,,,,,,,,,,,,,,,,,,,,,,,,,,,,,,,,,,,,,,,,,,,,,,,,,#d62728,,,,,,,,1,,,,week,,,,0.2,,,,,,,,#1f77b4,,,,--,,,,1.25,,,,TRUE,,,,#000000,,,,:,,,,1.5,,,,#000000,,,,--,,,,1.5,,,,0.85,,,,,,,,,,,,subtract,,,,,,,,LC ADF,300,,,,FALSE,,,,1,12/31/2025,,,,,,,,,,,,,,,,,,,,,TRUE,,,,,,,,,,,,6,,,,14,,,,Segoe UI,,,,ols,,,,,,,,TRUE,,,,TRUE,,,,9,,,,10,,,,1,,,,,,,,4,,,,0.8,,,,,,,,,,,,,,,,,,,,,,,,,,,,,,,,,,,,,,,,vis_08_title,,,,vis_08_title,,,,vis_08_legend,,,,vis_08_legend,,,,vis_08_parameters,,,,vis_08_param,,,,vis_08_peak_projection_table,,,,vis_08_peak_projection_table,,,,vis_08__,,,,vis_08_image,,,,vis_08_projection_table,,,,vis_08_projection_table,,,,vis_08_peak_point,,,,vis_08_peak_point,,,,group1,,,,1,,,,pptx_template.vis_08.pptx,,,,1,,,,D,,,,#ff7f0e,,,,--,,,,2,,,,300,,,,6,,,,60,,,,5,,,,60,,,,,,,,TRUE,,,,TRUE,,,,TRUE,,,,1/1/2021,12,,,,10,,,,#d9d9d9,,,,16,,,,0.3,,,,bold,,,,13.33,,,,60,,,,#1f77b4,,,,-,,,,2,,,,5/1/2021,,,,cohort,,,,,,,,,FALSE,,,,0,Time,,,,0,,,,count,,,,1,,,,,,,,Facility Census,,,,fiscal
N,vis_08,vis_08,adf,adf.all.u55,all.u55,All Detainees Under 55,(True) & (age_bracket == 'adult under 55'),adf,all.u55,,,,,,,,,,,,,,,,,,,,,,,,,,,,,,,,,,,,,,,,,,,,,,,,,,,,,,,,,,,,,,,,,,,,,,,,,#d62728,,,,,,,,1,,,,week,,,,0.2,,,,,,,,#1f77b4,,,,--,,,,1.25,,,,TRUE,,,,#000000,,,,:,,,,1.5,,,,#000000,,,,--,,,,1.5,,,,0.85,,,,,,,,,,,,subtract,,,,,,,,LC ADF,300,,,,FALSE,,,,1,12/31/2025,,,,,,,,,,,,,,,,,,,,,TRUE,,,,,,,,,,,,6,,,,14,,,,Segoe UI,,,,ols,,,,,,,,TRUE,,,,TRUE,,,,9,,,,10,,,,1,,,,,,,,4,,,,0.8,,,,,,,,,,,,,,,,,,,,,,,,,,,,,,,,,,,,,,,,vis_08_title,,,,vis_08_title,,,,vis_08_legend,,,,vis_08_legend,,,,vis_08_parameters,,,,vis_08_param,,,,vis_08_peak_projection_table,,,,vis_08_peak_projection_table,,,,vis_08__,,,,vis_08_image,,,,vis_08_projection_table,,,,vis_08_projection_table,,,,vis_08_peak_point,,,,vis_08_peak_point,,,,group1,,,,1,,,,pptx_template.vis_08.pptx,,,,1,,,,D,,,,#ff7f0e,,,,--,,,,2,,,,300,,,,6,,,,60,,,,5,,,,60,,,,,,,,TRUE,,,,TRUE,,,,TRUE,,,,1/1/2021,12,,,,10,,,,#d9d9d9,,,,16,,,,0.3,,,,bold,,,,13.33,,,,60,,,,#1f77b4,,,,-,,,,2,,,,5/1/2021,,,,cohort,,,,,,,,,FALSE,,,,0,Time,,,,0,,,,count,,,,1,,,,,,,,Facility Census,,,,fiscal
N,vis_08,vis_08,adf,adf.as,as,Administrative Segregation,"((custody_class.str.contains('AS', na=False)) | custody_class.isin(['AS/KS', 'S3 AS/KS', 'S3- AS/KS'])) & (housing != 'S2')",adf,as,,,,,,,,,,,,,,,,,,,,,,,,,,,,,,,,,,,,,,,,,,,,,,,,,,,,,,,,,,,,,,,,,,,,,,,,,#d62728,,,,,,,,1,,,,week,,,,0.2,,,,,,,,#1f77b4,,,,--,,,,1.25,,,,TRUE,,,,#000000,,,,:,,,,1.5,,,,#000000,,,,--,,,,1.5,,,,0.85,,,,,,,,,,,,subtract,,,,,,,,LC ADF,300,,,,FALSE,,,,1,12/31/2025,,,,,,,,,,,,,,,,,,,,,TRUE,,,,,,,,,,,,6,,,,14,,,,Segoe UI,,,,ols,,,,,,,,TRUE,,,,TRUE,,,,9,,,,10,,,,1,,,,,,,,4,,,,0.8,,,,,,,,,,,,,,,,,,,,,,,,,,,,,,,,,,,,,,,,vis_08_title,,,,vis_08_title,,,,vis_08_legend,,,,vis_08_legend,,,,vis_08_parameters,,,,vis_08_param,,,,vis_08_peak_projection_table,,,,vis_08_peak_projection_table,,,,vis_08__,,,,vis_08_image,,,,vis_08_projection_table,,,,vis_08_projection_table,,,,vis_08_peak_point,,,,vis_08_peak_point,,,,group1,,,,1,,,,pptx_template.vis_08.pptx,,,,1,,,,D,,,,#ff7f0e,,,,--,,,,2,,,,300,,,,6,,,,60,,,,5,,,,60,,,,,,,,TRUE,,,,TRUE,,,,TRUE,,,,1/1/2021,12,,,,10,,,,#d9d9d9,,,,16,,,,0.3,,,,bold,,,,13.33,,,,60,,,,#1f77b4,,,,-,,,,2,,,,5/1/2021,,,,cohort,,,,,,,,,FALSE,,,,0,Time,,,,0,,,,count,,,,1,,,,,,,,Facility Census,,,,fiscal
N,vis_08,vis_08,adf,adf.as.55plus,as.55plus,Administrative Segregation 55+,"(((custody_class.str.contains('AS', na=False)) | custody_class.isin(['AS/KS', 'S3 AS/KS', 'S3- AS/KS'])) & (housing != 'S2')) & (age_bracket == 'adult 55+')",adf,as.55plus,,,,,,,,,,,,,,,,,,,,,,,,,,,,,,,,,,,,,,,,,,,,,,,,,,,,,,,,,,,,,,,,,,,,,,,,,#d62728,,,,,,,,1,,,,week,,,,0.2,,,,,,,,#1f77b4,,,,--,,,,1.25,,,,TRUE,,,,#000000,,,,:,,,,1.5,,,,#000000,,,,--,,,,1.5,,,,0.85,,,,,,,,,,,,subtract,,,,,,,,LC ADF,300,,,,FALSE,,,,1,12/31/2025,,,,,,,,,,,,,,,,,,,,,TRUE,,,,,,,,,,,,6,,,,14,,,,Segoe UI,,,,ols,,,,,,,,TRUE,,,,TRUE,,,,9,,,,10,,,,1,,,,,,,,4,,,,0.8,,,,,,,,,,,,,,,,,,,,,,,,,,,,,,,,,,,,,,,,vis_08_title,,,,vis_08_title,,,,vis_08_legend,,,,vis_08_legend,,,,vis_08_parameters,,,,vis_08_param,,,,vis_08_peak_projection_table,,,,vis_08_peak_projection_table,,,,vis_08__,,,,vis_08_image,,,,vis_08_projection_table,,,,vis_08_projection_table,,,,vis_08_peak_point,,,,vis_08_peak_point,,,,group1,,,,1,,,,pptx_template.vis_08.pptx,,,,1,,,,D,,,,#ff7f0e,,,,--,,,,2,,,,300,,,,6,,,,60,,,,5,,,,60,,,,,,,,TRUE,,,,TRUE,,,,TRUE,,,,1/1/2021,12,,,,10,,,,#d9d9d9,,,,16,,,,0.3,,,,bold,,,,13.33,,,,60,,,,#1f77b4,,,,-,,,,2,,,,5/1/2021,,,,cohort,,,,,,,,,FALSE,,,,0,Time,,,,0,,,,count,,,,1,,,,,,,,Facility Census,,,,fiscal
N,vis_08,vis_08,adf,adf.as.ch_high,as.chronic_high,Administrative Segregation Highly Severe Chronic Health Condition,"(((custody_class.str.contains('AS', na=False)) | custody_class.isin(['AS/KS', 'S3 AS/KS', 'S3- AS/KS'])) & (housing != 'S2')) & (chronic_status == 'HIGH')",adf,as.ch_high,,,,,,,,,,,,,,,,,,,,,,,,,,,,,,,,,,,,,,,,,,,,,,,,,,,,,,,,,,,,,,,,,,,,,,,,,#d62728,,,,,,,,1,,,,week,,,,0.2,,,,,,,,#1f77b4,,,,--,,,,1.25,,,,TRUE,,,,#000000,,,,:,,,,1.5,,,,#000000,,,,--,,,,1.5,,,,0.85,,,,,,,,,,,,subtract,,,,,,,,LC ADF,300,,,,FALSE,,,,1,12/31/2025,,,,,,,,,,,,,,,,,,,,,TRUE,,,,,,,,,,,,6,,,,14,,,,Segoe UI,,,,ols,,,,,,,,TRUE,,,,TRUE,,,,9,,,,10,,,,1,,,,,,,,4,,,,0.8,,,,,,,,,,,,,,,,,,,,,,,,,,,,,,,,,,,,,,,,vis_08_title,,,,vis_08_title,,,,vis_08_legend,,,,vis_08_legend,,,,vis_08_parameters,,,,vis_08_param,,,,vis_08_peak_projection_table,,,,vis_08_peak_projection_table,,,,vis_08__,,,,vis_08_image,,,,vis_08_projection_table,,,,vis_08_projection_table,,,,vis_08_peak_point,,,,vis_08_peak_point,,,,group1,,,,1,,,,pptx_template.vis_08.pptx,,,,1,,,,D,,,,#ff7f0e,,,,--,,,,2,,,,300,,,,6,,,,60,,,,5,,,,60,,,,,,,,TRUE,,,,TRUE,,,,TRUE,,,,1/1/2021,12,,,,10,,,,#d9d9d9,,,,16,,,,0.3,,,,bold,,,,13.33,,,,60,,,,#1f77b4,,,,-,,,,2,,,,5/1/2021,,,,cohort,,,,,,,,,FALSE,,,,0,Time,,,,0,,,,count,,,,1,,,,,,,,Facility Census,,,,fiscal
N,vis_08,vis_08,adf,adf.as.ch_low_mod_no,as.chronic_low_moderate_no_chronic,Administrative Segregation Low/Moderate/No Chronic Health Condition,"(((custody_class.str.contains('AS', na=False)) | custody_class.isin(['AS/KS', 'S3 AS/KS', 'S3- AS/KS'])) & (housing != 'S2')) & (chronic_status .isin(['LOW','MODERATE','NO CHRONIC CONDITION']))",adf,as.ch_low_mod_no,,,,,,,,,,,,,,,,,,,,,,,,,,,,,,,,,,,,,,,,,,,,,,,,,,,,,,,,,,,,,,,,,,,,,,,,,#d62728,,,,,,,,1,,,,week,,,,0.2,,,,,,,,#1f77b4,,,,--,,,,1.25,,,,TRUE,,,,#000000,,,,:,,,,1.5,,,,#000000,,,,--,,,,1.5,,,,0.85,,,,,,,,,,,,subtract,,,,,,,,LC ADF,300,,,,FALSE,,,,1,12/31/2025,,,,,,,,,,,,,,,,,,,,,TRUE,,,,,,,,,,,,6,,,,14,,,,Segoe UI,,,,ols,,,,,,,,TRUE,,,,TRUE,,,,9,,,,10,,,,1,,,,,,,,4,,,,0.8,,,,,,,,,,,,,,,,,,,,,,,,,,,,,,,,,,,,,,,,vis_08_title,,,,vis_08_title,,,,vis_08_legend,,,,vis_08_legend,,,,vis_08_parameters,,,,vis_08_param,,,,vis_08_peak_projection_table,,,,vis_08_peak_projection_table,,,,vis_08__,,,,vis_08_image,,,,vis_08_projection_table,,,,vis_08_projection_table,,,,vis_08_peak_point,,,,vis_08_peak_point,,,,group1,,,,1,,,,pptx_template.vis_08.pptx,,,,1,,,,D,,,,#ff7f0e,,,,--,,,,2,,,,300,,,,6,,,,60,,,,5,,,,60,,,,,,,,TRUE,,,,TRUE,,,,TRUE,,,,1/1/2021,12,,,,10,,,,#d9d9d9,,,,16,,,,0.3,,,,bold,,,,13.33,,,,60,,,,#1f77b4,,,,-,,,,2,,,,5/1/2021,,,,cohort,,,,,,,,,FALSE,,,,0,Time,,,,0,,,,count,,,,1,,,,,,,,Facility Census,,,,fiscal
N,vis_08,vis_08,adf,adf.as.f,as.female,Administrative Segregation Female,"(((custody_class.str.contains('AS', na=False)) | custody_class.isin(['AS/KS', 'S3 AS/KS', 'S3- AS/KS'])) & (housing != 'S2')) & (sex == 'F')",adf,as.f,,,,,,,,,,,,,,,,,,,,,,,,,,,,,,,,,,,,,,,,,,,,,,,,,,,,,,,,,,,,,,,,,,,,,,,,,#d62728,,,,,,,,1,,,,week,,,,0.2,,,,,,,,#1f77b4,,,,--,,,,1.25,,,,TRUE,,,,#000000,,,,:,,,,1.5,,,,#000000,,,,--,,,,1.5,,,,0.85,,,,,,,,,,,,subtract,,,,,,,,LC ADF,300,,,,FALSE,,,,1,12/31/2025,,,,,,,,,,,,,,,,,,,,,TRUE,,,,,,,,,,,,6,,,,14,,,,Segoe UI,,,,ols,,,,,,,,TRUE,,,,TRUE,,,,9,,,,10,,,,1,,,,,,,,4,,,,0.8,,,,,,,,,,,,,,,,,,,,,,,,,,,,,,,,,,,,,,,,vis_08_title,,,,vis_08_title,,,,vis_08_legend,,,,vis_08_legend,,,,vis_08_parameters,,,,vis_08_param,,,,vis_08_peak_projection_table,,,,vis_08_peak_projection_table,,,,vis_08__,,,,vis_08_image,,,,vis_08_projection_table,,,,vis_08_projection_table,,,,vis_08_peak_point,,,,vis_08_peak_point,,,,group1,,,,1,,,,pptx_template.vis_08.pptx,,,,1,,,,D,,,,#ff7f0e,,,,--,,,,2,,,,300,,,,6,,,,60,,,,5,,,,60,,,,,,,,TRUE,,,,TRUE,,,,TRUE,,,,1/1/2021,12,,,,10,,,,#d9d9d9,,,,16,,,,0.3,,,,bold,,,,13.33,,,,60,,,,#1f77b4,,,,-,,,,2,,,,5/1/2021,,,,cohort,,,,,,,,,FALSE,,,,0,Time,,,,0,,,,count,,,,1,,,,,,,,Facility Census,,,,fiscal
N,vis_08,vis_08,adf,adf.as.f.55plus,as.female.55plus,Administrative Segregation Female 55+,"((((custody_class.str.contains('AS', na=False)) | custody_class.isin(['AS/KS', 'S3 AS/KS', 'S3- AS/KS'])) & (housing != 'S2')) & (sex == 'F')) & (age_bracket == 'adult 55+')",adf,as.f.55plus,,,,,,,,,,,,,,,,,,,,,,,,,,,,,,,,,,,,,,,,,,,,,,,,,,,,,,,,,,,,,,,,,,,,,,,,,#d62728,,,,,,,,1,,,,week,,,,0.2,,,,,,,,#1f77b4,,,,--,,,,1.25,,,,TRUE,,,,#000000,,,,:,,,,1.5,,,,#000000,,,,--,,,,1.5,,,,0.85,,,,,,,,,,,,subtract,,,,,,,,LC ADF,300,,,,FALSE,,,,1,12/31/2025,,,,,,,,,,,,,,,,,,,,,TRUE,,,,,,,,,,,,6,,,,14,,,,Segoe UI,,,,ols,,,,,,,,TRUE,,,,TRUE,,,,9,,,,10,,,,1,,,,,,,,4,,,,0.8,,,,,,,,,,,,,,,,,,,,,,,,,,,,,,,,,,,,,,,,vis_08_title,,,,vis_08_title,,,,vis_08_legend,,,,vis_08_legend,,,,vis_08_parameters,,,,vis_08_param,,,,vis_08_peak_projection_table,,,,vis_08_peak_projection_table,,,,vis_08__,,,,vis_08_image,,,,vis_08_projection_table,,,,vis_08_projection_table,,,,vis_08_peak_point,,,,vis_08_peak_point,,,,group1,,,,1,,,,pptx_template.vis_08.pptx,,,,1,,,,D,,,,#ff7f0e,,,,--,,,,2,,,,300,,,,6,,,,60,,,,5,,,,60,,,,,,,,TRUE,,,,TRUE,,,,TRUE,,,,1/1/2021,12,,,,10,,,,#d9d9d9,,,,16,,,,0.3,,,,bold,,,,13.33,,,,60,,,,#1f77b4,,,,-,,,,2,,,,5/1/2021,,,,cohort,,,,,,,,,FALSE,,,,0,Time,,,,0,,,,count,,,,1,,,,,,,,Facility Census,,,,fiscal
N,vis_08,vis_08,adf,adf.as.f.ch_high,as.female.chronic_high,Administrative Segregation Female Highly Severe Chronic Health Condition,"((((custody_class.str.contains('AS', na=False)) | custody_class.isin(['AS/KS', 'S3 AS/KS', 'S3- AS/KS'])) & (housing != 'S2')) & (sex == 'F')) & (chronic_status == 'HIGH')",adf,as.f.ch_high,,,,,,,,,,,,,,,,,,,,,,,,,,,,,,,,,,,,,,,,,,,,,,,,,,,,,,,,,,,,,,,,,,,,,,,,,#d62728,,,,,,,,1,,,,week,,,,0.2,,,,,,,,#1f77b4,,,,--,,,,1.25,,,,TRUE,,,,#000000,,,,:,,,,1.5,,,,#000000,,,,--,,,,1.5,,,,0.85,,,,,,,,,,,,subtract,,,,,,,,LC ADF,300,,,,FALSE,,,,1,12/31/2025,,,,,,,,,,,,,,,,,,,,,TRUE,,,,,,,,,,,,6,,,,14,,,,Segoe UI,,,,ols,,,,,,,,TRUE,,,,TRUE,,,,9,,,,10,,,,1,,,,,,,,4,,,,0.8,,,,,,,,,,,,,,,,,,,,,,,,,,,,,,,,,,,,,,,,vis_08_title,,,,vis_08_title,,,,vis_08_legend,,,,vis_08_legend,,,,vis_08_parameters,,,,vis_08_param,,,,vis_08_peak_projection_table,,,,vis_08_peak_projection_table,,,,vis_08__,,,,vis_08_image,,,,vis_08_projection_table,,,,vis_08_projection_table,,,,vis_08_peak_point,,,,vis_08_peak_point,,,,group1,,,,1,,,,pptx_template.vis_08.pptx,,,,1,,,,D,,,,#ff7f0e,,,,--,,,,2,,,,300,,,,6,,,,60,,,,5,,,,60,,,,,,,,TRUE,,,,TRUE,,,,TRUE,,,,1/1/2021,12,,,,10,,,,#d9d9d9,,,,16,,,,0.3,,,,bold,,,,13.33,,,,60,,,,#1f77b4,,,,-,,,,2,,,,5/1/2021,,,,cohort,,,,,,,,,FALSE,,,,0,Time,,,,0,,,,count,,,,1,,,,,,,,Facility Census,,,,fiscal
N,vis_08,vis_08,adf,adf.as.f.ch_low_mod_no,as.female.chronic_low_moderate_no_chronic,Administrative Segregation Female Low/Moderate/No Chronic Health Condition,"((((custody_class.str.contains('AS', na=False)) | custody_class.isin(['AS/KS', 'S3 AS/KS', 'S3- AS/KS'])) & (housing != 'S2')) & (sex == 'F')) & (chronic_status .isin(['LOW','MODERATE','NO CHRONIC CONDITION']))",adf,as.f.ch_low_mod_no,,,,,,,,,,,,,,,,,,,,,,,,,,,,,,,,,,,,,,,,,,,,,,,,,,,,,,,,,,,,,,,,,,,,,,,,,#d62728,,,,,,,,1,,,,week,,,,0.2,,,,,,,,#1f77b4,,,,--,,,,1.25,,,,TRUE,,,,#000000,,,,:,,,,1.5,,,,#000000,,,,--,,,,1.5,,,,0.85,,,,,,,,,,,,subtract,,,,,,,,LC ADF,300,,,,FALSE,,,,1,12/31/2025,,,,,,,,,,,,,,,,,,,,,TRUE,,,,,,,,,,,,6,,,,14,,,,Segoe UI,,,,ols,,,,,,,,TRUE,,,,TRUE,,,,9,,,,10,,,,1,,,,,,,,4,,,,0.8,,,,,,,,,,,,,,,,,,,,,,,,,,,,,,,,,,,,,,,,vis_08_title,,,,vis_08_title,,,,vis_08_legend,,,,vis_08_legend,,,,vis_08_parameters,,,,vis_08_param,,,,vis_08_peak_projection_table,,,,vis_08_peak_projection_table,,,,vis_08__,,,,vis_08_image,,,,vis_08_projection_table,,,,vis_08_projection_table,,,,vis_08_peak_point,,,,vis_08_peak_point,,,,group1,,,,1,,,,pptx_template.vis_08.pptx,,,,1,,,,D,,,,#ff7f0e,,,,--,,,,2,,,,300,,,,6,,,,60,,,,5,,,,60,,,,,,,,TRUE,,,,TRUE,,,,TRUE,,,,1/1/2021,12,,,,10,,,,#d9d9d9,,,,16,,,,0.3,,,,bold,,,,13.33,,,,60,,,,#1f77b4,,,,-,,,,2,,,,5/1/2021,,,,cohort,,,,,,,,,FALSE,,,,0,Time,,,,0,,,,count,,,,1,,,,,,,,Facility Census,,,,fiscal
N,vis_08,vis_08,adf,adf.as.f.u55,as.female.u55,Administrative Segregation Female Under 55,"((((custody_class.str.contains('AS', na=False)) | custody_class.isin(['AS/KS', 'S3 AS/KS', 'S3- AS/KS'])) & (housing != 'S2')) & (sex == 'F')) & (age_bracket == 'adult under 55')",adf,as.f.u55,,,,,,,,,,,,,,,,,,,,,,,,,,,,,,,,,,,,,,,,,,,,,,,,,,,,,,,,,,,,,,,,,,,,,,,,,#d62728,,,,,,,,1,,,,week,,,,0.2,,,,,,,,#1f77b4,,,,--,,,,1.25,,,,TRUE,,,,#000000,,,,:,,,,1.5,,,,#000000,,,,--,,,,1.5,,,,0.85,,,,,,,,,,,,subtract,,,,,,,,LC ADF,300,,,,FALSE,,,,1,12/31/2025,,,,,,,,,,,,,,,,,,,,,TRUE,,,,,,,,,,,,6,,,,14,,,,Segoe UI,,,,ols,,,,,,,,TRUE,,,,TRUE,,,,9,,,,10,,,,1,,,,,,,,4,,,,0.8,,,,,,,,,,,,,,,,,,,,,,,,,,,,,,,,,,,,,,,,vis_08_title,,,,vis_08_title,,,,vis_08_legend,,,,vis_08_legend,,,,vis_08_parameters,,,,vis_08_param,,,,vis_08_peak_projection_table,,,,vis_08_peak_projection_table,,,,vis_08__,,,,vis_08_image,,,,vis_08_projection_table,,,,vis_08_projection_table,,,,vis_08_peak_point,,,,vis_08_peak_point,,,,group1,,,,1,,,,pptx_template.vis_08.pptx,,,,1,,,,D,,,,#ff7f0e,,,,--,,,,2,,,,300,,,,6,,,,60,,,,5,,,,60,,,,,,,,TRUE,,,,TRUE,,,,TRUE,,,,1/1/2021,12,,,,10,,,,#d9d9d9,,,,16,,,,0.3,,,,bold,,,,13.33,,,,60,,,,#1f77b4,,,,-,,,,2,,,,5/1/2021,,,,cohort,,,,,,,,,FALSE,,,,0,Time,,,,0,,,,count,,,,1,,,,,,,,Facility Census,,,,fiscal
N,vis_08,vis_08,adf,adf.as.m,as.male,Administrative Segregation Male,"(((custody_class.str.contains('AS', na=False)) | custody_class.isin(['AS/KS', 'S3 AS/KS', 'S3- AS/KS'])) & (housing != 'S2')) & (sex == 'M')",adf,as.m,,,,,,,,,,,,,,,,,,,,,,,,,,,,,,,,,,,,,,,,,,,,,,,,,,,,,,,,,,,,,,,,,,,,,,,,,#d62728,,,,,,,,1,,,,week,,,,0.2,,,,,,,,#1f77b4,,,,--,,,,1.25,,,,TRUE,,,,#000000,,,,:,,,,1.5,,,,#000000,,,,--,,,,1.5,,,,0.85,,,,,,,,,,,,subtract,,,,,,,,LC ADF,300,,,,FALSE,,,,1,12/31/2025,,,,,,,,,,,,,,,,,,,,,TRUE,,,,,,,,,,,,6,,,,14,,,,Segoe UI,,,,ols,,,,,,,,TRUE,,,,TRUE,,,,9,,,,10,,,,1,,,,,,,,4,,,,0.8,,,,,,,,,,,,,,,,,,,,,,,,,,,,,,,,,,,,,,,,vis_08_title,,,,vis_08_title,,,,vis_08_legend,,,,vis_08_legend,,,,vis_08_parameters,,,,vis_08_param,,,,vis_08_peak_projection_table,,,,vis_08_peak_projection_table,,,,vis_08__,,,,vis_08_image,,,,vis_08_projection_table,,,,vis_08_projection_table,,,,vis_08_peak_point,,,,vis_08_peak_point,,,,group1,,,,1,,,,pptx_template.vis_08.pptx,,,,1,,,,D,,,,#ff7f0e,,,,--,,,,2,,,,300,,,,6,,,,60,,,,5,,,,60,,,,,,,,TRUE,,,,TRUE,,,,TRUE,,,,1/1/2021,12,,,,10,,,,#d9d9d9,,,,16,,,,0.3,,,,bold,,,,13.33,,,,60,,,,#1f77b4,,,,-,,,,2,,,,5/1/2021,,,,cohort,,,,,,,,,FALSE,,,,0,Time,,,,0,,,,count,,,,1,,,,,,,,Facility Census,,,,fiscal
N,vis_08,vis_08,adf,adf.as.m.55plus,as.male.55plus,Administrative Segregation Male 55+,"((((custody_class.str.contains('AS', na=False)) | custody_class.isin(['AS/KS', 'S3 AS/KS', 'S3- AS/KS'])) & (housing != 'S2')) & (sex == 'M')) & (age_bracket == 'adult 55+')",adf,as.m.55plus,,,,,,,,,,,,,,,,,,,,,,,,,,,,,,,,,,,,,,,,,,,,,,,,,,,,,,,,,,,,,,,,,,,,,,,,,#d62728,,,,,,,,1,,,,week,,,,0.2,,,,,,,,#1f77b4,,,,--,,,,1.25,,,,TRUE,,,,#000000,,,,:,,,,1.5,,,,#000000,,,,--,,,,1.5,,,,0.85,,,,,,,,,,,,subtract,,,,,,,,LC ADF,300,,,,FALSE,,,,1,12/31/2025,,,,,,,,,,,,,,,,,,,,,TRUE,,,,,,,,,,,,6,,,,14,,,,Segoe UI,,,,ols,,,,,,,,TRUE,,,,TRUE,,,,9,,,,10,,,,1,,,,,,,,4,,,,0.8,,,,,,,,,,,,,,,,,,,,,,,,,,,,,,,,,,,,,,,,vis_08_title,,,,vis_08_title,,,,vis_08_legend,,,,vis_08_legend,,,,vis_08_parameters,,,,vis_08_param,,,,vis_08_peak_projection_table,,,,vis_08_peak_projection_table,,,,vis_08__,,,,vis_08_image,,,,vis_08_projection_table,,,,vis_08_projection_table,,,,vis_08_peak_point,,,,vis_08_peak_point,,,,group1,,,,1,,,,pptx_template.vis_08.pptx,,,,1,,,,D,,,,#ff7f0e,,,,--,,,,2,,,,300,,,,6,,,,60,,,,5,,,,60,,,,,,,,TRUE,,,,TRUE,,,,TRUE,,,,1/1/2021,12,,,,10,,,,#d9d9d9,,,,16,,,,0.3,,,,bold,,,,13.33,,,,60,,,,#1f77b4,,,,-,,,,2,,,,5/1/2021,,,,cohort,,,,,,,,,FALSE,,,,0,Time,,,,0,,,,count,,,,1,,,,,,,,Facility Census,,,,fiscal
N,vis_08,vis_08,adf,adf.as.m.ch_high,as.male.chronic_high,Administrative Segregation Male Highly Severe Chronic Health Condition,"((((custody_class.str.contains('AS', na=False)) | custody_class.isin(['AS/KS', 'S3 AS/KS', 'S3- AS/KS'])) & (housing != 'S2')) & (sex == 'M')) & (chronic_status == 'HIGH')",adf,as.m.ch_high,,,,,,,,,,,,,,,,,,,,,,,,,,,,,,,,,,,,,,,,,,,,,,,,,,,,,,,,,,,,,,,,,,,,,,,,,#d62728,,,,,,,,1,,,,week,,,,0.2,,,,,,,,#1f77b4,,,,--,,,,1.25,,,,TRUE,,,,#000000,,,,:,,,,1.5,,,,#000000,,,,--,,,,1.5,,,,0.85,,,,,,,,,,,,subtract,,,,,,,,LC ADF,300,,,,FALSE,,,,1,12/31/2025,,,,,,,,,,,,,,,,,,,,,TRUE,,,,,,,,,,,,6,,,,14,,,,Segoe UI,,,,ols,,,,,,,,TRUE,,,,TRUE,,,,9,,,,10,,,,1,,,,,,,,4,,,,0.8,,,,,,,,,,,,,,,,,,,,,,,,,,,,,,,,,,,,,,,,vis_08_title,,,,vis_08_title,,,,vis_08_legend,,,,vis_08_legend,,,,vis_08_parameters,,,,vis_08_param,,,,vis_08_peak_projection_table,,,,vis_08_peak_projection_table,,,,vis_08__,,,,vis_08_image,,,,vis_08_projection_table,,,,vis_08_projection_table,,,,vis_08_peak_point,,,,vis_08_peak_point,,,,group1,,,,1,,,,pptx_template.vis_08.pptx,,,,1,,,,D,,,,#ff7f0e,,,,--,,,,2,,,,300,,,,6,,,,60,,,,5,,,,60,,,,,,,,TRUE,,,,TRUE,,,,TRUE,,,,1/1/2021,12,,,,10,,,,#d9d9d9,,,,16,,,,0.3,,,,bold,,,,13.33,,,,60,,,,#1f77b4,,,,-,,,,2,,,,5/1/2021,,,,cohort,,,,,,,,,FALSE,,,,0,Time,,,,0,,,,count,,,,1,,,,,,,,Facility Census,,,,fiscal
N,vis_08,vis_08,adf,adf.as.m.ch_low_mod_no,as.male.chronic_low_moderate_no_chronic,Administrative Segregation Male Low/Moderate/No Chronic Health Condition,"((((custody_class.str.contains('AS', na=False)) | custody_class.isin(['AS/KS', 'S3 AS/KS', 'S3- AS/KS'])) & (housing != 'S2')) & (sex == 'M')) & (chronic_status .isin(['LOW','MODERATE','NO CHRONIC CONDITION']))",adf,as.m.ch_low_mod_no,,,,,,,,,,,,,,,,,,,,,,,,,,,,,,,,,,,,,,,,,,,,,,,,,,,,,,,,,,,,,,,,,,,,,,,,,#d62728,,,,,,,,1,,,,week,,,,0.2,,,,,,,,#1f77b4,,,,--,,,,1.25,,,,TRUE,,,,#000000,,,,:,,,,1.5,,,,#000000,,,,--,,,,1.5,,,,0.85,,,,,,,,,,,,subtract,,,,,,,,LC ADF,300,,,,FALSE,,,,1,12/31/2025,,,,,,,,,,,,,,,,,,,,,TRUE,,,,,,,,,,,,6,,,,14,,,,Segoe UI,,,,ols,,,,,,,,TRUE,,,,TRUE,,,,9,,,,10,,,,1,,,,,,,,4,,,,0.8,,,,,,,,,,,,,,,,,,,,,,,,,,,,,,,,,,,,,,,,vis_08_title,,,,vis_08_title,,,,vis_08_legend,,,,vis_08_legend,,,,vis_08_parameters,,,,vis_08_param,,,,vis_08_peak_projection_table,,,,vis_08_peak_projection_table,,,,vis_08__,,,,vis_08_image,,,,vis_08_projection_table,,,,vis_08_projection_table,,,,vis_08_peak_point,,,,vis_08_peak_point,,,,group1,,,,1,,,,pptx_template.vis_08.pptx,,,,1,,,,D,,,,#ff7f0e,,,,--,,,,2,,,,300,,,,6,,,,60,,,,5,,,,60,,,,,,,,TRUE,,,,TRUE,,,,TRUE,,,,1/1/2021,12,,,,10,,,,#d9d9d9,,,,16,,,,0.3,,,,bold,,,,13.33,,,,60,,,,#1f77b4,,,,-,,,,2,,,,5/1/2021,,,,cohort,,,,,,,,,FALSE,,,,0,Time,,,,0,,,,count,,,,1,,,,,,,,Facility Census,,,,fiscal
N,vis_08,vis_08,adf,adf.as.m.u55,as.male.u55,Administrative Segregation Male Under 55,"((((custody_class.str.contains('AS', na=False)) | custody_class.isin(['AS/KS', 'S3 AS/KS', 'S3- AS/KS'])) & (housing != 'S2')) & (sex == 'M')) & (age_bracket == 'adult under 55')",adf,as.m.u55,,,,,,,,,,,,,,,,,,,,,,,,,,,,,,,,,,,,,,,,,,,,,,,,,,,,,,,,,,,,,,,,,,,,,,,,,#d62728,,,,,,,,1,,,,week,,,,0.2,,,,,,,,#1f77b4,,,,--,,,,1.25,,,,TRUE,,,,#000000,,,,:,,,,1.5,,,,#000000,,,,--,,,,1.5,,,,0.85,,,,,,,,,,,,subtract,,,,,,,,LC ADF,300,,,,FALSE,,,,1,12/31/2025,,,,,,,,,,,,,,,,,,,,,TRUE,,,,,,,,,,,,6,,,,14,,,,Segoe UI,,,,ols,,,,,,,,TRUE,,,,TRUE,,,,9,,,,10,,,,1,,,,,,,,4,,,,0.8,,,,,,,,,,,,,,,,,,,,,,,,,,,,,,,,,,,,,,,,vis_08_title,,,,vis_08_title,,,,vis_08_legend,,,,vis_08_legend,,,,vis_08_parameters,,,,vis_08_param,,,,vis_08_peak_projection_table,,,,vis_08_peak_projection_table,,,,vis_08__,,,,vis_08_image,,,,vis_08_projection_table,,,,vis_08_projection_table,,,,vis_08_peak_point,,,,vis_08_peak_point,,,,group1,,,,1,,,,pptx_template.vis_08.pptx,,,,1,,,,D,,,,#ff7f0e,,,,--,,,,2,,,,300,,,,6,,,,60,,,,5,,,,60,,,,,,,,TRUE,,,,TRUE,,,,TRUE,,,,1/1/2021,12,,,,10,,,,#d9d9d9,,,,16,,,,0.3,,,,bold,,,,13.33,,,,60,,,,#1f77b4,,,,-,,,,2,,,,5/1/2021,,,,cohort,,,,,,,,,FALSE,,,,0,Time,,,,0,,,,count,,,,1,,,,,,,,Facility Census,,,,fiscal
N,vis_08,vis_08,adf,adf.as.u55,as.u55,Administrative Segregation Under 55,"(((custody_class.str.contains('AS', na=False)) | custody_class.isin(['AS/KS', 'S3 AS/KS', 'S3- AS/KS'])) & (housing != 'S2')) & (age_bracket == 'adult under 55')",adf,as.u55,,,,,,,,,,,,,,,,,,,,,,,,,,,,,,,,,,,,,,,,,,,,,,,,,,,,,,,,,,,,,,,,,,,,,,,,,#d62728,,,,,,,,1,,,,week,,,,0.2,,,,,,,,#1f77b4,,,,--,,,,1.25,,,,TRUE,,,,#000000,,,,:,,,,1.5,,,,#000000,,,,--,,,,1.5,,,,0.85,,,,,,,,,,,,subtract,,,,,,,,LC ADF,300,,,,FALSE,,,,1,12/31/2025,,,,,,,,,,,,,,,,,,,,,TRUE,,,,,,,,,,,,6,,,,14,,,,Segoe UI,,,,ols,,,,,,,,TRUE,,,,TRUE,,,,9,,,,10,,,,1,,,,,,,,4,,,,0.8,,,,,,,,,,,,,,,,,,,,,,,,,,,,,,,,,,,,,,,,vis_08_title,,,,vis_08_title,,,,vis_08_legend,,,,vis_08_legend,,,,vis_08_parameters,,,,vis_08_param,,,,vis_08_peak_projection_table,,,,vis_08_peak_projection_table,,,,vis_08__,,,,vis_08_image,,,,vis_08_projection_table,,,,vis_08_projection_table,,,,vis_08_peak_point,,,,vis_08_peak_point,,,,group1,,,,1,,,,pptx_template.vis_08.pptx,,,,1,,,,D,,,,#ff7f0e,,,,--,,,,2,,,,300,,,,6,,,,60,,,,5,,,,60,,,,,,,,TRUE,,,,TRUE,,,,TRUE,,,,1/1/2021,12,,,,10,,,,#d9d9d9,,,,16,,,,0.3,,,,bold,,,,13.33,,,,60,,,,#1f77b4,,,,-,,,,2,,,,5/1/2021,,,,cohort,,,,,,,,,FALSE,,,,0,Time,,,,0,,,,count,,,,1,,,,,,,,Facility Census,,,,fiscal
N,vis_08,vis_08,adf,adf.clos,close,Close Custody,"(custody_class.isin(['CLOS', 'CLO']))",adf,clos,,,,,,,,,,,,,,,,,,,,,,,,,,,,,,,,,,,,,,,,,,,,,,,,,,,,,,,,,,,,,,,,,,,,,,,,,#d62728,,,,,,,,1,,,,week,,,,0.2,,,,,,,,#1f77b4,,,,--,,,,1.25,,,,TRUE,,,,#000000,,,,:,,,,1.5,,,,#000000,,,,--,,,,1.5,,,,0.85,,,,,,,,,,,,subtract,,,,,,,,LC ADF,300,,,,FALSE,,,,1,12/31/2025,,,,,,,,,,,,,,,,,,,,,TRUE,,,,,,,,,,,,6,,,,14,,,,Segoe UI,,,,ols,,,,,,,,TRUE,,,,TRUE,,,,9,,,,10,,,,1,,,,,,,,4,,,,0.8,,,,,,,,,,,,,,,,,,,,,,,,,,,,,,,,,,,,,,,,vis_08_title,,,,vis_08_title,,,,vis_08_legend,,,,vis_08_legend,,,,vis_08_parameters,,,,vis_08_param,,,,vis_08_peak_projection_table,,,,vis_08_peak_projection_table,,,,vis_08__,,,,vis_08_image,,,,vis_08_projection_table,,,,vis_08_projection_table,,,,vis_08_peak_point,,,,vis_08_peak_point,,,,group1,,,,1,,,,pptx_template.vis_08.pptx,,,,1,,,,D,,,,#ff7f0e,,,,--,,,,2,,,,300,,,,6,,,,60,,,,5,,,,60,,,,,,,,TRUE,,,,TRUE,,,,TRUE,,,,1/1/2021,12,,,,10,,,,#d9d9d9,,,,16,,,,0.3,,,,bold,,,,13.33,,,,60,,,,#1f77b4,,,,-,,,,2,,,,5/1/2021,,,,cohort,,,,,,,,,FALSE,,,,0,Time,,,,0,,,,count,,,,1,,,,,,,,Facility Census,,,,fiscal
N,vis_08,vis_08,adf,adf.clos.55plus,close.55plus,Close Custody 55+,"((custody_class.isin(['CLOS', 'CLO']))) & (age_bracket == 'adult 55+')",adf,clos.55plus,,,,,,,,,,,,,,,,,,,,,,,,,,,,,,,,,,,,,,,,,,,,,,,,,,,,,,,,,,,,,,,,,,,,,,,,,#d62728,,,,,,,,1,,,,week,,,,0.2,,,,,,,,#1f77b4,,,,--,,,,1.25,,,,TRUE,,,,#000000,,,,:,,,,1.5,,,,#000000,,,,--,,,,1.5,,,,0.85,,,,,,,,,,,,subtract,,,,,,,,LC ADF,300,,,,FALSE,,,,1,12/31/2025,,,,,,,,,,,,,,,,,,,,,TRUE,,,,,,,,,,,,6,,,,14,,,,Segoe UI,,,,ols,,,,,,,,TRUE,,,,TRUE,,,,9,,,,10,,,,1,,,,,,,,4,,,,0.8,,,,,,,,,,,,,,,,,,,,,,,,,,,,,,,,,,,,,,,,vis_08_title,,,,vis_08_title,,,,vis_08_legend,,,,vis_08_legend,,,,vis_08_parameters,,,,vis_08_param,,,,vis_08_peak_projection_table,,,,vis_08_peak_projection_table,,,,vis_08__,,,,vis_08_image,,,,vis_08_projection_table,,,,vis_08_projection_table,,,,vis_08_peak_point,,,,vis_08_peak_point,,,,group1,,,,1,,,,pptx_template.vis_08.pptx,,,,1,,,,D,,,,#ff7f0e,,,,--,,,,2,,,,300,,,,6,,,,60,,,,5,,,,60,,,,,,,,TRUE,,,,TRUE,,,,TRUE,,,,1/1/2021,12,,,,10,,,,#d9d9d9,,,,16,,,,0.3,,,,bold,,,,13.33,,,,60,,,,#1f77b4,,,,-,,,,2,,,,5/1/2021,,,,cohort,,,,,,,,,FALSE,,,,0,Time,,,,0,,,,count,,,,1,,,,,,,,Facility Census,,,,fiscal
N,vis_08,vis_08,adf,adf.clos.ch_high,close.chronic_high,Close Custody Highly Severe Chronic Health Condition,"((custody_class.isin(['CLOS', 'CLO']))) & (chronic_status == 'HIGH')",adf,clos.ch_high,,,,,,,,,,,,,,,,,,,,,,,,,,,,,,,,,,,,,,,,,,,,,,,,,,,,,,,,,,,,,,,,,,,,,,,,,#d62728,,,,,,,,1,,,,week,,,,0.2,,,,,,,,#1f77b4,,,,--,,,,1.25,,,,TRUE,,,,#000000,,,,:,,,,1.5,,,,#000000,,,,--,,,,1.5,,,,0.85,,,,,,,,,,,,subtract,,,,,,,,LC ADF,300,,,,FALSE,,,,1,12/31/2025,,,,,,,,,,,,,,,,,,,,,TRUE,,,,,,,,,,,,6,,,,14,,,,Segoe UI,,,,ols,,,,,,,,TRUE,,,,TRUE,,,,9,,,,10,,,,1,,,,,,,,4,,,,0.8,,,,,,,,,,,,,,,,,,,,,,,,,,,,,,,,,,,,,,,,vis_08_title,,,,vis_08_title,,,,vis_08_legend,,,,vis_08_legend,,,,vis_08_parameters,,,,vis_08_param,,,,vis_08_peak_projection_table,,,,vis_08_peak_projection_table,,,,vis_08__,,,,vis_08_image,,,,vis_08_projection_table,,,,vis_08_projection_table,,,,vis_08_peak_point,,,,vis_08_peak_point,,,,group1,,,,1,,,,pptx_template.vis_08.pptx,,,,1,,,,D,,,,#ff7f0e,,,,--,,,,2,,,,300,,,,6,,,,60,,,,5,,,,60,,,,,,,,TRUE,,,,TRUE,,,,TRUE,,,,1/1/2021,12,,,,10,,,,#d9d9d9,,,,16,,,,0.3,,,,bold,,,,13.33,,,,60,,,,#1f77b4,,,,-,,,,2,,,,5/1/2021,,,,cohort,,,,,,,,,FALSE,,,,0,Time,,,,0,,,,count,,,,1,,,,,,,,Facility Census,,,,fiscal
N,vis_08,vis_08,adf,adf.clos.ch_low_mod_no,close.chronic_low_moderate_no_chronic,Close Custody Low/Moderate/No Chronic Health Condition,"((custody_class.isin(['CLOS', 'CLO']))) & (chronic_status .isin(['LOW','MODERATE','NO CHRONIC CONDITION']))",adf,clos.ch_low_mod_no,,,,,,,,,,,,,,,,,,,,,,,,,,,,,,,,,,,,,,,,,,,,,,,,,,,,,,,,,,,,,,,,,,,,,,,,,#d62728,,,,,,,,1,,,,week,,,,0.2,,,,,,,,#1f77b4,,,,--,,,,1.25,,,,TRUE,,,,#000000,,,,:,,,,1.5,,,,#000000,,,,--,,,,1.5,,,,0.85,,,,,,,,,,,,subtract,,,,,,,,LC ADF,300,,,,FALSE,,,,1,12/31/2025,,,,,,,,,,,,,,,,,,,,,TRUE,,,,,,,,,,,,6,,,,14,,,,Segoe UI,,,,ols,,,,,,,,TRUE,,,,TRUE,,,,9,,,,10,,,,1,,,,,,,,4,,,,0.8,,,,,,,,,,,,,,,,,,,,,,,,,,,,,,,,,,,,,,,,vis_08_title,,,,vis_08_title,,,,vis_08_legend,,,,vis_08_legend,,,,vis_08_parameters,,,,vis_08_param,,,,vis_08_peak_projection_table,,,,vis_08_peak_projection_table,,,,vis_08__,,,,vis_08_image,,,,vis_08_projection_table,,,,vis_08_projection_table,,,,vis_08_peak_point,,,,vis_08_peak_point,,,,group1,,,,1,,,,pptx_template.vis_08.pptx,,,,1,,,,D,,,,#ff7f0e,,,,--,,,,2,,,,300,,,,6,,,,60,,,,5,,,,60,,,,,,,,TRUE,,,,TRUE,,,,TRUE,,,,1/1/2021,12,,,,10,,,,#d9d9d9,,,,16,,,,0.3,,,,bold,,,,13.33,,,,60,,,,#1f77b4,,,,-,,,,2,,,,5/1/2021,,,,cohort,,,,,,,,,FALSE,,,,0,Time,,,,0,,,,count,,,,1,,,,,,,,Facility Census,,,,fiscal
N,vis_08,vis_08,adf,adf.clos.f,close.female,Close Custody Female,"((custody_class.isin(['CLOS', 'CLO']))) & (sex == 'F')",adf,clos.f,,,,,,,,,,,,,,,,,,,,,,,,,,,,,,,,,,,,,,,,,,,,,,,,,,,,,,,,,,,,,,,,,,,,,,,,,#d62728,,,,,,,,1,,,,week,,,,0.2,,,,,,,,#1f77b4,,,,--,,,,1.25,,,,TRUE,,,,#000000,,,,:,,,,1.5,,,,#000000,,,,--,,,,1.5,,,,0.85,,,,,,,,,,,,subtract,,,,,,,,LC ADF,300,,,,FALSE,,,,1,12/31/2025,,,,,,,,,,,,,,,,,,,,,TRUE,,,,,,,,,,,,6,,,,14,,,,Segoe UI,,,,ols,,,,,,,,TRUE,,,,TRUE,,,,9,,,,10,,,,1,,,,,,,,4,,,,0.8,,,,,,,,,,,,,,,,,,,,,,,,,,,,,,,,,,,,,,,,vis_08_title,,,,vis_08_title,,,,vis_08_legend,,,,vis_08_legend,,,,vis_08_parameters,,,,vis_08_param,,,,vis_08_peak_projection_table,,,,vis_08_peak_projection_table,,,,vis_08__,,,,vis_08_image,,,,vis_08_projection_table,,,,vis_08_projection_table,,,,vis_08_peak_point,,,,vis_08_peak_point,,,,group1,,,,1,,,,pptx_template.vis_08.pptx,,,,1,,,,D,,,,#ff7f0e,,,,--,,,,2,,,,300,,,,6,,,,60,,,,5,,,,60,,,,,,,,TRUE,,,,TRUE,,,,TRUE,,,,1/1/2021,12,,,,10,,,,#d9d9d9,,,,16,,,,0.3,,,,bold,,,,13.33,,,,60,,,,#1f77b4,,,,-,,,,2,,,,5/1/2021,,,,cohort,,,,,,,,,FALSE,,,,0,Time,,,,0,,,,count,,,,1,,,,,,,,Facility Census,,,,fiscal
N,vis_08,vis_08,adf,adf.clos.f.55plus,close.female.55plus,Close Custody Female 55+,"(((custody_class.isin(['CLOS', 'CLO']))) & (sex == 'F')) & (age_bracket == 'adult 55+')",adf,clos.f.55plus,,,,,,,,,,,,,,,,,,,,,,,,,,,,,,,,,,,,,,,,,,,,,,,,,,,,,,,,,,,,,,,,,,,,,,,,,#d62728,,,,,,,,1,,,,week,,,,0.2,,,,,,,,#1f77b4,,,,--,,,,1.25,,,,TRUE,,,,#000000,,,,:,,,,1.5,,,,#000000,,,,--,,,,1.5,,,,0.85,,,,,,,,,,,,subtract,,,,,,,,LC ADF,300,,,,FALSE,,,,1,12/31/2025,,,,,,,,,,,,,,,,,,,,,TRUE,,,,,,,,,,,,6,,,,14,,,,Segoe UI,,,,ols,,,,,,,,TRUE,,,,TRUE,,,,9,,,,10,,,,1,,,,,,,,4,,,,0.8,,,,,,,,,,,,,,,,,,,,,,,,,,,,,,,,,,,,,,,,vis_08_title,,,,vis_08_title,,,,vis_08_legend,,,,vis_08_legend,,,,vis_08_parameters,,,,vis_08_param,,,,vis_08_peak_projection_table,,,,vis_08_peak_projection_table,,,,vis_08__,,,,vis_08_image,,,,vis_08_projection_table,,,,vis_08_projection_table,,,,vis_08_peak_point,,,,vis_08_peak_point,,,,group1,,,,1,,,,pptx_template.vis_08.pptx,,,,1,,,,D,,,,#ff7f0e,,,,--,,,,2,,,,300,,,,6,,,,60,,,,5,,,,60,,,,,,,,TRUE,,,,TRUE,,,,TRUE,,,,1/1/2021,12,,,,10,,,,#d9d9d9,,,,16,,,,0.3,,,,bold,,,,13.33,,,,60,,,,#1f77b4,,,,-,,,,2,,,,5/1/2021,,,,cohort,,,,,,,,,FALSE,,,,0,Time,,,,0,,,,count,,,,1,,,,,,,,Facility Census,,,,fiscal
N,vis_08,vis_08,adf,adf.clos.f.ch_high,close.female.chronic_high,Close Custody Female Highly Severe Chronic Health Condition,"(((custody_class.isin(['CLOS', 'CLO']))) & (sex == 'F')) & (chronic_status == 'HIGH')",adf,clos.f.ch_high,,,,,,,,,,,,,,,,,,,,,,,,,,,,,,,,,,,,,,,,,,,,,,,,,,,,,,,,,,,,,,,,,,,,,,,,,#d62728,,,,,,,,1,,,,week,,,,0.2,,,,,,,,#1f77b4,,,,--,,,,1.25,,,,TRUE,,,,#000000,,,,:,,,,1.5,,,,#000000,,,,--,,,,1.5,,,,0.85,,,,,,,,,,,,subtract,,,,,,,,LC ADF,300,,,,FALSE,,,,1,12/31/2025,,,,,,,,,,,,,,,,,,,,,TRUE,,,,,,,,,,,,6,,,,14,,,,Segoe UI,,,,ols,,,,,,,,TRUE,,,,TRUE,,,,9,,,,10,,,,1,,,,,,,,4,,,,0.8,,,,,,,,,,,,,,,,,,,,,,,,,,,,,,,,,,,,,,,,vis_08_title,,,,vis_08_title,,,,vis_08_legend,,,,vis_08_legend,,,,vis_08_parameters,,,,vis_08_param,,,,vis_08_peak_projection_table,,,,vis_08_peak_projection_table,,,,vis_08__,,,,vis_08_image,,,,vis_08_projection_table,,,,vis_08_projection_table,,,,vis_08_peak_point,,,,vis_08_peak_point,,,,group1,,,,1,,,,pptx_template.vis_08.pptx,,,,1,,,,D,,,,#ff7f0e,,,,--,,,,2,,,,300,,,,6,,,,60,,,,5,,,,60,,,,,,,,TRUE,,,,TRUE,,,,TRUE,,,,1/1/2021,12,,,,10,,,,#d9d9d9,,,,16,,,,0.3,,,,bold,,,,13.33,,,,60,,,,#1f77b4,,,,-,,,,2,,,,5/1/2021,,,,cohort,,,,,,,,,FALSE,,,,0,Time,,,,0,,,,count,,,,1,,,,,,,,Facility Census,,,,fiscal
N,vis_08,vis_08,adf,adf.clos.f.ch_low_mod_no,close.female.chronic_low_moderate_no_chronic,Close Custody Female Low/Moderate/No Chronic Health Condition,"(((custody_class.isin(['CLOS', 'CLO']))) & (sex == 'F')) & (chronic_status .isin(['LOW','MODERATE','NO CHRONIC CONDITION']))",adf,clos.f.ch_low_mod_no,,,,,,,,,,,,,,,,,,,,,,,,,,,,,,,,,,,,,,,,,,,,,,,,,,,,,,,,,,,,,,,,,,,,,,,,,#d62728,,,,,,,,1,,,,week,,,,0.2,,,,,,,,#1f77b4,,,,--,,,,1.25,,,,TRUE,,,,#000000,,,,:,,,,1.5,,,,#000000,,,,--,,,,1.5,,,,0.85,,,,,,,,,,,,subtract,,,,,,,,LC ADF,300,,,,FALSE,,,,1,12/31/2025,,,,,,,,,,,,,,,,,,,,,TRUE,,,,,,,,,,,,6,,,,14,,,,Segoe UI,,,,ols,,,,,,,,TRUE,,,,TRUE,,,,9,,,,10,,,,1,,,,,,,,4,,,,0.8,,,,,,,,,,,,,,,,,,,,,,,,,,,,,,,,,,,,,,,,vis_08_title,,,,vis_08_title,,,,vis_08_legend,,,,vis_08_legend,,,,vis_08_parameters,,,,vis_08_param,,,,vis_08_peak_projection_table,,,,vis_08_peak_projection_table,,,,vis_08__,,,,vis_08_image,,,,vis_08_projection_table,,,,vis_08_projection_table,,,,vis_08_peak_point,,,,vis_08_peak_point,,,,group1,,,,1,,,,pptx_template.vis_08.pptx,,,,1,,,,D,,,,#ff7f0e,,,,--,,,,2,,,,300,,,,6,,,,60,,,,5,,,,60,,,,,,,,TRUE,,,,TRUE,,,,TRUE,,,,1/1/2021,12,,,,10,,,,#d9d9d9,,,,16,,,,0.3,,,,bold,,,,13.33,,,,60,,,,#1f77b4,,,,-,,,,2,,,,5/1/2021,,,,cohort,,,,,,,,,FALSE,,,,0,Time,,,,0,,,,count,,,,1,,,,,,,,Facility Census,,,,fiscal
N,vis_08,vis_08,adf,adf.clos.f.u55,close.female.u55,Close Custody Female Under 55,"(((custody_class.isin(['CLOS', 'CLO']))) & (sex == 'F')) & (age_bracket == 'adult under 55')",adf,clos.f.u55,,,,,,,,,,,,,,,,,,,,,,,,,,,,,,,,,,,,,,,,,,,,,,,,,,,,,,,,,,,,,,,,,,,,,,,,,#d62728,,,,,,,,1,,,,week,,,,0.2,,,,,,,,#1f77b4,,,,--,,,,1.25,,,,TRUE,,,,#000000,,,,:,,,,1.5,,,,#000000,,,,--,,,,1.5,,,,0.85,,,,,,,,,,,,subtract,,,,,,,,LC ADF,300,,,,FALSE,,,,1,12/31/2025,,,,,,,,,,,,,,,,,,,,,TRUE,,,,,,,,,,,,6,,,,14,,,,Segoe UI,,,,ols,,,,,,,,TRUE,,,,TRUE,,,,9,,,,10,,,,1,,,,,,,,4,,,,0.8,,,,,,,,,,,,,,,,,,,,,,,,,,,,,,,,,,,,,,,,vis_08_title,,,,vis_08_title,,,,vis_08_legend,,,,vis_08_legend,,,,vis_08_parameters,,,,vis_08_param,,,,vis_08_peak_projection_table,,,,vis_08_peak_projection_table,,,,vis_08__,,,,vis_08_image,,,,vis_08_projection_table,,,,vis_08_projection_table,,,,vis_08_peak_point,,,,vis_08_peak_point,,,,group1,,,,1,,,,pptx_template.vis_08.pptx,,,,1,,,,D,,,,#ff7f0e,,,,--,,,,2,,,,300,,,,6,,,,60,,,,5,,,,60,,,,,,,,TRUE,,,,TRUE,,,,TRUE,,,,1/1/2021,12,,,,10,,,,#d9d9d9,,,,16,,,,0.3,,,,bold,,,,13.33,,,,60,,,,#1f77b4,,,,-,,,,2,,,,5/1/2021,,,,cohort,,,,,,,,,FALSE,,,,0,Time,,,,0,,,,count,,,,1,,,,,,,,Facility Census,,,,fiscal
N,vis_08,vis_08,adf,adf.clos.m,close.male,Close Custody Male,"((custody_class.isin(['CLOS', 'CLO']))) & (sex == 'M')",adf,clos.m,,,,,,,,,,,,,,,,,,,,,,,,,,,,,,,,,,,,,,,,,,,,,,,,,,,,,,,,,,,,,,,,,,,,,,,,,#d62728,,,,,,,,1,,,,week,,,,0.2,,,,,,,,#1f77b4,,,,--,,,,1.25,,,,TRUE,,,,#000000,,,,:,,,,1.5,,,,#000000,,,,--,,,,1.5,,,,0.85,,,,,,,,,,,,subtract,,,,,,,,LC ADF,300,,,,FALSE,,,,1,12/31/2025,,,,,,,,,,,,,,,,,,,,,TRUE,,,,,,,,,,,,6,,,,14,,,,Segoe UI,,,,ols,,,,,,,,TRUE,,,,TRUE,,,,9,,,,10,,,,1,,,,,,,,4,,,,0.8,,,,,,,,,,,,,,,,,,,,,,,,,,,,,,,,,,,,,,,,vis_08_title,,,,vis_08_title,,,,vis_08_legend,,,,vis_08_legend,,,,vis_08_parameters,,,,vis_08_param,,,,vis_08_peak_projection_table,,,,vis_08_peak_projection_table,,,,vis_08__,,,,vis_08_image,,,,vis_08_projection_table,,,,vis_08_projection_table,,,,vis_08_peak_point,,,,vis_08_peak_point,,,,group1,,,,1,,,,pptx_template.vis_08.pptx,,,,1,,,,D,,,,#ff7f0e,,,,--,,,,2,,,,300,,,,6,,,,60,,,,5,,,,60,,,,,,,,TRUE,,,,TRUE,,,,TRUE,,,,1/1/2021,12,,,,10,,,,#d9d9d9,,,,16,,,,0.3,,,,bold,,,,13.33,,,,60,,,,#1f77b4,,,,-,,,,2,,,,5/1/2021,,,,cohort,,,,,,,,,FALSE,,,,0,Time,,,,0,,,,count,,,,1,,,,,,,,Facility Census,,,,fiscal
N,vis_08,vis_08,adf,adf.clos.m.55plus,close.male.55plus,Close Custody Male 55+,"(((custody_class.isin(['CLOS', 'CLO']))) & (sex == 'M')) & (age_bracket == 'adult 55+')",adf,clos.m.55plus,,,,,,,,,,,,,,,,,,,,,,,,,,,,,,,,,,,,,,,,,,,,,,,,,,,,,,,,,,,,,,,,,,,,,,,,,#d62728,,,,,,,,1,,,,week,,,,0.2,,,,,,,,#1f77b4,,,,--,,,,1.25,,,,TRUE,,,,#000000,,,,:,,,,1.5,,,,#000000,,,,--,,,,1.5,,,,0.85,,,,,,,,,,,,subtract,,,,,,,,LC ADF,300,,,,FALSE,,,,1,12/31/2025,,,,,,,,,,,,,,,,,,,,,TRUE,,,,,,,,,,,,6,,,,14,,,,Segoe UI,,,,ols,,,,,,,,TRUE,,,,TRUE,,,,9,,,,10,,,,1,,,,,,,,4,,,,0.8,,,,,,,,,,,,,,,,,,,,,,,,,,,,,,,,,,,,,,,,vis_08_title,,,,vis_08_title,,,,vis_08_legend,,,,vis_08_legend,,,,vis_08_parameters,,,,vis_08_param,,,,vis_08_peak_projection_table,,,,vis_08_peak_projection_table,,,,vis_08__,,,,vis_08_image,,,,vis_08_projection_table,,,,vis_08_projection_table,,,,vis_08_peak_point,,,,vis_08_peak_point,,,,group1,,,,1,,,,pptx_template.vis_08.pptx,,,,1,,,,D,,,,#ff7f0e,,,,--,,,,2,,,,300,,,,6,,,,60,,,,5,,,,60,,,,,,,,TRUE,,,,TRUE,,,,TRUE,,,,1/1/2021,12,,,,10,,,,#d9d9d9,,,,16,,,,0.3,,,,bold,,,,13.33,,,,60,,,,#1f77b4,,,,-,,,,2,,,,5/1/2021,,,,cohort,,,,,,,,,FALSE,,,,0,Time,,,,0,,,,count,,,,1,,,,,,,,Facility Census,,,,fiscal
N,vis_08,vis_08,adf,adf.clos.m.ch_high,close.male.chronic_high,Close Custody Male Highly Severe Chronic Health Condition,"(((custody_class.isin(['CLOS', 'CLO']))) & (sex == 'M')) & (chronic_status == 'HIGH')",adf,clos.m.ch_high,,,,,,,,,,,,,,,,,,,,,,,,,,,,,,,,,,,,,,,,,,,,,,,,,,,,,,,,,,,,,,,,,,,,,,,,,#d62728,,,,,,,,1,,,,week,,,,0.2,,,,,,,,#1f77b4,,,,--,,,,1.25,,,,TRUE,,,,#000000,,,,:,,,,1.5,,,,#000000,,,,--,,,,1.5,,,,0.85,,,,,,,,,,,,subtract,,,,,,,,LC ADF,300,,,,FALSE,,,,1,12/31/2025,,,,,,,,,,,,,,,,,,,,,TRUE,,,,,,,,,,,,6,,,,14,,,,Segoe UI,,,,ols,,,,,,,,TRUE,,,,TRUE,,,,9,,,,10,,,,1,,,,,,,,4,,,,0.8,,,,,,,,,,,,,,,,,,,,,,,,,,,,,,,,,,,,,,,,vis_08_title,,,,vis_08_title,,,,vis_08_legend,,,,vis_08_legend,,,,vis_08_parameters,,,,vis_08_param,,,,vis_08_peak_projection_table,,,,vis_08_peak_projection_table,,,,vis_08__,,,,vis_08_image,,,,vis_08_projection_table,,,,vis_08_projection_table,,,,vis_08_peak_point,,,,vis_08_peak_point,,,,group1,,,,1,,,,pptx_template.vis_08.pptx,,,,1,,,,D,,,,#ff7f0e,,,,--,,,,2,,,,300,,,,6,,,,60,,,,5,,,,60,,,,,,,,TRUE,,,,TRUE,,,,TRUE,,,,1/1/2021,12,,,,10,,,,#d9d9d9,,,,16,,,,0.3,,,,bold,,,,13.33,,,,60,,,,#1f77b4,,,,-,,,,2,,,,5/1/2021,,,,cohort,,,,,,,,,FALSE,,,,0,Time,,,,0,,,,count,,,,1,,,,,,,,Facility Census,,,,fiscal
N,vis_08,vis_08,adf,adf.clos.m.ch_low_mod_no,close.male.chronic_low_moderate_no_chronic,Close Custody Male Low/Moderate/No Chronic Health Condition,"(((custody_class.isin(['CLOS', 'CLO']))) & (sex == 'M')) & (chronic_status .isin(['LOW','MODERATE','NO CHRONIC CONDITION']))",adf,clos.m.ch_low_mod_no,,,,,,,,,,,,,,,,,,,,,,,,,,,,,,,,,,,,,,,,,,,,,,,,,,,,,,,,,,,,,,,,,,,,,,,,,#d62728,,,,,,,,1,,,,week,,,,0.2,,,,,,,,#1f77b4,,,,--,,,,1.25,,,,TRUE,,,,#000000,,,,:,,,,1.5,,,,#000000,,,,--,,,,1.5,,,,0.85,,,,,,,,,,,,subtract,,,,,,,,LC ADF,300,,,,FALSE,,,,1,12/31/2025,,,,,,,,,,,,,,,,,,,,,TRUE,,,,,,,,,,,,6,,,,14,,,,Segoe UI,,,,ols,,,,,,,,TRUE,,,,TRUE,,,,9,,,,10,,,,1,,,,,,,,4,,,,0.8,,,,,,,,,,,,,,,,,,,,,,,,,,,,,,,,,,,,,,,,vis_08_title,,,,vis_08_title,,,,vis_08_legend,,,,vis_08_legend,,,,vis_08_parameters,,,,vis_08_param,,,,vis_08_peak_projection_table,,,,vis_08_peak_projection_table,,,,vis_08__,,,,vis_08_image,,,,vis_08_projection_table,,,,vis_08_projection_table,,,,vis_08_peak_point,,,,vis_08_peak_point,,,,group1,,,,1,,,,pptx_template.vis_08.pptx,,,,1,,,,D,,,,#ff7f0e,,,,--,,,,2,,,,300,,,,6,,,,60,,,,5,,,,60,,,,,,,,TRUE,,,,TRUE,,,,TRUE,,,,1/1/2021,12,,,,10,,,,#d9d9d9,,,,16,,,,0.3,,,,bold,,,,13.33,,,,60,,,,#1f77b4,,,,-,,,,2,,,,5/1/2021,,,,cohort,,,,,,,,,FALSE,,,,0,Time,,,,0,,,,count,,,,1,,,,,,,,Facility Census,,,,fiscal
N,vis_08,vis_08,adf,adf.clos.m.u55,close.male.u55,Close Custody Male Under 55,"(((custody_class.isin(['CLOS', 'CLO']))) & (sex == 'M')) & (age_bracket == 'adult under 55')",adf,clos.m.u55,,,,,,,,,,,,,,,,,,,,,,,,,,,,,,,,,,,,,,,,,,,,,,,,,,,,,,,,,,,,,,,,,,,,,,,,,#d62728,,,,,,,,1,,,,week,,,,0.2,,,,,,,,#1f77b4,,,,--,,,,1.25,,,,TRUE,,,,#000000,,,,:,,,,1.5,,,,#000000,,,,--,,,,1.5,,,,0.85,,,,,,,,,,,,subtract,,,,,,,,LC ADF,300,,,,FALSE,,,,1,12/31/2025,,,,,,,,,,,,,,,,,,,,,TRUE,,,,,,,,,,,,6,,,,14,,,,Segoe UI,,,,ols,,,,,,,,TRUE,,,,TRUE,,,,9,,,,10,,,,1,,,,,,,,4,,,,0.8,,,,,,,,,,,,,,,,,,,,,,,,,,,,,,,,,,,,,,,,vis_08_title,,,,vis_08_title,,,,vis_08_legend,,,,vis_08_legend,,,,vis_08_parameters,,,,vis_08_param,,,,vis_08_peak_projection_table,,,,vis_08_peak_projection_table,,,,vis_08__,,,,vis_08_image,,,,vis_08_projection_table,,,,vis_08_projection_table,,,,vis_08_peak_point,,,,vis_08_peak_point,,,,group1,,,,1,,,,pptx_template.vis_08.pptx,,,,1,,,,D,,,,#ff7f0e,,,,--,,,,2,,,,300,,,,6,,,,60,,,,5,,,,60,,,,,,,,TRUE,,,,TRUE,,,,TRUE,,,,1/1/2021,12,,,,10,,,,#d9d9d9,,,,16,,,,0.3,,,,bold,,,,13.33,,,,60,,,,#1f77b4,,,,-,,,,2,,,,5/1/2021,,,,cohort,,,,,,,,,FALSE,,,,0,Time,,,,0,,,,count,,,,1,,,,,,,,Facility Census,,,,fiscal
N,vis_08,vis_08,adf,adf.clos.u55,close.u55,Close Custody Under 55,"((custody_class.isin(['CLOS', 'CLO']))) & (age_bracket == 'adult under 55')",adf,clos.u55,,,,,,,,,,,,,,,,,,,,,,,,,,,,,,,,,,,,,,,,,,,,,,,,,,,,,,,,,,,,,,,,,,,,,,,,,#d62728,,,,,,,,1,,,,week,,,,0.2,,,,,,,,#1f77b4,,,,--,,,,1.25,,,,TRUE,,,,#000000,,,,:,,,,1.5,,,,#000000,,,,--,,,,1.5,,,,0.85,,,,,,,,,,,,subtract,,,,,,,,LC ADF,300,,,,FALSE,,,,1,12/31/2025,,,,,,,,,,,,,,,,,,,,,TRUE,,,,,,,,,,,,6,,,,14,,,,Segoe UI,,,,ols,,,,,,,,TRUE,,,,TRUE,,,,9,,,,10,,,,1,,,,,,,,4,,,,0.8,,,,,,,,,,,,,,,,,,,,,,,,,,,,,,,,,,,,,,,,vis_08_title,,,,vis_08_title,,,,vis_08_legend,,,,vis_08_legend,,,,vis_08_parameters,,,,vis_08_param,,,,vis_08_peak_projection_table,,,,vis_08_peak_projection_table,,,,vis_08__,,,,vis_08_image,,,,vis_08_projection_table,,,,vis_08_projection_table,,,,vis_08_peak_point,,,,vis_08_peak_point,,,,group1,,,,1,,,,pptx_template.vis_08.pptx,,,,1,,,,D,,,,#ff7f0e,,,,--,,,,2,,,,300,,,,6,,,,60,,,,5,,,,60,,,,,,,,TRUE,,,,TRUE,,,,TRUE,,,,1/1/2021,12,,,,10,,,,#d9d9d9,,,,16,,,,0.3,,,,bold,,,,13.33,,,,60,,,,#1f77b4,,,,-,,,,2,,,,5/1/2021,,,,cohort,,,,,,,,,FALSE,,,,0,Time,,,,0,,,,count,,,,1,,,,,,,,Facility Census,,,,fiscal
N,vis_08,vis_08,adf,adf.cs,cs,Control Segregation,"(custody_class.str.contains('CS', na=False) | custody_class.isin(['S3-CS', 'S3 (CS)', 'S3 - CS', 'S3-CONTROL SEG', 'S3-CONTROL SEGRE', 'S3 CONT. SEG.', 'CONTROL SEGREGAT', 'G2-CS', 'I POD SUBDAY CS']))",adf,cs,,,,,,,,,,,,,,,,,,,,,,,,,,,,,,,,,,,,,,,,,,,,,,,,,,,,,,,,,,,,,,,,,,,,,,,,,#d62728,,,,,,,,1,,,,week,,,,0.2,,,,,,,,#1f77b4,,,,--,,,,1.25,,,,TRUE,,,,#000000,,,,:,,,,1.5,,,,#000000,,,,--,,,,1.5,,,,0.85,,,,,,,,,,,,subtract,,,,,,,,LC ADF,300,,,,FALSE,,,,1,12/31/2025,,,,,,,,,,,,,,,,,,,,,TRUE,,,,,,,,,,,,6,,,,14,,,,Segoe UI,,,,ols,,,,,,,,TRUE,,,,TRUE,,,,9,,,,10,,,,1,,,,,,,,4,,,,0.8,,,,,,,,,,,,,,,,,,,,,,,,,,,,,,,,,,,,,,,,vis_08_title,,,,vis_08_title,,,,vis_08_legend,,,,vis_08_legend,,,,vis_08_parameters,,,,vis_08_param,,,,vis_08_peak_projection_table,,,,vis_08_peak_projection_table,,,,vis_08__,,,,vis_08_image,,,,vis_08_projection_table,,,,vis_08_projection_table,,,,vis_08_peak_point,,,,vis_08_peak_point,,,,group1,,,,1,,,,pptx_template.vis_08.pptx,,,,1,,,,D,,,,#ff7f0e,,,,--,,,,2,,,,300,,,,6,,,,60,,,,5,,,,60,,,,,,,,TRUE,,,,TRUE,,,,TRUE,,,,1/1/2021,12,,,,10,,,,#d9d9d9,,,,16,,,,0.3,,,,bold,,,,13.33,,,,60,,,,#1f77b4,,,,-,,,,2,,,,5/1/2021,,,,cohort,,,,,,,,,FALSE,,,,0,Time,,,,0,,,,count,,,,1,,,,,,,,Facility Census,,,,fiscal
N,vis_08,vis_08,adf,adf.cs.55plus,cs.55plus,Control Segregation 55+,"((custody_class.str.contains('CS', na=False) | custody_class.isin(['S3-CS', 'S3 (CS)', 'S3 - CS', 'S3-CONTROL SEG', 'S3-CONTROL SEGRE', 'S3 CONT. SEG.', 'CONTROL SEGREGAT', 'G2-CS', 'I POD SUBDAY CS']))) & (age_bracket == 'adult 55+')",adf,cs.55plus,,,,,,,,,,,,,,,,,,,,,,,,,,,,,,,,,,,,,,,,,,,,,,,,,,,,,,,,,,,,,,,,,,,,,,,,,#d62728,,,,,,,,1,,,,week,,,,0.2,,,,,,,,#1f77b4,,,,--,,,,1.25,,,,TRUE,,,,#000000,,,,:,,,,1.5,,,,#000000,,,,--,,,,1.5,,,,0.85,,,,,,,,,,,,subtract,,,,,,,,LC ADF,300,,,,FALSE,,,,1,12/31/2025,,,,,,,,,,,,,,,,,,,,,TRUE,,,,,,,,,,,,6,,,,14,,,,Segoe UI,,,,ols,,,,,,,,TRUE,,,,TRUE,,,,9,,,,10,,,,1,,,,,,,,4,,,,0.8,,,,,,,,,,,,,,,,,,,,,,,,,,,,,,,,,,,,,,,,vis_08_title,,,,vis_08_title,,,,vis_08_legend,,,,vis_08_legend,,,,vis_08_parameters,,,,vis_08_param,,,,vis_08_peak_projection_table,,,,vis_08_peak_projection_table,,,,vis_08__,,,,vis_08_image,,,,vis_08_projection_table,,,,vis_08_projection_table,,,,vis_08_peak_point,,,,vis_08_peak_point,,,,group1,,,,1,,,,pptx_template.vis_08.pptx,,,,1,,,,D,,,,#ff7f0e,,,,--,,,,2,,,,300,,,,6,,,,60,,,,5,,,,60,,,,,,,,TRUE,,,,TRUE,,,,TRUE,,,,1/1/2021,12,,,,10,,,,#d9d9d9,,,,16,,,,0.3,,,,bold,,,,13.33,,,,60,,,,#1f77b4,,,,-,,,,2,,,,5/1/2021,,,,cohort,,,,,,,,,FALSE,,,,0,Time,,,,0,,,,count,,,,1,,,,,,,,Facility Census,,,,fiscal
N,vis_08,vis_08,adf,adf.cs.ch_high,cs.chronic_high,Control Segregation Highly Severe Chronic Health Condition,"((custody_class.str.contains('CS', na=False) | custody_class.isin(['S3-CS', 'S3 (CS)', 'S3 - CS', 'S3-CONTROL SEG', 'S3-CONTROL SEGRE', 'S3 CONT. SEG.', 'CONTROL SEGREGAT', 'G2-CS', 'I POD SUBDAY CS']))) & (chronic_status == 'HIGH')",adf,cs.ch_high,,,,,,,,,,,,,,,,,,,,,,,,,,,,,,,,,,,,,,,,,,,,,,,,,,,,,,,,,,,,,,,,,,,,,,,,,#d62728,,,,,,,,1,,,,week,,,,0.2,,,,,,,,#1f77b4,,,,--,,,,1.25,,,,TRUE,,,,#000000,,,,:,,,,1.5,,,,#000000,,,,--,,,,1.5,,,,0.85,,,,,,,,,,,,subtract,,,,,,,,LC ADF,300,,,,FALSE,,,,1,12/31/2025,,,,,,,,,,,,,,,,,,,,,TRUE,,,,,,,,,,,,6,,,,14,,,,Segoe UI,,,,ols,,,,,,,,TRUE,,,,TRUE,,,,9,,,,10,,,,1,,,,,,,,4,,,,0.8,,,,,,,,,,,,,,,,,,,,,,,,,,,,,,,,,,,,,,,,vis_08_title,,,,vis_08_title,,,,vis_08_legend,,,,vis_08_legend,,,,vis_08_parameters,,,,vis_08_param,,,,vis_08_peak_projection_table,,,,vis_08_peak_projection_table,,,,vis_08__,,,,vis_08_image,,,,vis_08_projection_table,,,,vis_08_projection_table,,,,vis_08_peak_point,,,,vis_08_peak_point,,,,group1,,,,1,,,,pptx_template.vis_08.pptx,,,,1,,,,D,,,,#ff7f0e,,,,--,,,,2,,,,300,,,,6,,,,60,,,,5,,,,60,,,,,,,,TRUE,,,,TRUE,,,,TRUE,,,,1/1/2021,12,,,,10,,,,#d9d9d9,,,,16,,,,0.3,,,,bold,,,,13.33,,,,60,,,,#1f77b4,,,,-,,,,2,,,,5/1/2021,,,,cohort,,,,,,,,,FALSE,,,,0,Time,,,,0,,,,count,,,,1,,,,,,,,Facility Census,,,,fiscal
N,vis_08,vis_08,adf,adf.cs.ch_low_mod_no,cs.chronic_low_moderate_no_chronic,Control Segregation Low/Moderate/No Chronic Health Condition,"((custody_class.str.contains('CS', na=False) | custody_class.isin(['S3-CS', 'S3 (CS)', 'S3 - CS', 'S3-CONTROL SEG', 'S3-CONTROL SEGRE', 'S3 CONT. SEG.', 'CONTROL SEGREGAT', 'G2-CS', 'I POD SUBDAY CS']))) & (chronic_status .isin(['LOW','MODERATE','NO CHRONIC CONDITION']))",adf,cs.ch_low_mod_no,,,,,,,,,,,,,,,,,,,,,,,,,,,,,,,,,,,,,,,,,,,,,,,,,,,,,,,,,,,,,,,,,,,,,,,,,#d62728,,,,,,,,1,,,,week,,,,0.2,,,,,,,,#1f77b4,,,,--,,,,1.25,,,,TRUE,,,,#000000,,,,:,,,,1.5,,,,#000000,,,,--,,,,1.5,,,,0.85,,,,,,,,,,,,subtract,,,,,,,,LC ADF,300,,,,FALSE,,,,1,12/31/2025,,,,,,,,,,,,,,,,,,,,,TRUE,,,,,,,,,,,,6,,,,14,,,,Segoe UI,,,,ols,,,,,,,,TRUE,,,,TRUE,,,,9,,,,10,,,,1,,,,,,,,4,,,,0.8,,,,,,,,,,,,,,,,,,,,,,,,,,,,,,,,,,,,,,,,vis_08_title,,,,vis_08_title,,,,vis_08_legend,,,,vis_08_legend,,,,vis_08_parameters,,,,vis_08_param,,,,vis_08_peak_projection_table,,,,vis_08_peak_projection_table,,,,vis_08__,,,,vis_08_image,,,,vis_08_projection_table,,,,vis_08_projection_table,,,,vis_08_peak_point,,,,vis_08_peak_point,,,,group1,,,,1,,,,pptx_template.vis_08.pptx,,,,1,,,,D,,,,#ff7f0e,,,,--,,,,2,,,,300,,,,6,,,,60,,,,5,,,,60,,,,,,,,TRUE,,,,TRUE,,,,TRUE,,,,1/1/2021,12,,,,10,,,,#d9d9d9,,,,16,,,,0.3,,,,bold,,,,13.33,,,,60,,,,#1f77b4,,,,-,,,,2,,,,5/1/2021,,,,cohort,,,,,,,,,FALSE,,,,0,Time,,,,0,,,,count,,,,1,,,,,,,,Facility Census,,,,fiscal
N,vis_08,vis_08,adf,adf.cs.f,cs.female,Control Segregation Female,"((custody_class.str.contains('CS', na=False) | custody_class.isin(['S3-CS', 'S3 (CS)', 'S3 - CS', 'S3-CONTROL SEG', 'S3-CONTROL SEGRE', 'S3 CONT. SEG.', 'CONTROL SEGREGAT', 'G2-CS', 'I POD SUBDAY CS']))) & (sex == 'F')",adf,cs.f,,,,,,,,,,,,,,,,,,,,,,,,,,,,,,,,,,,,,,,,,,,,,,,,,,,,,,,,,,,,,,,,,,,,,,,,,#d62728,,,,,,,,1,,,,week,,,,0.2,,,,,,,,#1f77b4,,,,--,,,,1.25,,,,TRUE,,,,#000000,,,,:,,,,1.5,,,,#000000,,,,--,,,,1.5,,,,0.85,,,,,,,,,,,,subtract,,,,,,,,LC ADF,300,,,,FALSE,,,,1,12/31/2025,,,,,,,,,,,,,,,,,,,,,TRUE,,,,,,,,,,,,6,,,,14,,,,Segoe UI,,,,ols,,,,,,,,TRUE,,,,TRUE,,,,9,,,,10,,,,1,,,,,,,,4,,,,0.8,,,,,,,,,,,,,,,,,,,,,,,,,,,,,,,,,,,,,,,,vis_08_title,,,,vis_08_title,,,,vis_08_legend,,,,vis_08_legend,,,,vis_08_parameters,,,,vis_08_param,,,,vis_08_peak_projection_table,,,,vis_08_peak_projection_table,,,,vis_08__,,,,vis_08_image,,,,vis_08_projection_table,,,,vis_08_projection_table,,,,vis_08_peak_point,,,,vis_08_peak_point,,,,group1,,,,1,,,,pptx_template.vis_08.pptx,,,,1,,,,D,,,,#ff7f0e,,,,--,,,,2,,,,300,,,,6,,,,60,,,,5,,,,60,,,,,,,,TRUE,,,,TRUE,,,,TRUE,,,,1/1/2021,12,,,,10,,,,#d9d9d9,,,,16,,,,0.3,,,,bold,,,,13.33,,,,60,,,,#1f77b4,,,,-,,,,2,,,,5/1/2021,,,,cohort,,,,,,,,,FALSE,,,,0,Time,,,,0,,,,count,,,,1,,,,,,,,Facility Census,,,,fiscal
N,vis_08,vis_08,adf,adf.cs.f.55plus,cs.female.55plus,Control Segregation Female 55+,"(((custody_class.str.contains('CS', na=False) | custody_class.isin(['S3-CS', 'S3 (CS)', 'S3 - CS', 'S3-CONTROL SEG', 'S3-CONTROL SEGRE', 'S3 CONT. SEG.', 'CONTROL SEGREGAT', 'G2-CS', 'I POD SUBDAY CS']))) & (sex == 'F')) & (age_bracket == 'adult 55+')",adf,cs.f.55plus,,,,,,,,,,,,,,,,,,,,,,,,,,,,,,,,,,,,,,,,,,,,,,,,,,,,,,,,,,,,,,,,,,,,,,,,,#d62728,,,,,,,,1,,,,week,,,,0.2,,,,,,,,#1f77b4,,,,--,,,,1.25,,,,TRUE,,,,#000000,,,,:,,,,1.5,,,,#000000,,,,--,,,,1.5,,,,0.85,,,,,,,,,,,,subtract,,,,,,,,LC ADF,300,,,,FALSE,,,,1,12/31/2025,,,,,,,,,,,,,,,,,,,,,TRUE,,,,,,,,,,,,6,,,,14,,,,Segoe UI,,,,ols,,,,,,,,TRUE,,,,TRUE,,,,9,,,,10,,,,1,,,,,,,,4,,,,0.8,,,,,,,,,,,,,,,,,,,,,,,,,,,,,,,,,,,,,,,,vis_08_title,,,,vis_08_title,,,,vis_08_legend,,,,vis_08_legend,,,,vis_08_parameters,,,,vis_08_param,,,,vis_08_peak_projection_table,,,,vis_08_peak_projection_table,,,,vis_08__,,,,vis_08_image,,,,vis_08_projection_table,,,,vis_08_projection_table,,,,vis_08_peak_point,,,,vis_08_peak_point,,,,group1,,,,1,,,,pptx_template.vis_08.pptx,,,,1,,,,D,,,,#ff7f0e,,,,--,,,,2,,,,300,,,,6,,,,60,,,,5,,,,60,,,,,,,,TRUE,,,,TRUE,,,,TRUE,,,,1/1/2021,12,,,,10,,,,#d9d9d9,,,,16,,,,0.3,,,,bold,,,,13.33,,,,60,,,,#1f77b4,,,,-,,,,2,,,,5/1/2021,,,,cohort,,,,,,,,,FALSE,,,,0,Time,,,,0,,,,count,,,,1,,,,,,,,Facility Census,,,,fiscal
N,vis_08,vis_08,adf,adf.cs.f.ch_high,cs.female.chronic_high,Control Segregation Female Highly Severe Chronic Health Condition,"(((custody_class.str.contains('CS', na=False) | custody_class.isin(['S3-CS', 'S3 (CS)', 'S3 - CS', 'S3-CONTROL SEG', 'S3-CONTROL SEGRE', 'S3 CONT. SEG.', 'CONTROL SEGREGAT', 'G2-CS', 'I POD SUBDAY CS']))) & (sex == 'F')) & (chronic_status == 'HIGH')",adf,cs.f.ch_high,,,,,,,,,,,,,,,,,,,,,,,,,,,,,,,,,,,,,,,,,,,,,,,,,,,,,,,,,,,,,,,,,,,,,,,,,#d62728,,,,,,,,1,,,,week,,,,0.2,,,,,,,,#1f77b4,,,,--,,,,1.25,,,,TRUE,,,,#000000,,,,:,,,,1.5,,,,#000000,,,,--,,,,1.5,,,,0.85,,,,,,,,,,,,subtract,,,,,,,,LC ADF,300,,,,FALSE,,,,1,12/31/2025,,,,,,,,,,,,,,,,,,,,,TRUE,,,,,,,,,,,,6,,,,14,,,,Segoe UI,,,,ols,,,,,,,,TRUE,,,,TRUE,,,,9,,,,10,,,,1,,,,,,,,4,,,,0.8,,,,,,,,,,,,,,,,,,,,,,,,,,,,,,,,,,,,,,,,vis_08_title,,,,vis_08_title,,,,vis_08_legend,,,,vis_08_legend,,,,vis_08_parameters,,,,vis_08_param,,,,vis_08_peak_projection_table,,,,vis_08_peak_projection_table,,,,vis_08__,,,,vis_08_image,,,,vis_08_projection_table,,,,vis_08_projection_table,,,,vis_08_peak_point,,,,vis_08_peak_point,,,,group1,,,,1,,,,pptx_template.vis_08.pptx,,,,1,,,,D,,,,#ff7f0e,,,,--,,,,2,,,,300,,,,6,,,,60,,,,5,,,,60,,,,,,,,TRUE,,,,TRUE,,,,TRUE,,,,1/1/2021,12,,,,10,,,,#d9d9d9,,,,16,,,,0.3,,,,bold,,,,13.33,,,,60,,,,#1f77b4,,,,-,,,,2,,,,5/1/2021,,,,cohort,,,,,,,,,FALSE,,,,0,Time,,,,0,,,,count,,,,1,,,,,,,,Facility Census,,,,fiscal
N,vis_08,vis_08,adf,adf.cs.f.ch_low_mod_no,cs.female.chronic_low_moderate_no_chronic,Control Segregation Female Low/Moderate/No Chronic Health Condition,"(((custody_class.str.contains('CS', na=False) | custody_class.isin(['S3-CS', 'S3 (CS)', 'S3 - CS', 'S3-CONTROL SEG', 'S3-CONTROL SEGRE', 'S3 CONT. SEG.', 'CONTROL SEGREGAT', 'G2-CS', 'I POD SUBDAY CS']))) & (sex == 'F')) & (chronic_status .isin(['LOW','MODERATE','NO CHRONIC CONDITION']))",adf,cs.f.ch_low_mod_no,,,,,,,,,,,,,,,,,,,,,,,,,,,,,,,,,,,,,,,,,,,,,,,,,,,,,,,,,,,,,,,,,,,,,,,,,#d62728,,,,,,,,1,,,,week,,,,0.2,,,,,,,,#1f77b4,,,,--,,,,1.25,,,,TRUE,,,,#000000,,,,:,,,,1.5,,,,#000000,,,,--,,,,1.5,,,,0.85,,,,,,,,,,,,subtract,,,,,,,,LC ADF,300,,,,FALSE,,,,1,12/31/2025,,,,,,,,,,,,,,,,,,,,,TRUE,,,,,,,,,,,,6,,,,14,,,,Segoe UI,,,,ols,,,,,,,,TRUE,,,,TRUE,,,,9,,,,10,,,,1,,,,,,,,4,,,,0.8,,,,,,,,,,,,,,,,,,,,,,,,,,,,,,,,,,,,,,,,vis_08_title,,,,vis_08_title,,,,vis_08_legend,,,,vis_08_legend,,,,vis_08_parameters,,,,vis_08_param,,,,vis_08_peak_projection_table,,,,vis_08_peak_projection_table,,,,vis_08__,,,,vis_08_image,,,,vis_08_projection_table,,,,vis_08_projection_table,,,,vis_08_peak_point,,,,vis_08_peak_point,,,,group1,,,,1,,,,pptx_template.vis_08.pptx,,,,1,,,,D,,,,#ff7f0e,,,,--,,,,2,,,,300,,,,6,,,,60,,,,5,,,,60,,,,,,,,TRUE,,,,TRUE,,,,TRUE,,,,1/1/2021,12,,,,10,,,,#d9d9d9,,,,16,,,,0.3,,,,bold,,,,13.33,,,,60,,,,#1f77b4,,,,-,,,,2,,,,5/1/2021,,,,cohort,,,,,,,,,FALSE,,,,0,Time,,,,0,,,,count,,,,1,,,,,,,,Facility Census,,,,fiscal
N,vis_08,vis_08,adf,adf.cs.f.u55,cs.female.u55,Control Segregation Female Under 55,"(((custody_class.str.contains('CS', na=False) | custody_class.isin(['S3-CS', 'S3 (CS)', 'S3 - CS', 'S3-CONTROL SEG', 'S3-CONTROL SEGRE', 'S3 CONT. SEG.', 'CONTROL SEGREGAT', 'G2-CS', 'I POD SUBDAY CS']))) & (sex == 'F')) & (age_bracket == 'adult under 55')",adf,cs.f.u55,,,,,,,,,,,,,,,,,,,,,,,,,,,,,,,,,,,,,,,,,,,,,,,,,,,,,,,,,,,,,,,,,,,,,,,,,#d62728,,,,,,,,1,,,,week,,,,0.2,,,,,,,,#1f77b4,,,,--,,,,1.25,,,,TRUE,,,,#000000,,,,:,,,,1.5,,,,#000000,,,,--,,,,1.5,,,,0.85,,,,,,,,,,,,subtract,,,,,,,,LC ADF,300,,,,FALSE,,,,1,12/31/2025,,,,,,,,,,,,,,,,,,,,,TRUE,,,,,,,,,,,,6,,,,14,,,,Segoe UI,,,,ols,,,,,,,,TRUE,,,,TRUE,,,,9,,,,10,,,,1,,,,,,,,4,,,,0.8,,,,,,,,,,,,,,,,,,,,,,,,,,,,,,,,,,,,,,,,vis_08_title,,,,vis_08_title,,,,vis_08_legend,,,,vis_08_legend,,,,vis_08_parameters,,,,vis_08_param,,,,vis_08_peak_projection_table,,,,vis_08_peak_projection_table,,,,vis_08__,,,,vis_08_image,,,,vis_08_projection_table,,,,vis_08_projection_table,,,,vis_08_peak_point,,,,vis_08_peak_point,,,,group1,,,,1,,,,pptx_template.vis_08.pptx,,,,1,,,,D,,,,#ff7f0e,,,,--,,,,2,,,,300,,,,6,,,,60,,,,5,,,,60,,,,,,,,TRUE,,,,TRUE,,,,TRUE,,,,1/1/2021,12,,,,10,,,,#d9d9d9,,,,16,,,,0.3,,,,bold,,,,13.33,,,,60,,,,#1f77b4,,,,-,,,,2,,,,5/1/2021,,,,cohort,,,,,,,,,FALSE,,,,0,Time,,,,0,,,,count,,,,1,,,,,,,,Facility Census,,,,fiscal
N,vis_08,vis_08,adf,adf.cs.m,cs.male,Control Segregation Male,"((custody_class.str.contains('CS', na=False) | custody_class.isin(['S3-CS', 'S3 (CS)', 'S3 - CS', 'S3-CONTROL SEG', 'S3-CONTROL SEGRE', 'S3 CONT. SEG.', 'CONTROL SEGREGAT', 'G2-CS', 'I POD SUBDAY CS']))) & (sex == 'M')",adf,cs.m,,,,,,,,,,,,,,,,,,,,,,,,,,,,,,,,,,,,,,,,,,,,,,,,,,,,,,,,,,,,,,,,,,,,,,,,,#d62728,,,,,,,,1,,,,week,,,,0.2,,,,,,,,#1f77b4,,,,--,,,,1.25,,,,TRUE,,,,#000000,,,,:,,,,1.5,,,,#000000,,,,--,,,,1.5,,,,0.85,,,,,,,,,,,,subtract,,,,,,,,LC ADF,300,,,,FALSE,,,,1,12/31/2025,,,,,,,,,,,,,,,,,,,,,TRUE,,,,,,,,,,,,6,,,,14,,,,Segoe UI,,,,ols,,,,,,,,TRUE,,,,TRUE,,,,9,,,,10,,,,1,,,,,,,,4,,,,0.8,,,,,,,,,,,,,,,,,,,,,,,,,,,,,,,,,,,,,,,,vis_08_title,,,,vis_08_title,,,,vis_08_legend,,,,vis_08_legend,,,,vis_08_parameters,,,,vis_08_param,,,,vis_08_peak_projection_table,,,,vis_08_peak_projection_table,,,,vis_08__,,,,vis_08_image,,,,vis_08_projection_table,,,,vis_08_projection_table,,,,vis_08_peak_point,,,,vis_08_peak_point,,,,group1,,,,1,,,,pptx_template.vis_08.pptx,,,,1,,,,D,,,,#ff7f0e,,,,--,,,,2,,,,300,,,,6,,,,60,,,,5,,,,60,,,,,,,,TRUE,,,,TRUE,,,,TRUE,,,,1/1/2021,12,,,,10,,,,#d9d9d9,,,,16,,,,0.3,,,,bold,,,,13.33,,,,60,,,,#1f77b4,,,,-,,,,2,,,,5/1/2021,,,,cohort,,,,,,,,,FALSE,,,,0,Time,,,,0,,,,count,,,,1,,,,,,,,Facility Census,,,,fiscal
N,vis_08,vis_08,adf,adf.cs.m.55plus,cs.male.55plus,Control Segregation Male 55+,"(((custody_class.str.contains('CS', na=False) | custody_class.isin(['S3-CS', 'S3 (CS)', 'S3 - CS', 'S3-CONTROL SEG', 'S3-CONTROL SEGRE', 'S3 CONT. SEG.', 'CONTROL SEGREGAT', 'G2-CS', 'I POD SUBDAY CS']))) & (sex == 'M')) & (age_bracket == 'adult 55+')",adf,cs.m.55plus,,,,,,,,,,,,,,,,,,,,,,,,,,,,,,,,,,,,,,,,,,,,,,,,,,,,,,,,,,,,,,,,,,,,,,,,,#d62728,,,,,,,,1,,,,week,,,,0.2,,,,,,,,#1f77b4,,,,--,,,,1.25,,,,TRUE,,,,#000000,,,,:,,,,1.5,,,,#000000,,,,--,,,,1.5,,,,0.85,,,,,,,,,,,,subtract,,,,,,,,LC ADF,300,,,,FALSE,,,,1,12/31/2025,,,,,,,,,,,,,,,,,,,,,TRUE,,,,,,,,,,,,6,,,,14,,,,Segoe UI,,,,ols,,,,,,,,TRUE,,,,TRUE,,,,9,,,,10,,,,1,,,,,,,,4,,,,0.8,,,,,,,,,,,,,,,,,,,,,,,,,,,,,,,,,,,,,,,,vis_08_title,,,,vis_08_title,,,,vis_08_legend,,,,vis_08_legend,,,,vis_08_parameters,,,,vis_08_param,,,,vis_08_peak_projection_table,,,,vis_08_peak_projection_table,,,,vis_08__,,,,vis_08_image,,,,vis_08_projection_table,,,,vis_08_projection_table,,,,vis_08_peak_point,,,,vis_08_peak_point,,,,group1,,,,1,,,,pptx_template.vis_08.pptx,,,,1,,,,D,,,,#ff7f0e,,,,--,,,,2,,,,300,,,,6,,,,60,,,,5,,,,60,,,,,,,,TRUE,,,,TRUE,,,,TRUE,,,,1/1/2021,12,,,,10,,,,#d9d9d9,,,,16,,,,0.3,,,,bold,,,,13.33,,,,60,,,,#1f77b4,,,,-,,,,2,,,,5/1/2021,,,,cohort,,,,,,,,,FALSE,,,,0,Time,,,,0,,,,count,,,,1,,,,,,,,Facility Census,,,,fiscal
N,vis_08,vis_08,adf,adf.cs.m.ch_high,cs.male.chronic_high,Control Segregation Male Highly Severe Chronic Health Condition,"(((custody_class.str.contains('CS', na=False) | custody_class.isin(['S3-CS', 'S3 (CS)', 'S3 - CS', 'S3-CONTROL SEG', 'S3-CONTROL SEGRE', 'S3 CONT. SEG.', 'CONTROL SEGREGAT', 'G2-CS', 'I POD SUBDAY CS']))) & (sex == 'M')) & (chronic_status == 'HIGH')",adf,cs.m.ch_high,,,,,,,,,,,,,,,,,,,,,,,,,,,,,,,,,,,,,,,,,,,,,,,,,,,,,,,,,,,,,,,,,,,,,,,,,#d62728,,,,,,,,1,,,,week,,,,0.2,,,,,,,,#1f77b4,,,,--,,,,1.25,,,,TRUE,,,,#000000,,,,:,,,,1.5,,,,#000000,,,,--,,,,1.5,,,,0.85,,,,,,,,,,,,subtract,,,,,,,,LC ADF,300,,,,FALSE,,,,1,12/31/2025,,,,,,,,,,,,,,,,,,,,,TRUE,,,,,,,,,,,,6,,,,14,,,,Segoe UI,,,,ols,,,,,,,,TRUE,,,,TRUE,,,,9,,,,10,,,,1,,,,,,,,4,,,,0.8,,,,,,,,,,,,,,,,,,,,,,,,,,,,,,,,,,,,,,,,vis_08_title,,,,vis_08_title,,,,vis_08_legend,,,,vis_08_legend,,,,vis_08_parameters,,,,vis_08_param,,,,vis_08_peak_projection_table,,,,vis_08_peak_projection_table,,,,vis_08__,,,,vis_08_image,,,,vis_08_projection_table,,,,vis_08_projection_table,,,,vis_08_peak_point,,,,vis_08_peak_point,,,,group1,,,,1,,,,pptx_template.vis_08.pptx,,,,1,,,,D,,,,#ff7f0e,,,,--,,,,2,,,,300,,,,6,,,,60,,,,5,,,,60,,,,,,,,TRUE,,,,TRUE,,,,TRUE,,,,1/1/2021,12,,,,10,,,,#d9d9d9,,,,16,,,,0.3,,,,bold,,,,13.33,,,,60,,,,#1f77b4,,,,-,,,,2,,,,5/1/2021,,,,cohort,,,,,,,,,FALSE,,,,0,Time,,,,0,,,,count,,,,1,,,,,,,,Facility Census,,,,fiscal
N,vis_08,vis_08,adf,adf.cs.m.ch_low_mod_no,cs.male.chronic_low_moderate_no_chronic,Control Segregation Male Low/Moderate/No Chronic Health Condition,"(((custody_class.str.contains('CS', na=False) | custody_class.isin(['S3-CS', 'S3 (CS)', 'S3 - CS', 'S3-CONTROL SEG', 'S3-CONTROL SEGRE', 'S3 CONT. SEG.', 'CONTROL SEGREGAT', 'G2-CS', 'I POD SUBDAY CS']))) & (sex == 'M')) & (chronic_status .isin(['LOW','MODERATE','NO CHRONIC CONDITION']))",adf,cs.m.ch_low_mod_no,,,,,,,,,,,,,,,,,,,,,,,,,,,,,,,,,,,,,,,,,,,,,,,,,,,,,,,,,,,,,,,,,,,,,,,,,#d62728,,,,,,,,1,,,,week,,,,0.2,,,,,,,,#1f77b4,,,,--,,,,1.25,,,,TRUE,,,,#000000,,,,:,,,,1.5,,,,#000000,,,,--,,,,1.5,,,,0.85,,,,,,,,,,,,subtract,,,,,,,,LC ADF,300,,,,FALSE,,,,1,12/31/2025,,,,,,,,,,,,,,,,,,,,,TRUE,,,,,,,,,,,,6,,,,14,,,,Segoe UI,,,,ols,,,,,,,,TRUE,,,,TRUE,,,,9,,,,10,,,,1,,,,,,,,4,,,,0.8,,,,,,,,,,,,,,,,,,,,,,,,,,,,,,,,,,,,,,,,vis_08_title,,,,vis_08_title,,,,vis_08_legend,,,,vis_08_legend,,,,vis_08_parameters,,,,vis_08_param,,,,vis_08_peak_projection_table,,,,vis_08_peak_projection_table,,,,vis_08__,,,,vis_08_image,,,,vis_08_projection_table,,,,vis_08_projection_table,,,,vis_08_peak_point,,,,vis_08_peak_point,,,,group1,,,,1,,,,pptx_template.vis_08.pptx,,,,1,,,,D,,,,#ff7f0e,,,,--,,,,2,,,,300,,,,6,,,,60,,,,5,,,,60,,,,,,,,TRUE,,,,TRUE,,,,TRUE,,,,1/1/2021,12,,,,10,,,,#d9d9d9,,,,16,,,,0.3,,,,bold,,,,13.33,,,,60,,,,#1f77b4,,,,-,,,,2,,,,5/1/2021,,,,cohort,,,,,,,,,FALSE,,,,0,Time,,,,0,,,,count,,,,1,,,,,,,,Facility Census,,,,fiscal
N,vis_08,vis_08,adf,adf.cs.m.u55,cs.male.u55,Control Segregation Male Under 55,"(((custody_class.str.contains('CS', na=False) | custody_class.isin(['S3-CS', 'S3 (CS)', 'S3 - CS', 'S3-CONTROL SEG', 'S3-CONTROL SEGRE', 'S3 CONT. SEG.', 'CONTROL SEGREGAT', 'G2-CS', 'I POD SUBDAY CS']))) & (sex == 'M')) & (age_bracket == 'adult under 55')",adf,cs.m.u55,,,,,,,,,,,,,,,,,,,,,,,,,,,,,,,,,,,,,,,,,,,,,,,,,,,,,,,,,,,,,,,,,,,,,,,,,#d62728,,,,,,,,1,,,,week,,,,0.2,,,,,,,,#1f77b4,,,,--,,,,1.25,,,,TRUE,,,,#000000,,,,:,,,,1.5,,,,#000000,,,,--,,,,1.5,,,,0.85,,,,,,,,,,,,subtract,,,,,,,,LC ADF,300,,,,FALSE,,,,1,12/31/2025,,,,,,,,,,,,,,,,,,,,,TRUE,,,,,,,,,,,,6,,,,14,,,,Segoe UI,,,,ols,,,,,,,,TRUE,,,,TRUE,,,,9,,,,10,,,,1,,,,,,,,4,,,,0.8,,,,,,,,,,,,,,,,,,,,,,,,,,,,,,,,,,,,,,,,vis_08_title,,,,vis_08_title,,,,vis_08_legend,,,,vis_08_legend,,,,vis_08_parameters,,,,vis_08_param,,,,vis_08_peak_projection_table,,,,vis_08_peak_projection_table,,,,vis_08__,,,,vis_08_image,,,,vis_08_projection_table,,,,vis_08_projection_table,,,,vis_08_peak_point,,,,vis_08_peak_point,,,,group1,,,,1,,,,pptx_template.vis_08.pptx,,,,1,,,,D,,,,#ff7f0e,,,,--,,,,2,,,,300,,,,6,,,,60,,,,5,,,,60,,,,,,,,TRUE,,,,TRUE,,,,TRUE,,,,1/1/2021,12,,,,10,,,,#d9d9d9,,,,16,,,,0.3,,,,bold,,,,13.33,,,,60,,,,#1f77b4,,,,-,,,,2,,,,5/1/2021,,,,cohort,,,,,,,,,FALSE,,,,0,Time,,,,0,,,,count,,,,1,,,,,,,,Facility Census,,,,fiscal
N,vis_08,vis_08,adf,adf.cs.u55,cs.u55,Control Segregation Under 55,"((custody_class.str.contains('CS', na=False) | custody_class.isin(['S3-CS', 'S3 (CS)', 'S3 - CS', 'S3-CONTROL SEG', 'S3-CONTROL SEGRE', 'S3 CONT. SEG.', 'CONTROL SEGREGAT', 'G2-CS', 'I POD SUBDAY CS']))) & (age_bracket == 'adult under 55')",adf,cs.u55,,,,,,,,,,,,,,,,,,,,,,,,,,,,,,,,,,,,,,,,,,,,,,,,,,,,,,,,,,,,,,,,,,,,,,,,,#d62728,,,,,,,,1,,,,week,,,,0.2,,,,,,,,#1f77b4,,,,--,,,,1.25,,,,TRUE,,,,#000000,,,,:,,,,1.5,,,,#000000,,,,--,,,,1.5,,,,0.85,,,,,,,,,,,,subtract,,,,,,,,LC ADF,300,,,,FALSE,,,,1,12/31/2025,,,,,,,,,,,,,,,,,,,,,TRUE,,,,,,,,,,,,6,,,,14,,,,Segoe UI,,,,ols,,,,,,,,TRUE,,,,TRUE,,,,9,,,,10,,,,1,,,,,,,,4,,,,0.8,,,,,,,,,,,,,,,,,,,,,,,,,,,,,,,,,,,,,,,,vis_08_title,,,,vis_08_title,,,,vis_08_legend,,,,vis_08_legend,,,,vis_08_parameters,,,,vis_08_param,,,,vis_08_peak_projection_table,,,,vis_08_peak_projection_table,,,,vis_08__,,,,vis_08_image,,,,vis_08_projection_table,,,,vis_08_projection_table,,,,vis_08_peak_point,,,,vis_08_peak_point,,,,group1,,,,1,,,,pptx_template.vis_08.pptx,,,,1,,,,D,,,,#ff7f0e,,,,--,,,,2,,,,300,,,,6,,,,60,,,,5,,,,60,,,,,,,,TRUE,,,,TRUE,,,,TRUE,,,,1/1/2021,12,,,,10,,,,#d9d9d9,,,,16,,,,0.3,,,,bold,,,,13.33,,,,60,,,,#1f77b4,,,,-,,,,2,,,,5/1/2021,,,,cohort,,,,,,,,,FALSE,,,,0,Time,,,,0,,,,count,,,,1,,,,,,,,Facility Census,,,,fiscal
N,vis_08,vis_08,adf,adf.det,detox,Detox,(housing_detox_status == 'DETOX'),adf,det,,,,,,,,,,,,,,,,,,,,,,,,,,,,,,,,,,,,,,,,,,,,,,,,,,,,,,,,,,,,,,,,,,,,,,,,,#d62728,,,,,,,,1,,,,week,,,,0.2,,,,,,,,#1f77b4,,,,--,,,,1.25,,,,TRUE,,,,#000000,,,,:,,,,1.5,,,,#000000,,,,--,,,,1.5,,,,0.85,,,,,,,,,,,,subtract,,,,,,,,LC ADF,300,,,,FALSE,,,,1,12/31/2025,,,,,,,,,,,,,,,,,,,,,TRUE,,,,,,,,,,,,6,,,,14,,,,Segoe UI,,,,ols,,,,,,,,TRUE,,,,TRUE,,,,9,,,,10,,,,1,,,,,,,,4,,,,0.8,,,,,,,,,,,,,,,,,,,,,,,,,,,,,,,,,,,,,,,,vis_08_title,,,,vis_08_title,,,,vis_08_legend,,,,vis_08_legend,,,,vis_08_parameters,,,,vis_08_param,,,,vis_08_peak_projection_table,,,,vis_08_peak_projection_table,,,,vis_08__,,,,vis_08_image,,,,vis_08_projection_table,,,,vis_08_projection_table,,,,vis_08_peak_point,,,,vis_08_peak_point,,,,group1,,,,1,,,,pptx_template.vis_08.pptx,,,,1,,,,D,,,,#ff7f0e,,,,--,,,,2,,,,300,,,,6,,,,60,,,,5,,,,60,,,,,,,,TRUE,,,,TRUE,,,,TRUE,,,,1/1/2021,12,,,,10,,,,#d9d9d9,,,,16,,,,0.3,,,,bold,,,,13.33,,,,60,,,,#1f77b4,,,,-,,,,2,,,,5/1/2021,,,,cohort,,,,,,,,,FALSE,,,,0,Time,,,,0,,,,count,,,,1,,,,,,,,Facility Census,,,,fiscal
N,vis_08,vis_08,adf,adf.det.55plus,detox.55plus,Detox 55+,((housing_detox_status == 'DETOX')) & (age_bracket == 'adult 55+'),adf,det.55plus,,,,,,,,,,,,,,,,,,,,,,,,,,,,,,,,,,,,,,,,,,,,,,,,,,,,,,,,,,,,,,,,,,,,,,,,,#d62728,,,,,,,,1,,,,week,,,,0.2,,,,,,,,#1f77b4,,,,--,,,,1.25,,,,TRUE,,,,#000000,,,,:,,,,1.5,,,,#000000,,,,--,,,,1.5,,,,0.85,,,,,,,,,,,,subtract,,,,,,,,LC ADF,300,,,,FALSE,,,,1,12/31/2025,,,,,,,,,,,,,,,,,,,,,TRUE,,,,,,,,,,,,6,,,,14,,,,Segoe UI,,,,ols,,,,,,,,TRUE,,,,TRUE,,,,9,,,,10,,,,1,,,,,,,,4,,,,0.8,,,,,,,,,,,,,,,,,,,,,,,,,,,,,,,,,,,,,,,,vis_08_title,,,,vis_08_title,,,,vis_08_legend,,,,vis_08_legend,,,,vis_08_parameters,,,,vis_08_param,,,,vis_08_peak_projection_table,,,,vis_08_peak_projection_table,,,,vis_08__,,,,vis_08_image,,,,vis_08_projection_table,,,,vis_08_projection_table,,,,vis_08_peak_point,,,,vis_08_peak_point,,,,group1,,,,1,,,,pptx_template.vis_08.pptx,,,,1,,,,D,,,,#ff7f0e,,,,--,,,,2,,,,300,,,,6,,,,60,,,,5,,,,60,,,,,,,,TRUE,,,,TRUE,,,,TRUE,,,,1/1/2021,12,,,,10,,,,#d9d9d9,,,,16,,,,0.3,,,,bold,,,,13.33,,,,60,,,,#1f77b4,,,,-,,,,2,,,,5/1/2021,,,,cohort,,,,,,,,,FALSE,,,,0,Time,,,,0,,,,count,,,,1,,,,,,,,Facility Census,,,,fiscal
N,vis_08,vis_08,adf,adf.det.ch_high,detox.chronic_high,Detox Highly Severe Chronic Health Condition,((housing_detox_status == 'DETOX')) & (chronic_status == 'HIGH'),adf,det.ch_high,,,,,,,,,,,,,,,,,,,,,,,,,,,,,,,,,,,,,,,,,,,,,,,,,,,,,,,,,,,,,,,,,,,,,,,,,#d62728,,,,,,,,1,,,,week,,,,0.2,,,,,,,,#1f77b4,,,,--,,,,1.25,,,,TRUE,,,,#000000,,,,:,,,,1.5,,,,#000000,,,,--,,,,1.5,,,,0.85,,,,,,,,,,,,subtract,,,,,,,,LC ADF,300,,,,FALSE,,,,1,12/31/2025,,,,,,,,,,,,,,,,,,,,,TRUE,,,,,,,,,,,,6,,,,14,,,,Segoe UI,,,,ols,,,,,,,,TRUE,,,,TRUE,,,,9,,,,10,,,,1,,,,,,,,4,,,,0.8,,,,,,,,,,,,,,,,,,,,,,,,,,,,,,,,,,,,,,,,vis_08_title,,,,vis_08_title,,,,vis_08_legend,,,,vis_08_legend,,,,vis_08_parameters,,,,vis_08_param,,,,vis_08_peak_projection_table,,,,vis_08_peak_projection_table,,,,vis_08__,,,,vis_08_image,,,,vis_08_projection_table,,,,vis_08_projection_table,,,,vis_08_peak_point,,,,vis_08_peak_point,,,,group1,,,,1,,,,pptx_template.vis_08.pptx,,,,1,,,,D,,,,#ff7f0e,,,,--,,,,2,,,,300,,,,6,,,,60,,,,5,,,,60,,,,,,,,TRUE,,,,TRUE,,,,TRUE,,,,1/1/2021,12,,,,10,,,,#d9d9d9,,,,16,,,,0.3,,,,bold,,,,13.33,,,,60,,,,#1f77b4,,,,-,,,,2,,,,5/1/2021,,,,cohort,,,,,,,,,FALSE,,,,0,Time,,,,0,,,,count,,,,1,,,,,,,,Facility Census,,,,fiscal
N,vis_08,vis_08,adf,adf.det.ch_low_mod_no,detox.chronic_low_moderate_no_chronic,Detox Low/Moderate/No Chronic Health Condition,"((housing_detox_status == 'DETOX')) & (chronic_status .isin(['LOW','MODERATE','NO CHRONIC CONDITION']))",adf,det.ch_low_mod_no,,,,,,,,,,,,,,,,,,,,,,,,,,,,,,,,,,,,,,,,,,,,,,,,,,,,,,,,,,,,,,,,,,,,,,,,,#d62728,,,,,,,,1,,,,week,,,,0.2,,,,,,,,#1f77b4,,,,--,,,,1.25,,,,TRUE,,,,#000000,,,,:,,,,1.5,,,,#000000,,,,--,,,,1.5,,,,0.85,,,,,,,,,,,,subtract,,,,,,,,LC ADF,300,,,,FALSE,,,,1,12/31/2025,,,,,,,,,,,,,,,,,,,,,TRUE,,,,,,,,,,,,6,,,,14,,,,Segoe UI,,,,ols,,,,,,,,TRUE,,,,TRUE,,,,9,,,,10,,,,1,,,,,,,,4,,,,0.8,,,,,,,,,,,,,,,,,,,,,,,,,,,,,,,,,,,,,,,,vis_08_title,,,,vis_08_title,,,,vis_08_legend,,,,vis_08_legend,,,,vis_08_parameters,,,,vis_08_param,,,,vis_08_peak_projection_table,,,,vis_08_peak_projection_table,,,,vis_08__,,,,vis_08_image,,,,vis_08_projection_table,,,,vis_08_projection_table,,,,vis_08_peak_point,,,,vis_08_peak_point,,,,group1,,,,1,,,,pptx_template.vis_08.pptx,,,,1,,,,D,,,,#ff7f0e,,,,--,,,,2,,,,300,,,,6,,,,60,,,,5,,,,60,,,,,,,,TRUE,,,,TRUE,,,,TRUE,,,,1/1/2021,12,,,,10,,,,#d9d9d9,,,,16,,,,0.3,,,,bold,,,,13.33,,,,60,,,,#1f77b4,,,,-,,,,2,,,,5/1/2021,,,,cohort,,,,,,,,,FALSE,,,,0,Time,,,,0,,,,count,,,,1,,,,,,,,Facility Census,,,,fiscal
N,vis_08,vis_08,adf,adf.det.f,detox.female,Detox Female,((housing_detox_status == 'DETOX')) & (sex == 'F'),adf,det.f,,,,,,,,,,,,,,,,,,,,,,,,,,,,,,,,,,,,,,,,,,,,,,,,,,,,,,,,,,,,,,,,,,,,,,,,,#d62728,,,,,,,,1,,,,week,,,,0.2,,,,,,,,#1f77b4,,,,--,,,,1.25,,,,TRUE,,,,#000000,,,,:,,,,1.5,,,,#000000,,,,--,,,,1.5,,,,0.85,,,,,,,,,,,,subtract,,,,,,,,LC ADF,300,,,,FALSE,,,,1,12/31/2025,,,,,,,,,,,,,,,,,,,,,TRUE,,,,,,,,,,,,6,,,,14,,,,Segoe UI,,,,ols,,,,,,,,TRUE,,,,TRUE,,,,9,,,,10,,,,1,,,,,,,,4,,,,0.8,,,,,,,,,,,,,,,,,,,,,,,,,,,,,,,,,,,,,,,,vis_08_title,,,,vis_08_title,,,,vis_08_legend,,,,vis_08_legend,,,,vis_08_parameters,,,,vis_08_param,,,,vis_08_peak_projection_table,,,,vis_08_peak_projection_table,,,,vis_08__,,,,vis_08_image,,,,vis_08_projection_table,,,,vis_08_projection_table,,,,vis_08_peak_point,,,,vis_08_peak_point,,,,group1,,,,1,,,,pptx_template.vis_08.pptx,,,,1,,,,D,,,,#ff7f0e,,,,--,,,,2,,,,300,,,,6,,,,60,,,,5,,,,60,,,,,,,,TRUE,,,,TRUE,,,,TRUE,,,,1/1/2021,12,,,,10,,,,#d9d9d9,,,,16,,,,0.3,,,,bold,,,,13.33,,,,60,,,,#1f77b4,,,,-,,,,2,,,,5/1/2021,,,,cohort,,,,,,,,,FALSE,,,,0,Time,,,,0,,,,count,,,,1,,,,,,,,Facility Census,,,,fiscal
N,vis_08,vis_08,adf,adf.det.f.55plus,detox.female.55plus,Detox Female 55+,(((housing_detox_status == 'DETOX')) & (sex == 'F')) & (age_bracket == 'adult 55+'),adf,det.f.55plus,,,,,,,,,,,,,,,,,,,,,,,,,,,,,,,,,,,,,,,,,,,,,,,,,,,,,,,,,,,,,,,,,,,,,,,,,#d62728,,,,,,,,1,,,,week,,,,0.2,,,,,,,,#1f77b4,,,,--,,,,1.25,,,,TRUE,,,,#000000,,,,:,,,,1.5,,,,#000000,,,,--,,,,1.5,,,,0.85,,,,,,,,,,,,subtract,,,,,,,,LC ADF,300,,,,FALSE,,,,1,12/31/2025,,,,,,,,,,,,,,,,,,,,,TRUE,,,,,,,,,,,,6,,,,14,,,,Segoe UI,,,,ols,,,,,,,,TRUE,,,,TRUE,,,,9,,,,10,,,,1,,,,,,,,4,,,,0.8,,,,,,,,,,,,,,,,,,,,,,,,,,,,,,,,,,,,,,,,vis_08_title,,,,vis_08_title,,,,vis_08_legend,,,,vis_08_legend,,,,vis_08_parameters,,,,vis_08_param,,,,vis_08_peak_projection_table,,,,vis_08_peak_projection_table,,,,vis_08__,,,,vis_08_image,,,,vis_08_projection_table,,,,vis_08_projection_table,,,,vis_08_peak_point,,,,vis_08_peak_point,,,,group1,,,,1,,,,pptx_template.vis_08.pptx,,,,1,,,,D,,,,#ff7f0e,,,,--,,,,2,,,,300,,,,6,,,,60,,,,5,,,,60,,,,,,,,TRUE,,,,TRUE,,,,TRUE,,,,1/1/2021,12,,,,10,,,,#d9d9d9,,,,16,,,,0.3,,,,bold,,,,13.33,,,,60,,,,#1f77b4,,,,-,,,,2,,,,5/1/2021,,,,cohort,,,,,,,,,FALSE,,,,0,Time,,,,0,,,,count,,,,1,,,,,,,,Facility Census,,,,fiscal
N,vis_08,vis_08,adf,adf.det.f.ch_high,detox.female.chronic_high,Detox Female Highly Severe Chronic Health Condition,(((housing_detox_status == 'DETOX')) & (sex == 'F')) & (chronic_status == 'HIGH'),adf,det.f.ch_high,,,,,,,,,,,,,,,,,,,,,,,,,,,,,,,,,,,,,,,,,,,,,,,,,,,,,,,,,,,,,,,,,,,,,,,,,#d62728,,,,,,,,1,,,,week,,,,0.2,,,,,,,,#1f77b4,,,,--,,,,1.25,,,,TRUE,,,,#000000,,,,:,,,,1.5,,,,#000000,,,,--,,,,1.5,,,,0.85,,,,,,,,,,,,subtract,,,,,,,,LC ADF,300,,,,FALSE,,,,1,12/31/2025,,,,,,,,,,,,,,,,,,,,,TRUE,,,,,,,,,,,,6,,,,14,,,,Segoe UI,,,,ols,,,,,,,,TRUE,,,,TRUE,,,,9,,,,10,,,,1,,,,,,,,4,,,,0.8,,,,,,,,,,,,,,,,,,,,,,,,,,,,,,,,,,,,,,,,vis_08_title,,,,vis_08_title,,,,vis_08_legend,,,,vis_08_legend,,,,vis_08_parameters,,,,vis_08_param,,,,vis_08_peak_projection_table,,,,vis_08_peak_projection_table,,,,vis_08__,,,,vis_08_image,,,,vis_08_projection_table,,,,vis_08_projection_table,,,,vis_08_peak_point,,,,vis_08_peak_point,,,,group1,,,,1,,,,pptx_template.vis_08.pptx,,,,1,,,,D,,,,#ff7f0e,,,,--,,,,2,,,,300,,,,6,,,,60,,,,5,,,,60,,,,,,,,TRUE,,,,TRUE,,,,TRUE,,,,1/1/2021,12,,,,10,,,,#d9d9d9,,,,16,,,,0.3,,,,bold,,,,13.33,,,,60,,,,#1f77b4,,,,-,,,,2,,,,5/1/2021,,,,cohort,,,,,,,,,FALSE,,,,0,Time,,,,0,,,,count,,,,1,,,,,,,,Facility Census,,,,fiscal
N,vis_08,vis_08,adf,adf.det.f.ch_low_mod_no,detox.female.chronic_low_moderate_no_chronic,Detox Female Low/Moderate/No Chronic Health Condition,"(((housing_detox_status == 'DETOX')) & (sex == 'F')) & (chronic_status .isin(['LOW','MODERATE','NO CHRONIC CONDITION']))",adf,det.f.ch_low_mod_no,,,,,,,,,,,,,,,,,,,,,,,,,,,,,,,,,,,,,,,,,,,,,,,,,,,,,,,,,,,,,,,,,,,,,,,,,#d62728,,,,,,,,1,,,,week,,,,0.2,,,,,,,,#1f77b4,,,,--,,,,1.25,,,,TRUE,,,,#000000,,,,:,,,,1.5,,,,#000000,,,,--,,,,1.5,,,,0.85,,,,,,,,,,,,subtract,,,,,,,,LC ADF,300,,,,FALSE,,,,1,12/31/2025,,,,,,,,,,,,,,,,,,,,,TRUE,,,,,,,,,,,,6,,,,14,,,,Segoe UI,,,,ols,,,,,,,,TRUE,,,,TRUE,,,,9,,,,10,,,,1,,,,,,,,4,,,,0.8,,,,,,,,,,,,,,,,,,,,,,,,,,,,,,,,,,,,,,,,vis_08_title,,,,vis_08_title,,,,vis_08_legend,,,,vis_08_legend,,,,vis_08_parameters,,,,vis_08_param,,,,vis_08_peak_projection_table,,,,vis_08_peak_projection_table,,,,vis_08__,,,,vis_08_image,,,,vis_08_projection_table,,,,vis_08_projection_table,,,,vis_08_peak_point,,,,vis_08_peak_point,,,,group1,,,,1,,,,pptx_template.vis_08.pptx,,,,1,,,,D,,,,#ff7f0e,,,,--,,,,2,,,,300,,,,6,,,,60,,,,5,,,,60,,,,,,,,TRUE,,,,TRUE,,,,TRUE,,,,1/1/2021,12,,,,10,,,,#d9d9d9,,,,16,,,,0.3,,,,bold,,,,13.33,,,,60,,,,#1f77b4,,,,-,,,,2,,,,5/1/2021,,,,cohort,,,,,,,,,FALSE,,,,0,Time,,,,0,,,,count,,,,1,,,,,,,,Facility Census,,,,fiscal
N,vis_08,vis_08,adf,adf.det.f.u55,detox.female.u55,Detox Female Under 55,(((housing_detox_status == 'DETOX')) & (sex == 'F')) & (age_bracket == 'adult under 55'),adf,det.f.u55,,,,,,,,,,,,,,,,,,,,,,,,,,,,,,,,,,,,,,,,,,,,,,,,,,,,,,,,,,,,,,,,,,,,,,,,,#d62728,,,,,,,,1,,,,week,,,,0.2,,,,,,,,#1f77b4,,,,--,,,,1.25,,,,TRUE,,,,#000000,,,,:,,,,1.5,,,,#000000,,,,--,,,,1.5,,,,0.85,,,,,,,,,,,,subtract,,,,,,,,LC ADF,300,,,,FALSE,,,,1,12/31/2025,,,,,,,,,,,,,,,,,,,,,TRUE,,,,,,,,,,,,6,,,,14,,,,Segoe UI,,,,ols,,,,,,,,TRUE,,,,TRUE,,,,9,,,,10,,,,1,,,,,,,,4,,,,0.8,,,,,,,,,,,,,,,,,,,,,,,,,,,,,,,,,,,,,,,,vis_08_title,,,,vis_08_title,,,,vis_08_legend,,,,vis_08_legend,,,,vis_08_parameters,,,,vis_08_param,,,,vis_08_peak_projection_table,,,,vis_08_peak_projection_table,,,,vis_08__,,,,vis_08_image,,,,vis_08_projection_table,,,,vis_08_projection_table,,,,vis_08_peak_point,,,,vis_08_peak_point,,,,group1,,,,1,,,,pptx_template.vis_08.pptx,,,,1,,,,D,,,,#ff7f0e,,,,--,,,,2,,,,300,,,,6,,,,60,,,,5,,,,60,,,,,,,,TRUE,,,,TRUE,,,,TRUE,,,,1/1/2021,12,,,,10,,,,#d9d9d9,,,,16,,,,0.3,,,,bold,,,,13.33,,,,60,,,,#1f77b4,,,,-,,,,2,,,,5/1/2021,,,,cohort,,,,,,,,,FALSE,,,,0,Time,,,,0,,,,count,,,,1,,,,,,,,Facility Census,,,,fiscal
N,vis_08,vis_08,adf,adf.det.m,detox.male,Detox Male,((housing_detox_status == 'DETOX')) & (sex == 'M'),adf,det.m,,,,,,,,,,,,,,,,,,,,,,,,,,,,,,,,,,,,,,,,,,,,,,,,,,,,,,,,,,,,,,,,,,,,,,,,,#d62728,,,,,,,,1,,,,week,,,,0.2,,,,,,,,#1f77b4,,,,--,,,,1.25,,,,TRUE,,,,#000000,,,,:,,,,1.5,,,,#000000,,,,--,,,,1.5,,,,0.85,,,,,,,,,,,,subtract,,,,,,,,LC ADF,300,,,,FALSE,,,,1,12/31/2025,,,,,,,,,,,,,,,,,,,,,TRUE,,,,,,,,,,,,6,,,,14,,,,Segoe UI,,,,ols,,,,,,,,TRUE,,,,TRUE,,,,9,,,,10,,,,1,,,,,,,,4,,,,0.8,,,,,,,,,,,,,,,,,,,,,,,,,,,,,,,,,,,,,,,,vis_08_title,,,,vis_08_title,,,,vis_08_legend,,,,vis_08_legend,,,,vis_08_parameters,,,,vis_08_param,,,,vis_08_peak_projection_table,,,,vis_08_peak_projection_table,,,,vis_08__,,,,vis_08_image,,,,vis_08_projection_table,,,,vis_08_projection_table,,,,vis_08_peak_point,,,,vis_08_peak_point,,,,group1,,,,1,,,,pptx_template.vis_08.pptx,,,,1,,,,D,,,,#ff7f0e,,,,--,,,,2,,,,300,,,,6,,,,60,,,,5,,,,60,,,,,,,,TRUE,,,,TRUE,,,,TRUE,,,,1/1/2021,12,,,,10,,,,#d9d9d9,,,,16,,,,0.3,,,,bold,,,,13.33,,,,60,,,,#1f77b4,,,,-,,,,2,,,,5/1/2021,,,,cohort,,,,,,,,,FALSE,,,,0,Time,,,,0,,,,count,,,,1,,,,,,,,Facility Census,,,,fiscal
N,vis_08,vis_08,adf,adf.det.m.55plus,detox.male.55plus,Detox Male 55+,(((housing_detox_status == 'DETOX')) & (sex == 'M')) & (age_bracket == 'adult 55+'),adf,det.m.55plus,,,,,,,,,,,,,,,,,,,,,,,,,,,,,,,,,,,,,,,,,,,,,,,,,,,,,,,,,,,,,,,,,,,,,,,,,#d62728,,,,,,,,1,,,,week,,,,0.2,,,,,,,,#1f77b4,,,,--,,,,1.25,,,,TRUE,,,,#000000,,,,:,,,,1.5,,,,#000000,,,,--,,,,1.5,,,,0.85,,,,,,,,,,,,subtract,,,,,,,,LC ADF,300,,,,FALSE,,,,1,12/31/2025,,,,,,,,,,,,,,,,,,,,,TRUE,,,,,,,,,,,,6,,,,14,,,,Segoe UI,,,,ols,,,,,,,,TRUE,,,,TRUE,,,,9,,,,10,,,,1,,,,,,,,4,,,,0.8,,,,,,,,,,,,,,,,,,,,,,,,,,,,,,,,,,,,,,,,vis_08_title,,,,vis_08_title,,,,vis_08_legend,,,,vis_08_legend,,,,vis_08_parameters,,,,vis_08_param,,,,vis_08_peak_projection_table,,,,vis_08_peak_projection_table,,,,vis_08__,,,,vis_08_image,,,,vis_08_projection_table,,,,vis_08_projection_table,,,,vis_08_peak_point,,,,vis_08_peak_point,,,,group1,,,,1,,,,pptx_template.vis_08.pptx,,,,1,,,,D,,,,#ff7f0e,,,,--,,,,2,,,,300,,,,6,,,,60,,,,5,,,,60,,,,,,,,TRUE,,,,TRUE,,,,TRUE,,,,1/1/2021,12,,,,10,,,,#d9d9d9,,,,16,,,,0.3,,,,bold,,,,13.33,,,,60,,,,#1f77b4,,,,-,,,,2,,,,5/1/2021,,,,cohort,,,,,,,,,FALSE,,,,0,Time,,,,0,,,,count,,,,1,,,,,,,,Facility Census,,,,fiscal
N,vis_08,vis_08,adf,adf.det.m.ch_high,detox.male.chronic_high,Detox Male Highly Severe Chronic Health Condition,(((housing_detox_status == 'DETOX')) & (sex == 'M')) & (chronic_status == 'HIGH'),adf,det.m.ch_high,,,,,,,,,,,,,,,,,,,,,,,,,,,,,,,,,,,,,,,,,,,,,,,,,,,,,,,,,,,,,,,,,,,,,,,,,#d62728,,,,,,,,1,,,,week,,,,0.2,,,,,,,,#1f77b4,,,,--,,,,1.25,,,,TRUE,,,,#000000,,,,:,,,,1.5,,,,#000000,,,,--,,,,1.5,,,,0.85,,,,,,,,,,,,subtract,,,,,,,,LC ADF,300,,,,FALSE,,,,1,12/31/2025,,,,,,,,,,,,,,,,,,,,,TRUE,,,,,,,,,,,,6,,,,14,,,,Segoe UI,,,,ols,,,,,,,,TRUE,,,,TRUE,,,,9,,,,10,,,,1,,,,,,,,4,,,,0.8,,,,,,,,,,,,,,,,,,,,,,,,,,,,,,,,,,,,,,,,vis_08_title,,,,vis_08_title,,,,vis_08_legend,,,,vis_08_legend,,,,vis_08_parameters,,,,vis_08_param,,,,vis_08_peak_projection_table,,,,vis_08_peak_projection_table,,,,vis_08__,,,,vis_08_image,,,,vis_08_projection_table,,,,vis_08_projection_table,,,,vis_08_peak_point,,,,vis_08_peak_point,,,,group1,,,,1,,,,pptx_template.vis_08.pptx,,,,1,,,,D,,,,#ff7f0e,,,,--,,,,2,,,,300,,,,6,,,,60,,,,5,,,,60,,,,,,,,TRUE,,,,TRUE,,,,TRUE,,,,1/1/2021,12,,,,10,,,,#d9d9d9,,,,16,,,,0.3,,,,bold,,,,13.33,,,,60,,,,#1f77b4,,,,-,,,,2,,,,5/1/2021,,,,cohort,,,,,,,,,FALSE,,,,0,Time,,,,0,,,,count,,,,1,,,,,,,,Facility Census,,,,fiscal
N,vis_08,vis_08,adf,adf.det.m.ch_low_mod_no,detox.male.chronic_low_moderate_no_chronic,Detox Male Low/Moderate/No Chronic Health Condition,"(((housing_detox_status == 'DETOX')) & (sex == 'M')) & (chronic_status .isin(['LOW','MODERATE','NO CHRONIC CONDITION']))",adf,det.m.ch_low_mod_no,,,,,,,,,,,,,,,,,,,,,,,,,,,,,,,,,,,,,,,,,,,,,,,,,,,,,,,,,,,,,,,,,,,,,,,,,#d62728,,,,,,,,1,,,,week,,,,0.2,,,,,,,,#1f77b4,,,,--,,,,1.25,,,,TRUE,,,,#000000,,,,:,,,,1.5,,,,#000000,,,,--,,,,1.5,,,,0.85,,,,,,,,,,,,subtract,,,,,,,,LC ADF,300,,,,FALSE,,,,1,12/31/2025,,,,,,,,,,,,,,,,,,,,,TRUE,,,,,,,,,,,,6,,,,14,,,,Segoe UI,,,,ols,,,,,,,,TRUE,,,,TRUE,,,,9,,,,10,,,,1,,,,,,,,4,,,,0.8,,,,,,,,,,,,,,,,,,,,,,,,,,,,,,,,,,,,,,,,vis_08_title,,,,vis_08_title,,,,vis_08_legend,,,,vis_08_legend,,,,vis_08_parameters,,,,vis_08_param,,,,vis_08_peak_projection_table,,,,vis_08_peak_projection_table,,,,vis_08__,,,,vis_08_image,,,,vis_08_projection_table,,,,vis_08_projection_table,,,,vis_08_peak_point,,,,vis_08_peak_point,,,,group1,,,,1,,,,pptx_template.vis_08.pptx,,,,1,,,,D,,,,#ff7f0e,,,,--,,,,2,,,,300,,,,6,,,,60,,,,5,,,,60,,,,,,,,TRUE,,,,TRUE,,,,TRUE,,,,1/1/2021,12,,,,10,,,,#d9d9d9,,,,16,,,,0.3,,,,bold,,,,13.33,,,,60,,,,#1f77b4,,,,-,,,,2,,,,5/1/2021,,,,cohort,,,,,,,,,FALSE,,,,0,Time,,,,0,,,,count,,,,1,,,,,,,,Facility Census,,,,fiscal
N,vis_08,vis_08,adf,adf.det.m.u55,detox.male.u55,Detox Male Under 55,(((housing_detox_status == 'DETOX')) & (sex == 'M')) & (age_bracket == 'adult under 55'),adf,det.m.u55,,,,,,,,,,,,,,,,,,,,,,,,,,,,,,,,,,,,,,,,,,,,,,,,,,,,,,,,,,,,,,,,,,,,,,,,,#d62728,,,,,,,,1,,,,week,,,,0.2,,,,,,,,#1f77b4,,,,--,,,,1.25,,,,TRUE,,,,#000000,,,,:,,,,1.5,,,,#000000,,,,--,,,,1.5,,,,0.85,,,,,,,,,,,,subtract,,,,,,,,LC ADF,300,,,,FALSE,,,,1,12/31/2025,,,,,,,,,,,,,,,,,,,,,TRUE,,,,,,,,,,,,6,,,,14,,,,Segoe UI,,,,ols,,,,,,,,TRUE,,,,TRUE,,,,9,,,,10,,,,1,,,,,,,,4,,,,0.8,,,,,,,,,,,,,,,,,,,,,,,,,,,,,,,,,,,,,,,,vis_08_title,,,,vis_08_title,,,,vis_08_legend,,,,vis_08_legend,,,,vis_08_parameters,,,,vis_08_param,,,,vis_08_peak_projection_table,,,,vis_08_peak_projection_table,,,,vis_08__,,,,vis_08_image,,,,vis_08_projection_table,,,,vis_08_projection_table,,,,vis_08_peak_point,,,,vis_08_peak_point,,,,group1,,,,1,,,,pptx_template.vis_08.pptx,,,,1,,,,D,,,,#ff7f0e,,,,--,,,,2,,,,300,,,,6,,,,60,,,,5,,,,60,,,,,,,,TRUE,,,,TRUE,,,,TRUE,,,,1/1/2021,12,,,,10,,,,#d9d9d9,,,,16,,,,0.3,,,,bold,,,,13.33,,,,60,,,,#1f77b4,,,,-,,,,2,,,,5/1/2021,,,,cohort,,,,,,,,,FALSE,,,,0,Time,,,,0,,,,count,,,,1,,,,,,,,Facility Census,,,,fiscal
N,vis_08,vis_08,adf,adf.det.u55,detox.u55,Detox Under 55,((housing_detox_status == 'DETOX')) & (age_bracket == 'adult under 55'),adf,det.u55,,,,,,,,,,,,,,,,,,,,,,,,,,,,,,,,,,,,,,,,,,,,,,,,,,,,,,,,,,,,,,,,,,,,,,,,,#d62728,,,,,,,,1,,,,week,,,,0.2,,,,,,,,#1f77b4,,,,--,,,,1.25,,,,TRUE,,,,#000000,,,,:,,,,1.5,,,,#000000,,,,--,,,,1.5,,,,0.85,,,,,,,,,,,,subtract,,,,,,,,LC ADF,300,,,,FALSE,,,,1,12/31/2025,,,,,,,,,,,,,,,,,,,,,TRUE,,,,,,,,,,,,6,,,,14,,,,Segoe UI,,,,ols,,,,,,,,TRUE,,,,TRUE,,,,9,,,,10,,,,1,,,,,,,,4,,,,0.8,,,,,,,,,,,,,,,,,,,,,,,,,,,,,,,,,,,,,,,,vis_08_title,,,,vis_08_title,,,,vis_08_legend,,,,vis_08_legend,,,,vis_08_parameters,,,,vis_08_param,,,,vis_08_peak_projection_table,,,,vis_08_peak_projection_table,,,,vis_08__,,,,vis_08_image,,,,vis_08_projection_table,,,,vis_08_projection_table,,,,vis_08_peak_point,,,,vis_08_peak_point,,,,group1,,,,1,,,,pptx_template.vis_08.pptx,,,,1,,,,D,,,,#ff7f0e,,,,--,,,,2,,,,300,,,,6,,,,60,,,,5,,,,60,,,,,,,,TRUE,,,,TRUE,,,,TRUE,,,,1/1/2021,12,,,,10,,,,#d9d9d9,,,,16,,,,0.3,,,,bold,,,,13.33,,,,60,,,,#1f77b4,,,,-,,,,2,,,,5/1/2021,,,,cohort,,,,,,,,,FALSE,,,,0,Time,,,,0,,,,count,,,,1,,,,,,,,Facility Census,,,,fiscal
N,vis_08,vis_08,adf,adf.disc,disciplinary,Disciplinary,"(housing == 'S2') & ~(custody_class.str.contains('AS', na=False) | custody_class.isin(['AS/KS','S3 AS/KS','S3- AS/KS']))",adf,disc,,,,,,,,,,,,,,,,,,,,,,,,,,,,,,,,,,,,,,,,,,,,,,,,,,,,,,,,,,,,,,,,,,,,,,,,,#d62728,,,,,,,,1,,,,week,,,,0.2,,,,,,,,#1f77b4,,,,--,,,,1.25,,,,TRUE,,,,#000000,,,,:,,,,1.5,,,,#000000,,,,--,,,,1.5,,,,0.85,,,,,,,,,,,,subtract,,,,,,,,LC ADF,300,,,,FALSE,,,,1,12/31/2025,,,,,,,,,,,,,,,,,,,,,TRUE,,,,,,,,,,,,6,,,,14,,,,Segoe UI,,,,ols,,,,,,,,TRUE,,,,TRUE,,,,9,,,,10,,,,1,,,,,,,,4,,,,0.8,,,,,,,,,,,,,,,,,,,,,,,,,,,,,,,,,,,,,,,,vis_08_title,,,,vis_08_title,,,,vis_08_legend,,,,vis_08_legend,,,,vis_08_parameters,,,,vis_08_param,,,,vis_08_peak_projection_table,,,,vis_08_peak_projection_table,,,,vis_08__,,,,vis_08_image,,,,vis_08_projection_table,,,,vis_08_projection_table,,,,vis_08_peak_point,,,,vis_08_peak_point,,,,group1,,,,1,,,,pptx_template.vis_08.pptx,,,,1,,,,D,,,,#ff7f0e,,,,--,,,,2,,,,300,,,,6,,,,60,,,,5,,,,60,,,,,,,,TRUE,,,,TRUE,,,,TRUE,,,,1/1/2021,12,,,,10,,,,#d9d9d9,,,,16,,,,0.3,,,,bold,,,,13.33,,,,60,,,,#1f77b4,,,,-,,,,2,,,,5/1/2021,,,,cohort,,,,,,,,,FALSE,,,,0,Time,,,,0,,,,count,,,,1,,,,,,,,Facility Census,,,,fiscal
N,vis_08,vis_08,adf,adf.disc.55plus,disciplinary.55plus,Disciplinary 55+,"((housing == 'S2') & ~(custody_class.str.contains('AS', na=False) | custody_class.isin(['AS/KS','S3 AS/KS','S3- AS/KS']))) & (age_bracket == 'adult 55+')",adf,disc.55plus,,,,,,,,,,,,,,,,,,,,,,,,,,,,,,,,,,,,,,,,,,,,,,,,,,,,,,,,,,,,,,,,,,,,,,,,,#d62728,,,,,,,,1,,,,week,,,,0.2,,,,,,,,#1f77b4,,,,--,,,,1.25,,,,TRUE,,,,#000000,,,,:,,,,1.5,,,,#000000,,,,--,,,,1.5,,,,0.85,,,,,,,,,,,,subtract,,,,,,,,LC ADF,300,,,,FALSE,,,,1,12/31/2025,,,,,,,,,,,,,,,,,,,,,TRUE,,,,,,,,,,,,6,,,,14,,,,Segoe UI,,,,ols,,,,,,,,TRUE,,,,TRUE,,,,9,,,,10,,,,1,,,,,,,,4,,,,0.8,,,,,,,,,,,,,,,,,,,,,,,,,,,,,,,,,,,,,,,,vis_08_title,,,,vis_08_title,,,,vis_08_legend,,,,vis_08_legend,,,,vis_08_parameters,,,,vis_08_param,,,,vis_08_peak_projection_table,,,,vis_08_peak_projection_table,,,,vis_08__,,,,vis_08_image,,,,vis_08_projection_table,,,,vis_08_projection_table,,,,vis_08_peak_point,,,,vis_08_peak_point,,,,group1,,,,1,,,,pptx_template.vis_08.pptx,,,,1,,,,D,,,,#ff7f0e,,,,--,,,,2,,,,300,,,,6,,,,60,,,,5,,,,60,,,,,,,,TRUE,,,,TRUE,,,,TRUE,,,,1/1/2021,12,,,,10,,,,#d9d9d9,,,,16,,,,0.3,,,,bold,,,,13.33,,,,60,,,,#1f77b4,,,,-,,,,2,,,,5/1/2021,,,,cohort,,,,,,,,,FALSE,,,,0,Time,,,,0,,,,count,,,,1,,,,,,,,Facility Census,,,,fiscal
N,vis_08,vis_08,adf,adf.disc.ch_high,disciplinary.chronic_high,Disciplinary Highly Severe Chronic Health Condition,"((housing == 'S2') & ~(custody_class.str.contains('AS', na=False) | custody_class.isin(['AS/KS','S3 AS/KS','S3- AS/KS']))) & (chronic_status == 'HIGH')",adf,disc.ch_high,,,,,,,,,,,,,,,,,,,,,,,,,,,,,,,,,,,,,,,,,,,,,,,,,,,,,,,,,,,,,,,,,,,,,,,,,#d62728,,,,,,,,1,,,,week,,,,0.2,,,,,,,,#1f77b4,,,,--,,,,1.25,,,,TRUE,,,,#000000,,,,:,,,,1.5,,,,#000000,,,,--,,,,1.5,,,,0.85,,,,,,,,,,,,subtract,,,,,,,,LC ADF,300,,,,FALSE,,,,1,12/31/2025,,,,,,,,,,,,,,,,,,,,,TRUE,,,,,,,,,,,,6,,,,14,,,,Segoe UI,,,,ols,,,,,,,,TRUE,,,,TRUE,,,,9,,,,10,,,,1,,,,,,,,4,,,,0.8,,,,,,,,,,,,,,,,,,,,,,,,,,,,,,,,,,,,,,,,vis_08_title,,,,vis_08_title,,,,vis_08_legend,,,,vis_08_legend,,,,vis_08_parameters,,,,vis_08_param,,,,vis_08_peak_projection_table,,,,vis_08_peak_projection_table,,,,vis_08__,,,,vis_08_image,,,,vis_08_projection_table,,,,vis_08_projection_table,,,,vis_08_peak_point,,,,vis_08_peak_point,,,,group1,,,,1,,,,pptx_template.vis_08.pptx,,,,1,,,,D,,,,#ff7f0e,,,,--,,,,2,,,,300,,,,6,,,,60,,,,5,,,,60,,,,,,,,TRUE,,,,TRUE,,,,TRUE,,,,1/1/2021,12,,,,10,,,,#d9d9d9,,,,16,,,,0.3,,,,bold,,,,13.33,,,,60,,,,#1f77b4,,,,-,,,,2,,,,5/1/2021,,,,cohort,,,,,,,,,FALSE,,,,0,Time,,,,0,,,,count,,,,1,,,,,,,,Facility Census,,,,fiscal
N,vis_08,vis_08,adf,adf.disc.ch_low_mod_no,disciplinary.chronic_low_moderate_no_chronic,Disciplinary Low/Moderate/No Chronic Health Condition,"((housing == 'S2') & ~(custody_class.str.contains('AS', na=False) | custody_class.isin(['AS/KS','S3 AS/KS','S3- AS/KS']))) & (chronic_status .isin(['LOW','MODERATE','NO CHRONIC CONDITION']))",adf,disc.ch_low_mod_no,,,,,,,,,,,,,,,,,,,,,,,,,,,,,,,,,,,,,,,,,,,,,,,,,,,,,,,,,,,,,,,,,,,,,,,,,#d62728,,,,,,,,1,,,,week,,,,0.2,,,,,,,,#1f77b4,,,,--,,,,1.25,,,,TRUE,,,,#000000,,,,:,,,,1.5,,,,#000000,,,,--,,,,1.5,,,,0.85,,,,,,,,,,,,subtract,,,,,,,,LC ADF,300,,,,FALSE,,,,1,12/31/2025,,,,,,,,,,,,,,,,,,,,,TRUE,,,,,,,,,,,,6,,,,14,,,,Segoe UI,,,,ols,,,,,,,,TRUE,,,,TRUE,,,,9,,,,10,,,,1,,,,,,,,4,,,,0.8,,,,,,,,,,,,,,,,,,,,,,,,,,,,,,,,,,,,,,,,vis_08_title,,,,vis_08_title,,,,vis_08_legend,,,,vis_08_legend,,,,vis_08_parameters,,,,vis_08_param,,,,vis_08_peak_projection_table,,,,vis_08_peak_projection_table,,,,vis_08__,,,,vis_08_image,,,,vis_08_projection_table,,,,vis_08_projection_table,,,,vis_08_peak_point,,,,vis_08_peak_point,,,,group1,,,,1,,,,pptx_template.vis_08.pptx,,,,1,,,,D,,,,#ff7f0e,,,,--,,,,2,,,,300,,,,6,,,,60,,,,5,,,,60,,,,,,,,TRUE,,,,TRUE,,,,TRUE,,,,1/1/2021,12,,,,10,,,,#d9d9d9,,,,16,,,,0.3,,,,bold,,,,13.33,,,,60,,,,#1f77b4,,,,-,,,,2,,,,5/1/2021,,,,cohort,,,,,,,,,FALSE,,,,0,Time,,,,0,,,,count,,,,1,,,,,,,,Facility Census,,,,fiscal
N,vis_08,vis_08,adf,adf.disc.f,disciplinary.female,Disciplinary Female,"((housing == 'S2') & ~(custody_class.str.contains('AS', na=False) | custody_class.isin(['AS/KS','S3 AS/KS','S3- AS/KS']))) & (sex == 'F')",adf,disc.f,,,,,,,,,,,,,,,,,,,,,,,,,,,,,,,,,,,,,,,,,,,,,,,,,,,,,,,,,,,,,,,,,,,,,,,,,#d62728,,,,,,,,1,,,,week,,,,0.2,,,,,,,,#1f77b4,,,,--,,,,1.25,,,,TRUE,,,,#000000,,,,:,,,,1.5,,,,#000000,,,,--,,,,1.5,,,,0.85,,,,,,,,,,,,subtract,,,,,,,,LC ADF,300,,,,FALSE,,,,1,12/31/2025,,,,,,,,,,,,,,,,,,,,,TRUE,,,,,,,,,,,,6,,,,14,,,,Segoe UI,,,,ols,,,,,,,,TRUE,,,,TRUE,,,,9,,,,10,,,,1,,,,,,,,4,,,,0.8,,,,,,,,,,,,,,,,,,,,,,,,,,,,,,,,,,,,,,,,vis_08_title,,,,vis_08_title,,,,vis_08_legend,,,,vis_08_legend,,,,vis_08_parameters,,,,vis_08_param,,,,vis_08_peak_projection_table,,,,vis_08_peak_projection_table,,,,vis_08__,,,,vis_08_image,,,,vis_08_projection_table,,,,vis_08_projection_table,,,,vis_08_peak_point,,,,vis_08_peak_point,,,,group1,,,,1,,,,pptx_template.vis_08.pptx,,,,1,,,,D,,,,#ff7f0e,,,,--,,,,2,,,,300,,,,6,,,,60,,,,5,,,,60,,,,,,,,TRUE,,,,TRUE,,,,TRUE,,,,1/1/2021,12,,,,10,,,,#d9d9d9,,,,16,,,,0.3,,,,bold,,,,13.33,,,,60,,,,#1f77b4,,,,-,,,,2,,,,5/1/2021,,,,cohort,,,,,,,,,FALSE,,,,0,Time,,,,0,,,,count,,,,1,,,,,,,,Facility Census,,,,fiscal
N,vis_08,vis_08,adf,adf.disc.f.55plus,disciplinary.female.55plus,Disciplinary Female 55+,"(((housing == 'S2') & ~(custody_class.str.contains('AS', na=False) | custody_class.isin(['AS/KS','S3 AS/KS','S3- AS/KS']))) & (sex == 'F')) & (age_bracket == 'adult 55+')",adf,disc.f.55plus,,,,,,,,,,,,,,,,,,,,,,,,,,,,,,,,,,,,,,,,,,,,,,,,,,,,,,,,,,,,,,,,,,,,,,,,,#d62728,,,,,,,,1,,,,week,,,,0.2,,,,,,,,#1f77b4,,,,--,,,,1.25,,,,TRUE,,,,#000000,,,,:,,,,1.5,,,,#000000,,,,--,,,,1.5,,,,0.85,,,,,,,,,,,,subtract,,,,,,,,LC ADF,300,,,,FALSE,,,,1,12/31/2025,,,,,,,,,,,,,,,,,,,,,TRUE,,,,,,,,,,,,6,,,,14,,,,Segoe UI,,,,ols,,,,,,,,TRUE,,,,TRUE,,,,9,,,,10,,,,1,,,,,,,,4,,,,0.8,,,,,,,,,,,,,,,,,,,,,,,,,,,,,,,,,,,,,,,,vis_08_title,,,,vis_08_title,,,,vis_08_legend,,,,vis_08_legend,,,,vis_08_parameters,,,,vis_08_param,,,,vis_08_peak_projection_table,,,,vis_08_peak_projection_table,,,,vis_08__,,,,vis_08_image,,,,vis_08_projection_table,,,,vis_08_projection_table,,,,vis_08_peak_point,,,,vis_08_peak_point,,,,group1,,,,1,,,,pptx_template.vis_08.pptx,,,,1,,,,D,,,,#ff7f0e,,,,--,,,,2,,,,300,,,,6,,,,60,,,,5,,,,60,,,,,,,,TRUE,,,,TRUE,,,,TRUE,,,,1/1/2021,12,,,,10,,,,#d9d9d9,,,,16,,,,0.3,,,,bold,,,,13.33,,,,60,,,,#1f77b4,,,,-,,,,2,,,,5/1/2021,,,,cohort,,,,,,,,,FALSE,,,,0,Time,,,,0,,,,count,,,,1,,,,,,,,Facility Census,,,,fiscal
N,vis_08,vis_08,adf,adf.disc.f.ch_high,disciplinary.female.chronic_high,Disciplinary Female Highly Severe Chronic Health Condition,"(((housing == 'S2') & ~(custody_class.str.contains('AS', na=False) | custody_class.isin(['AS/KS','S3 AS/KS','S3- AS/KS']))) & (sex == 'F')) & (chronic_status == 'HIGH')",adf,disc.f.ch_high,,,,,,,,,,,,,,,,,,,,,,,,,,,,,,,,,,,,,,,,,,,,,,,,,,,,,,,,,,,,,,,,,,,,,,,,,#d62728,,,,,,,,1,,,,week,,,,0.2,,,,,,,,#1f77b4,,,,--,,,,1.25,,,,TRUE,,,,#000000,,,,:,,,,1.5,,,,#000000,,,,--,,,,1.5,,,,0.85,,,,,,,,,,,,subtract,,,,,,,,LC ADF,300,,,,FALSE,,,,1,12/31/2025,,,,,,,,,,,,,,,,,,,,,TRUE,,,,,,,,,,,,6,,,,14,,,,Segoe UI,,,,ols,,,,,,,,TRUE,,,,TRUE,,,,9,,,,10,,,,1,,,,,,,,4,,,,0.8,,,,,,,,,,,,,,,,,,,,,,,,,,,,,,,,,,,,,,,,vis_08_title,,,,vis_08_title,,,,vis_08_legend,,,,vis_08_legend,,,,vis_08_parameters,,,,vis_08_param,,,,vis_08_peak_projection_table,,,,vis_08_peak_projection_table,,,,vis_08__,,,,vis_08_image,,,,vis_08_projection_table,,,,vis_08_projection_table,,,,vis_08_peak_point,,,,vis_08_peak_point,,,,group1,,,,1,,,,pptx_template.vis_08.pptx,,,,1,,,,D,,,,#ff7f0e,,,,--,,,,2,,,,300,,,,6,,,,60,,,,5,,,,60,,,,,,,,TRUE,,,,TRUE,,,,TRUE,,,,1/1/2021,12,,,,10,,,,#d9d9d9,,,,16,,,,0.3,,,,bold,,,,13.33,,,,60,,,,#1f77b4,,,,-,,,,2,,,,5/1/2021,,,,cohort,,,,,,,,,FALSE,,,,0,Time,,,,0,,,,count,,,,1,,,,,,,,Facility Census,,,,fiscal
N,vis_08,vis_08,adf,adf.disc.f.ch_low_mod_no,disciplinary.female.chronic_low_moderate_no_chronic,Disciplinary Female Low/Moderate/No Chronic Health Condition,"(((housing == 'S2') & ~(custody_class.str.contains('AS', na=False) | custody_class.isin(['AS/KS','S3 AS/KS','S3- AS/KS']))) & (sex == 'F')) & (chronic_status .isin(['LOW','MODERATE','NO CHRONIC CONDITION']))",adf,disc.f.ch_low_mod_no,,,,,,,,,,,,,,,,,,,,,,,,,,,,,,,,,,,,,,,,,,,,,,,,,,,,,,,,,,,,,,,,,,,,,,,,,#d62728,,,,,,,,1,,,,week,,,,0.2,,,,,,,,#1f77b4,,,,--,,,,1.25,,,,TRUE,,,,#000000,,,,:,,,,1.5,,,,#000000,,,,--,,,,1.5,,,,0.85,,,,,,,,,,,,subtract,,,,,,,,LC ADF,300,,,,FALSE,,,,1,12/31/2025,,,,,,,,,,,,,,,,,,,,,TRUE,,,,,,,,,,,,6,,,,14,,,,Segoe UI,,,,ols,,,,,,,,TRUE,,,,TRUE,,,,9,,,,10,,,,1,,,,,,,,4,,,,0.8,,,,,,,,,,,,,,,,,,,,,,,,,,,,,,,,,,,,,,,,vis_08_title,,,,vis_08_title,,,,vis_08_legend,,,,vis_08_legend,,,,vis_08_parameters,,,,vis_08_param,,,,vis_08_peak_projection_table,,,,vis_08_peak_projection_table,,,,vis_08__,,,,vis_08_image,,,,vis_08_projection_table,,,,vis_08_projection_table,,,,vis_08_peak_point,,,,vis_08_peak_point,,,,group1,,,,1,,,,pptx_template.vis_08.pptx,,,,1,,,,D,,,,#ff7f0e,,,,--,,,,2,,,,300,,,,6,,,,60,,,,5,,,,60,,,,,,,,TRUE,,,,TRUE,,,,TRUE,,,,1/1/2021,12,,,,10,,,,#d9d9d9,,,,16,,,,0.3,,,,bold,,,,13.33,,,,60,,,,#1f77b4,,,,-,,,,2,,,,5/1/2021,,,,cohort,,,,,,,,,FALSE,,,,0,Time,,,,0,,,,count,,,,1,,,,,,,,Facility Census,,,,fiscal
N,vis_08,vis_08,adf,adf.disc.f.u55,disciplinary.female.u55,Disciplinary Female Under 55,"(((housing == 'S2') & ~(custody_class.str.contains('AS', na=False) | custody_class.isin(['AS/KS','S3 AS/KS','S3- AS/KS']))) & (sex == 'F')) & (age_bracket == 'adult under 55')",adf,disc.f.u55,,,,,,,,,,,,,,,,,,,,,,,,,,,,,,,,,,,,,,,,,,,,,,,,,,,,,,,,,,,,,,,,,,,,,,,,,#d62728,,,,,,,,1,,,,week,,,,0.2,,,,,,,,#1f77b4,,,,--,,,,1.25,,,,TRUE,,,,#000000,,,,:,,,,1.5,,,,#000000,,,,--,,,,1.5,,,,0.85,,,,,,,,,,,,subtract,,,,,,,,LC ADF,300,,,,FALSE,,,,1,12/31/2025,,,,,,,,,,,,,,,,,,,,,TRUE,,,,,,,,,,,,6,,,,14,,,,Segoe UI,,,,ols,,,,,,,,TRUE,,,,TRUE,,,,9,,,,10,,,,1,,,,,,,,4,,,,0.8,,,,,,,,,,,,,,,,,,,,,,,,,,,,,,,,,,,,,,,,vis_08_title,,,,vis_08_title,,,,vis_08_legend,,,,vis_08_legend,,,,vis_08_parameters,,,,vis_08_param,,,,vis_08_peak_projection_table,,,,vis_08_peak_projection_table,,,,vis_08__,,,,vis_08_image,,,,vis_08_projection_table,,,,vis_08_projection_table,,,,vis_08_peak_point,,,,vis_08_peak_point,,,,group1,,,,1,,,,pptx_template.vis_08.pptx,,,,1,,,,D,,,,#ff7f0e,,,,--,,,,2,,,,300,,,,6,,,,60,,,,5,,,,60,,,,,,,,TRUE,,,,TRUE,,,,TRUE,,,,1/1/2021,12,,,,10,,,,#d9d9d9,,,,16,,,,0.3,,,,bold,,,,13.33,,,,60,,,,#1f77b4,,,,-,,,,2,,,,5/1/2021,,,,cohort,,,,,,,,,FALSE,,,,0,Time,,,,0,,,,count,,,,1,,,,,,,,Facility Census,,,,fiscal
N,vis_08,vis_08,adf,adf.disc.m,disciplinary.male,Disciplinary Male,"((housing == 'S2') & ~(custody_class.str.contains('AS', na=False) | custody_class.isin(['AS/KS','S3 AS/KS','S3- AS/KS']))) & (sex == 'M')",adf,disc.m,,,,,,,,,,,,,,,,,,,,,,,,,,,,,,,,,,,,,,,,,,,,,,,,,,,,,,,,,,,,,,,,,,,,,,,,,#d62728,,,,,,,,1,,,,week,,,,0.2,,,,,,,,#1f77b4,,,,--,,,,1.25,,,,TRUE,,,,#000000,,,,:,,,,1.5,,,,#000000,,,,--,,,,1.5,,,,0.85,,,,,,,,,,,,subtract,,,,,,,,LC ADF,300,,,,FALSE,,,,1,12/31/2025,,,,,,,,,,,,,,,,,,,,,TRUE,,,,,,,,,,,,6,,,,14,,,,Segoe UI,,,,ols,,,,,,,,TRUE,,,,TRUE,,,,9,,,,10,,,,1,,,,,,,,4,,,,0.8,,,,,,,,,,,,,,,,,,,,,,,,,,,,,,,,,,,,,,,,vis_08_title,,,,vis_08_title,,,,vis_08_legend,,,,vis_08_legend,,,,vis_08_parameters,,,,vis_08_param,,,,vis_08_peak_projection_table,,,,vis_08_peak_projection_table,,,,vis_08__,,,,vis_08_image,,,,vis_08_projection_table,,,,vis_08_projection_table,,,,vis_08_peak_point,,,,vis_08_peak_point,,,,group1,,,,1,,,,pptx_template.vis_08.pptx,,,,1,,,,D,,,,#ff7f0e,,,,--,,,,2,,,,300,,,,6,,,,60,,,,5,,,,60,,,,,,,,TRUE,,,,TRUE,,,,TRUE,,,,1/1/2021,12,,,,10,,,,#d9d9d9,,,,16,,,,0.3,,,,bold,,,,13.33,,,,60,,,,#1f77b4,,,,-,,,,2,,,,5/1/2021,,,,cohort,,,,,,,,,FALSE,,,,0,Time,,,,0,,,,count,,,,1,,,,,,,,Facility Census,,,,fiscal
N,vis_08,vis_08,adf,adf.disc.m.55plus,disciplinary.male.55plus,Disciplinary Male 55+,"(((housing == 'S2') & ~(custody_class.str.contains('AS', na=False) | custody_class.isin(['AS/KS','S3 AS/KS','S3- AS/KS']))) & (sex == 'M')) & (age_bracket == 'adult 55+')",adf,disc.m.55plus,,,,,,,,,,,,,,,,,,,,,,,,,,,,,,,,,,,,,,,,,,,,,,,,,,,,,,,,,,,,,,,,,,,,,,,,,#d62728,,,,,,,,1,,,,week,,,,0.2,,,,,,,,#1f77b4,,,,--,,,,1.25,,,,TRUE,,,,#000000,,,,:,,,,1.5,,,,#000000,,,,--,,,,1.5,,,,0.85,,,,,,,,,,,,subtract,,,,,,,,LC ADF,300,,,,FALSE,,,,1,12/31/2025,,,,,,,,,,,,,,,,,,,,,TRUE,,,,,,,,,,,,6,,,,14,,,,Segoe UI,,,,ols,,,,,,,,TRUE,,,,TRUE,,,,9,,,,10,,,,1,,,,,,,,4,,,,0.8,,,,,,,,,,,,,,,,,,,,,,,,,,,,,,,,,,,,,,,,vis_08_title,,,,vis_08_title,,,,vis_08_legend,,,,vis_08_legend,,,,vis_08_parameters,,,,vis_08_param,,,,vis_08_peak_projection_table,,,,vis_08_peak_projection_table,,,,vis_08__,,,,vis_08_image,,,,vis_08_projection_table,,,,vis_08_projection_table,,,,vis_08_peak_point,,,,vis_08_peak_point,,,,group1,,,,1,,,,pptx_template.vis_08.pptx,,,,1,,,,D,,,,#ff7f0e,,,,--,,,,2,,,,300,,,,6,,,,60,,,,5,,,,60,,,,,,,,TRUE,,,,TRUE,,,,TRUE,,,,1/1/2021,12,,,,10,,,,#d9d9d9,,,,16,,,,0.3,,,,bold,,,,13.33,,,,60,,,,#1f77b4,,,,-,,,,2,,,,5/1/2021,,,,cohort,,,,,,,,,FALSE,,,,0,Time,,,,0,,,,count,,,,1,,,,,,,,Facility Census,,,,fiscal
N,vis_08,vis_08,adf,adf.disc.m.ch_high,disciplinary.male.chronic_high,Disciplinary Male Highly Severe Chronic Health Condition,"(((housing == 'S2') & ~(custody_class.str.contains('AS', na=False) | custody_class.isin(['AS/KS','S3 AS/KS','S3- AS/KS']))) & (sex == 'M')) & (chronic_status == 'HIGH')",adf,disc.m.ch_high,,,,,,,,,,,,,,,,,,,,,,,,,,,,,,,,,,,,,,,,,,,,,,,,,,,,,,,,,,,,,,,,,,,,,,,,,#d62728,,,,,,,,1,,,,week,,,,0.2,,,,,,,,#1f77b4,,,,--,,,,1.25,,,,TRUE,,,,#000000,,,,:,,,,1.5,,,,#000000,,,,--,,,,1.5,,,,0.85,,,,,,,,,,,,subtract,,,,,,,,LC ADF,300,,,,FALSE,,,,1,12/31/2025,,,,,,,,,,,,,,,,,,,,,TRUE,,,,,,,,,,,,6,,,,14,,,,Segoe UI,,,,ols,,,,,,,,TRUE,,,,TRUE,,,,9,,,,10,,,,1,,,,,,,,4,,,,0.8,,,,,,,,,,,,,,,,,,,,,,,,,,,,,,,,,,,,,,,,vis_08_title,,,,vis_08_title,,,,vis_08_legend,,,,vis_08_legend,,,,vis_08_parameters,,,,vis_08_param,,,,vis_08_peak_projection_table,,,,vis_08_peak_projection_table,,,,vis_08__,,,,vis_08_image,,,,vis_08_projection_table,,,,vis_08_projection_table,,,,vis_08_peak_point,,,,vis_08_peak_point,,,,group1,,,,1,,,,pptx_template.vis_08.pptx,,,,1,,,,D,,,,#ff7f0e,,,,--,,,,2,,,,300,,,,6,,,,60,,,,5,,,,60,,,,,,,,TRUE,,,,TRUE,,,,TRUE,,,,1/1/2021,12,,,,10,,,,#d9d9d9,,,,16,,,,0.3,,,,bold,,,,13.33,,,,60,,,,#1f77b4,,,,-,,,,2,,,,5/1/2021,,,,cohort,,,,,,,,,FALSE,,,,0,Time,,,,0,,,,count,,,,1,,,,,,,,Facility Census,,,,fiscal
N,vis_08,vis_08,adf,adf.disc.m.ch_low_mod_no,disciplinary.male.chronic_low_moderate_no_chronic,Disciplinary Male Low/Moderate/No Chronic Health Condition,"(((housing == 'S2') & ~(custody_class.str.contains('AS', na=False) | custody_class.isin(['AS/KS','S3 AS/KS','S3- AS/KS']))) & (sex == 'M')) & (chronic_status .isin(['LOW','MODERATE','NO CHRONIC CONDITION']))",adf,disc.m.ch_low_mod_no,,,,,,,,,,,,,,,,,,,,,,,,,,,,,,,,,,,,,,,,,,,,,,,,,,,,,,,,,,,,,,,,,,,,,,,,,#d62728,,,,,,,,1,,,,week,,,,0.2,,,,,,,,#1f77b4,,,,--,,,,1.25,,,,TRUE,,,,#000000,,,,:,,,,1.5,,,,#000000,,,,--,,,,1.5,,,,0.85,,,,,,,,,,,,subtract,,,,,,,,LC ADF,300,,,,FALSE,,,,1,12/31/2025,,,,,,,,,,,,,,,,,,,,,TRUE,,,,,,,,,,,,6,,,,14,,,,Segoe UI,,,,ols,,,,,,,,TRUE,,,,TRUE,,,,9,,,,10,,,,1,,,,,,,,4,,,,0.8,,,,,,,,,,,,,,,,,,,,,,,,,,,,,,,,,,,,,,,,vis_08_title,,,,vis_08_title,,,,vis_08_legend,,,,vis_08_legend,,,,vis_08_parameters,,,,vis_08_param,,,,vis_08_peak_projection_table,,,,vis_08_peak_projection_table,,,,vis_08__,,,,vis_08_image,,,,vis_08_projection_table,,,,vis_08_projection_table,,,,vis_08_peak_point,,,,vis_08_peak_point,,,,group1,,,,1,,,,pptx_template.vis_08.pptx,,,,1,,,,D,,,,#ff7f0e,,,,--,,,,2,,,,300,,,,6,,,,60,,,,5,,,,60,,,,,,,,TRUE,,,,TRUE,,,,TRUE,,,,1/1/2021,12,,,,10,,,,#d9d9d9,,,,16,,,,0.3,,,,bold,,,,13.33,,,,60,,,,#1f77b4,,,,-,,,,2,,,,5/1/2021,,,,cohort,,,,,,,,,FALSE,,,,0,Time,,,,0,,,,count,,,,1,,,,,,,,Facility Census,,,,fiscal
N,vis_08,vis_08,adf,adf.disc.m.u55,disciplinary.male.u55,Disciplinary Male Under 55,"(((housing == 'S2') & ~(custody_class.str.contains('AS', na=False) | custody_class.isin(['AS/KS','S3 AS/KS','S3- AS/KS']))) & (sex == 'M')) & (age_bracket == 'adult under 55')",adf,disc.m.u55,,,,,,,,,,,,,,,,,,,,,,,,,,,,,,,,,,,,,,,,,,,,,,,,,,,,,,,,,,,,,,,,,,,,,,,,,#d62728,,,,,,,,1,,,,week,,,,0.2,,,,,,,,#1f77b4,,,,--,,,,1.25,,,,TRUE,,,,#000000,,,,:,,,,1.5,,,,#000000,,,,--,,,,1.5,,,,0.85,,,,,,,,,,,,subtract,,,,,,,,LC ADF,300,,,,FALSE,,,,1,12/31/2025,,,,,,,,,,,,,,,,,,,,,TRUE,,,,,,,,,,,,6,,,,14,,,,Segoe UI,,,,ols,,,,,,,,TRUE,,,,TRUE,,,,9,,,,10,,,,1,,,,,,,,4,,,,0.8,,,,,,,,,,,,,,,,,,,,,,,,,,,,,,,,,,,,,,,,vis_08_title,,,,vis_08_title,,,,vis_08_legend,,,,vis_08_legend,,,,vis_08_parameters,,,,vis_08_param,,,,vis_08_peak_projection_table,,,,vis_08_peak_projection_table,,,,vis_08__,,,,vis_08_image,,,,vis_08_projection_table,,,,vis_08_projection_table,,,,vis_08_peak_point,,,,vis_08_peak_point,,,,group1,,,,1,,,,pptx_template.vis_08.pptx,,,,1,,,,D,,,,#ff7f0e,,,,--,,,,2,,,,300,,,,6,,,,60,,,,5,,,,60,,,,,,,,TRUE,,,,TRUE,,,,TRUE,,,,1/1/2021,12,,,,10,,,,#d9d9d9,,,,16,,,,0.3,,,,bold,,,,13.33,,,,60,,,,#1f77b4,,,,-,,,,2,,,,5/1/2021,,,,cohort,,,,,,,,,FALSE,,,,0,Time,,,,0,,,,count,,,,1,,,,,,,,Facility Census,,,,fiscal
N,vis_08,vis_08,adf,adf.disc.u55,disciplinary.u55,Disciplinary Under 55,"((housing == 'S2') & ~(custody_class.str.contains('AS', na=False) | custody_class.isin(['AS/KS','S3 AS/KS','S3- AS/KS']))) & (age_bracket == 'adult under 55')",adf,disc.u55,,,,,,,,,,,,,,,,,,,,,,,,,,,,,,,,,,,,,,,,,,,,,,,,,,,,,,,,,,,,,,,,,,,,,,,,,#d62728,,,,,,,,1,,,,week,,,,0.2,,,,,,,,#1f77b4,,,,--,,,,1.25,,,,TRUE,,,,#000000,,,,:,,,,1.5,,,,#000000,,,,--,,,,1.5,,,,0.85,,,,,,,,,,,,subtract,,,,,,,,LC ADF,300,,,,FALSE,,,,1,12/31/2025,,,,,,,,,,,,,,,,,,,,,TRUE,,,,,,,,,,,,6,,,,14,,,,Segoe UI,,,,ols,,,,,,,,TRUE,,,,TRUE,,,,9,,,,10,,,,1,,,,,,,,4,,,,0.8,,,,,,,,,,,,,,,,,,,,,,,,,,,,,,,,,,,,,,,,vis_08_title,,,,vis_08_title,,,,vis_08_legend,,,,vis_08_legend,,,,vis_08_parameters,,,,vis_08_param,,,,vis_08_peak_projection_table,,,,vis_08_peak_projection_table,,,,vis_08__,,,,vis_08_image,,,,vis_08_projection_table,,,,vis_08_projection_table,,,,vis_08_peak_point,,,,vis_08_peak_point,,,,group1,,,,1,,,,pptx_template.vis_08.pptx,,,,1,,,,D,,,,#ff7f0e,,,,--,,,,2,,,,300,,,,6,,,,60,,,,5,,,,60,,,,,,,,TRUE,,,,TRUE,,,,TRUE,,,,1/1/2021,12,,,,10,,,,#d9d9d9,,,,16,,,,0.3,,,,bold,,,,13.33,,,,60,,,,#1f77b4,,,,-,,,,2,,,,5/1/2021,,,,cohort,,,,,,,,,FALSE,,,,0,Time,,,,0,,,,count,,,,1,,,,,,,,Facility Census,,,,fiscal
N,vis_08,vis_08,adf,adf.f,female,Female Detainees,(sex == 'F'),adf,f,,,,,,,,,,,,,,,,,,,,,,,,,,,,,,,,,,,,,,,,,,,,,,,,,,,,,,,,,,,,,,,,,,,,,,,,,#d62728,,,,,,,,1,,,,week,,,,0.2,,,,,,,,#1f77b4,,,,--,,,,1.25,,,,TRUE,,,,#000000,,,,:,,,,1.5,,,,#000000,,,,--,,,,1.5,,,,0.85,,,,,,,,,,,,subtract,,,,,,,,LC ADF,300,,,,FALSE,,,,1,12/31/2025,,,,,,,,,,,,,,,,,,,,,TRUE,,,,,,,,,,,,6,,,,14,,,,Segoe UI,,,,ols,,,,,,,,TRUE,,,,TRUE,,,,9,,,,10,,,,1,,,,,,,,4,,,,0.8,,,,,,,,,,,,,,,,,,,,,,,,,,,,,,,,,,,,,,,,vis_08_title,,,,vis_08_title,,,,vis_08_legend,,,,vis_08_legend,,,,vis_08_parameters,,,,vis_08_param,,,,vis_08_peak_projection_table,,,,vis_08_peak_projection_table,,,,vis_08__,,,,vis_08_image,,,,vis_08_projection_table,,,,vis_08_projection_table,,,,vis_08_peak_point,,,,vis_08_peak_point,,,,group1,,,,1,,,,pptx_template.vis_08.pptx,,,,1,,,,D,,,,#ff7f0e,,,,--,,,,2,,,,300,,,,6,,,,60,,,,5,,,,60,,,,,,,,TRUE,,,,TRUE,,,,TRUE,,,,1/1/2021,12,,,,10,,,,#d9d9d9,,,,16,,,,0.3,,,,bold,,,,13.33,,,,60,,,,#1f77b4,,,,-,,,,2,,,,5/1/2021,,,,cohort,,,,,,,,,FALSE,,,,0,Time,,,,0,,,,count,,,,1,,,,,,,,Facility Census,,,,fiscal
N,vis_08,vis_08,adf,adf.f.55plus,female.55plus,Female Detainees 55+,((sex == 'F')) & (age_bracket == 'adult 55+'),adf,f.55plus,,,,,,,,,,,,,,,,,,,,,,,,,,,,,,,,,,,,,,,,,,,,,,,,,,,,,,,,,,,,,,,,,,,,,,,,,#d62728,,,,,,,,1,,,,week,,,,0.2,,,,,,,,#1f77b4,,,,--,,,,1.25,,,,TRUE,,,,#000000,,,,:,,,,1.5,,,,#000000,,,,--,,,,1.5,,,,0.85,,,,,,,,,,,,subtract,,,,,,,,LC ADF,300,,,,FALSE,,,,1,12/31/2025,,,,,,,,,,,,,,,,,,,,,TRUE,,,,,,,,,,,,6,,,,14,,,,Segoe UI,,,,ols,,,,,,,,TRUE,,,,TRUE,,,,9,,,,10,,,,1,,,,,,,,4,,,,0.8,,,,,,,,,,,,,,,,,,,,,,,,,,,,,,,,,,,,,,,,vis_08_title,,,,vis_08_title,,,,vis_08_legend,,,,vis_08_legend,,,,vis_08_parameters,,,,vis_08_param,,,,vis_08_peak_projection_table,,,,vis_08_peak_projection_table,,,,vis_08__,,,,vis_08_image,,,,vis_08_projection_table,,,,vis_08_projection_table,,,,vis_08_peak_point,,,,vis_08_peak_point,,,,group1,,,,1,,,,pptx_template.vis_08.pptx,,,,1,,,,D,,,,#ff7f0e,,,,--,,,,2,,,,300,,,,6,,,,60,,,,5,,,,60,,,,,,,,TRUE,,,,TRUE,,,,TRUE,,,,1/1/2021,12,,,,10,,,,#d9d9d9,,,,16,,,,0.3,,,,bold,,,,13.33,,,,60,,,,#1f77b4,,,,-,,,,2,,,,5/1/2021,,,,cohort,,,,,,,,,FALSE,,,,0,Time,,,,0,,,,count,,,,1,,,,,,,,Facility Census,,,,fiscal
N,vis_08,vis_08,adf,adf.f.ch_high,female.chronic_high,Female Detainees Highly Severe Chronic Health Condition,((sex == 'F')) & (chronic_status == 'HIGH'),adf,f.ch_high,,,,,,,,,,,,,,,,,,,,,,,,,,,,,,,,,,,,,,,,,,,,,,,,,,,,,,,,,,,,,,,,,,,,,,,,,#d62728,,,,,,,,1,,,,week,,,,0.2,,,,,,,,#1f77b4,,,,--,,,,1.25,,,,TRUE,,,,#000000,,,,:,,,,1.5,,,,#000000,,,,--,,,,1.5,,,,0.85,,,,,,,,,,,,subtract,,,,,,,,LC ADF,300,,,,FALSE,,,,1,12/31/2025,,,,,,,,,,,,,,,,,,,,,TRUE,,,,,,,,,,,,6,,,,14,,,,Segoe UI,,,,ols,,,,,,,,TRUE,,,,TRUE,,,,9,,,,10,,,,1,,,,,,,,4,,,,0.8,,,,,,,,,,,,,,,,,,,,,,,,,,,,,,,,,,,,,,,,vis_08_title,,,,vis_08_title,,,,vis_08_legend,,,,vis_08_legend,,,,vis_08_parameters,,,,vis_08_param,,,,vis_08_peak_projection_table,,,,vis_08_peak_projection_table,,,,vis_08__,,,,vis_08_image,,,,vis_08_projection_table,,,,vis_08_projection_table,,,,vis_08_peak_point,,,,vis_08_peak_point,,,,group1,,,,1,,,,pptx_template.vis_08.pptx,,,,1,,,,D,,,,#ff7f0e,,,,--,,,,2,,,,300,,,,6,,,,60,,,,5,,,,60,,,,,,,,TRUE,,,,TRUE,,,,TRUE,,,,1/1/2021,12,,,,10,,,,#d9d9d9,,,,16,,,,0.3,,,,bold,,,,13.33,,,,60,,,,#1f77b4,,,,-,,,,2,,,,5/1/2021,,,,cohort,,,,,,,,,FALSE,,,,0,Time,,,,0,,,,count,,,,1,,,,,,,,Facility Census,,,,fiscal
N,vis_08,vis_08,adf,adf.f.ch_low_mod_no,female.chronic_low_moderate_no_chronic,Female Detainees Low/Moderate/No Chronic Health Condition,"((sex == 'F')) & (chronic_status .isin(['LOW','MODERATE','NO CHRONIC CONDITION']))",adf,f.ch_low_mod_no,,,,,,,,,,,,,,,,,,,,,,,,,,,,,,,,,,,,,,,,,,,,,,,,,,,,,,,,,,,,,,,,,,,,,,,,,#d62728,,,,,,,,1,,,,week,,,,0.2,,,,,,,,#1f77b4,,,,--,,,,1.25,,,,TRUE,,,,#000000,,,,:,,,,1.5,,,,#000000,,,,--,,,,1.5,,,,0.85,,,,,,,,,,,,subtract,,,,,,,,LC ADF,300,,,,FALSE,,,,1,12/31/2025,,,,,,,,,,,,,,,,,,,,,TRUE,,,,,,,,,,,,6,,,,14,,,,Segoe UI,,,,ols,,,,,,,,TRUE,,,,TRUE,,,,9,,,,10,,,,1,,,,,,,,4,,,,0.8,,,,,,,,,,,,,,,,,,,,,,,,,,,,,,,,,,,,,,,,vis_08_title,,,,vis_08_title,,,,vis_08_legend,,,,vis_08_legend,,,,vis_08_parameters,,,,vis_08_param,,,,vis_08_peak_projection_table,,,,vis_08_peak_projection_table,,,,vis_08__,,,,vis_08_image,,,,vis_08_projection_table,,,,vis_08_projection_table,,,,vis_08_peak_point,,,,vis_08_peak_point,,,,group1,,,,1,,,,pptx_template.vis_08.pptx,,,,1,,,,D,,,,#ff7f0e,,,,--,,,,2,,,,300,,,,6,,,,60,,,,5,,,,60,,,,,,,,TRUE,,,,TRUE,,,,TRUE,,,,1/1/2021,12,,,,10,,,,#d9d9d9,,,,16,,,,0.3,,,,bold,,,,13.33,,,,60,,,,#1f77b4,,,,-,,,,2,,,,5/1/2021,,,,cohort,,,,,,,,,FALSE,,,,0,Time,,,,0,,,,count,,,,1,,,,,,,,Facility Census,,,,fiscal
N,vis_08,vis_08,adf,adf.f.u55,female.u55,Female Detainees Under 55,((sex == 'F')) & (age_bracket == 'adult under 55'),adf,f.u55,,,,,,,,,,,,,,,,,,,,,,,,,,,,,,,,,,,,,,,,,,,,,,,,,,,,,,,,,,,,,,,,,,,,,,,,,#d62728,,,,,,,,1,,,,week,,,,0.2,,,,,,,,#1f77b4,,,,--,,,,1.25,,,,TRUE,,,,#000000,,,,:,,,,1.5,,,,#000000,,,,--,,,,1.5,,,,0.85,,,,,,,,,,,,subtract,,,,,,,,LC ADF,300,,,,FALSE,,,,1,12/31/2025,,,,,,,,,,,,,,,,,,,,,TRUE,,,,,,,,,,,,6,,,,14,,,,Segoe UI,,,,ols,,,,,,,,TRUE,,,,TRUE,,,,9,,,,10,,,,1,,,,,,,,4,,,,0.8,,,,,,,,,,,,,,,,,,,,,,,,,,,,,,,,,,,,,,,,vis_08_title,,,,vis_08_title,,,,vis_08_legend,,,,vis_08_legend,,,,vis_08_parameters,,,,vis_08_param,,,,vis_08_peak_projection_table,,,,vis_08_peak_projection_table,,,,vis_08__,,,,vis_08_image,,,,vis_08_projection_table,,,,vis_08_projection_table,,,,vis_08_peak_point,,,,vis_08_peak_point,,,,group1,,,,1,,,,pptx_template.vis_08.pptx,,,,1,,,,D,,,,#ff7f0e,,,,--,,,,2,,,,300,,,,6,,,,60,,,,5,,,,60,,,,,,,,TRUE,,,,TRUE,,,,TRUE,,,,1/1/2021,12,,,,10,,,,#d9d9d9,,,,16,,,,0.3,,,,bold,,,,13.33,,,,60,,,,#1f77b4,,,,-,,,,2,,,,5/1/2021,,,,cohort,,,,,,,,,FALSE,,,,0,Time,,,,0,,,,count,,,,1,,,,,,,,Facility Census,,,,fiscal
N,vis_08,vis_08,adf,adf.ks,ks,Keep Separate,"custody_class.isin(['AS/KS', 'SN/KS', 'SN/ KS', 'PC/KS', 'AK/KS', 'SK/KS', 'G2 SN/KS', 'S3 AS/KS', 'S3- AS/KS'])",adf,ks,,,,,,,,,,,,,,,,,,,,,,,,,,,,,,,,,,,,,,,,,,,,,,,,,,,,,,,,,,,,,,,,,,,,,,,,,#d62728,,,,,,,,1,,,,week,,,,0.2,,,,,,,,#1f77b4,,,,--,,,,1.25,,,,TRUE,,,,#000000,,,,:,,,,1.5,,,,#000000,,,,--,,,,1.5,,,,0.85,,,,,,,,,,,,subtract,,,,,,,,LC ADF,300,,,,FALSE,,,,1,12/31/2025,,,,,,,,,,,,,,,,,,,,,TRUE,,,,,,,,,,,,6,,,,14,,,,Segoe UI,,,,ols,,,,,,,,TRUE,,,,TRUE,,,,9,,,,10,,,,1,,,,,,,,4,,,,0.8,,,,,,,,,,,,,,,,,,,,,,,,,,,,,,,,,,,,,,,,vis_08_title,,,,vis_08_title,,,,vis_08_legend,,,,vis_08_legend,,,,vis_08_parameters,,,,vis_08_param,,,,vis_08_peak_projection_table,,,,vis_08_peak_projection_table,,,,vis_08__,,,,vis_08_image,,,,vis_08_projection_table,,,,vis_08_projection_table,,,,vis_08_peak_point,,,,vis_08_peak_point,,,,group1,,,,1,,,,pptx_template.vis_08.pptx,,,,1,,,,D,,,,#ff7f0e,,,,--,,,,2,,,,300,,,,6,,,,60,,,,5,,,,60,,,,,,,,TRUE,,,,TRUE,,,,TRUE,,,,1/1/2021,12,,,,10,,,,#d9d9d9,,,,16,,,,0.3,,,,bold,,,,13.33,,,,60,,,,#1f77b4,,,,-,,,,2,,,,5/1/2021,,,,cohort,,,,,,,,,FALSE,,,,0,Time,,,,0,,,,count,,,,1,,,,,,,,Facility Census,,,,fiscal
N,vis_08,vis_08,adf,adf.ks.55plus,ks.55plus,Keep Separate 55+,"(custody_class.isin(['AS/KS', 'SN/KS', 'SN/ KS', 'PC/KS', 'AK/KS', 'SK/KS', 'G2 SN/KS', 'S3 AS/KS', 'S3- AS/KS'])) & (age_bracket == 'adult 55+')",adf,ks.55plus,,,,,,,,,,,,,,,,,,,,,,,,,,,,,,,,,,,,,,,,,,,,,,,,,,,,,,,,,,,,,,,,,,,,,,,,,#d62728,,,,,,,,1,,,,week,,,,0.2,,,,,,,,#1f77b4,,,,--,,,,1.25,,,,TRUE,,,,#000000,,,,:,,,,1.5,,,,#000000,,,,--,,,,1.5,,,,0.85,,,,,,,,,,,,subtract,,,,,,,,LC ADF,300,,,,FALSE,,,,1,12/31/2025,,,,,,,,,,,,,,,,,,,,,TRUE,,,,,,,,,,,,6,,,,14,,,,Segoe UI,,,,ols,,,,,,,,TRUE,,,,TRUE,,,,9,,,,10,,,,1,,,,,,,,4,,,,0.8,,,,,,,,,,,,,,,,,,,,,,,,,,,,,,,,,,,,,,,,vis_08_title,,,,vis_08_title,,,,vis_08_legend,,,,vis_08_legend,,,,vis_08_parameters,,,,vis_08_param,,,,vis_08_peak_projection_table,,,,vis_08_peak_projection_table,,,,vis_08__,,,,vis_08_image,,,,vis_08_projection_table,,,,vis_08_projection_table,,,,vis_08_peak_point,,,,vis_08_peak_point,,,,group1,,,,1,,,,pptx_template.vis_08.pptx,,,,1,,,,D,,,,#ff7f0e,,,,--,,,,2,,,,300,,,,6,,,,60,,,,5,,,,60,,,,,,,,TRUE,,,,TRUE,,,,TRUE,,,,1/1/2021,12,,,,10,,,,#d9d9d9,,,,16,,,,0.3,,,,bold,,,,13.33,,,,60,,,,#1f77b4,,,,-,,,,2,,,,5/1/2021,,,,cohort,,,,,,,,,FALSE,,,,0,Time,,,,0,,,,count,,,,1,,,,,,,,Facility Census,,,,fiscal
N,vis_08,vis_08,adf,adf.ks.ch_high,ks.chronic_high,Keep Separate Highly Severe Chronic Health Condition,"(custody_class.isin(['AS/KS', 'SN/KS', 'SN/ KS', 'PC/KS', 'AK/KS', 'SK/KS', 'G2 SN/KS', 'S3 AS/KS', 'S3- AS/KS'])) & (chronic_status == 'HIGH')",adf,ks.ch_high,,,,,,,,,,,,,,,,,,,,,,,,,,,,,,,,,,,,,,,,,,,,,,,,,,,,,,,,,,,,,,,,,,,,,,,,,#d62728,,,,,,,,1,,,,week,,,,0.2,,,,,,,,#1f77b4,,,,--,,,,1.25,,,,TRUE,,,,#000000,,,,:,,,,1.5,,,,#000000,,,,--,,,,1.5,,,,0.85,,,,,,,,,,,,subtract,,,,,,,,LC ADF,300,,,,FALSE,,,,1,12/31/2025,,,,,,,,,,,,,,,,,,,,,TRUE,,,,,,,,,,,,6,,,,14,,,,Segoe UI,,,,ols,,,,,,,,TRUE,,,,TRUE,,,,9,,,,10,,,,1,,,,,,,,4,,,,0.8,,,,,,,,,,,,,,,,,,,,,,,,,,,,,,,,,,,,,,,,vis_08_title,,,,vis_08_title,,,,vis_08_legend,,,,vis_08_legend,,,,vis_08_parameters,,,,vis_08_param,,,,vis_08_peak_projection_table,,,,vis_08_peak_projection_table,,,,vis_08__,,,,vis_08_image,,,,vis_08_projection_table,,,,vis_08_projection_table,,,,vis_08_peak_point,,,,vis_08_peak_point,,,,group1,,,,1,,,,pptx_template.vis_08.pptx,,,,1,,,,D,,,,#ff7f0e,,,,--,,,,2,,,,300,,,,6,,,,60,,,,5,,,,60,,,,,,,,TRUE,,,,TRUE,,,,TRUE,,,,1/1/2021,12,,,,10,,,,#d9d9d9,,,,16,,,,0.3,,,,bold,,,,13.33,,,,60,,,,#1f77b4,,,,-,,,,2,,,,5/1/2021,,,,cohort,,,,,,,,,FALSE,,,,0,Time,,,,0,,,,count,,,,1,,,,,,,,Facility Census,,,,fiscal
N,vis_08,vis_08,adf,adf.ks.ch_low_mod_no,ks.chronic_low_moderate_no_chronic,Keep Separate Low/Moderate/No Chronic Health Condition,"(custody_class.isin(['AS/KS', 'SN/KS', 'SN/ KS', 'PC/KS', 'AK/KS', 'SK/KS', 'G2 SN/KS', 'S3 AS/KS', 'S3- AS/KS'])) & (chronic_status .isin(['LOW','MODERATE','NO CHRONIC CONDITION']))",adf,ks.ch_low_mod_no,,,,,,,,,,,,,,,,,,,,,,,,,,,,,,,,,,,,,,,,,,,,,,,,,,,,,,,,,,,,,,,,,,,,,,,,,#d62728,,,,,,,,1,,,,week,,,,0.2,,,,,,,,#1f77b4,,,,--,,,,1.25,,,,TRUE,,,,#000000,,,,:,,,,1.5,,,,#000000,,,,--,,,,1.5,,,,0.85,,,,,,,,,,,,subtract,,,,,,,,LC ADF,300,,,,FALSE,,,,1,12/31/2025,,,,,,,,,,,,,,,,,,,,,TRUE,,,,,,,,,,,,6,,,,14,,,,Segoe UI,,,,ols,,,,,,,,TRUE,,,,TRUE,,,,9,,,,10,,,,1,,,,,,,,4,,,,0.8,,,,,,,,,,,,,,,,,,,,,,,,,,,,,,,,,,,,,,,,vis_08_title,,,,vis_08_title,,,,vis_08_legend,,,,vis_08_legend,,,,vis_08_parameters,,,,vis_08_param,,,,vis_08_peak_projection_table,,,,vis_08_peak_projection_table,,,,vis_08__,,,,vis_08_image,,,,vis_08_projection_table,,,,vis_08_projection_table,,,,vis_08_peak_point,,,,vis_08_peak_point,,,,group1,,,,1,,,,pptx_template.vis_08.pptx,,,,1,,,,D,,,,#ff7f0e,,,,--,,,,2,,,,300,,,,6,,,,60,,,,5,,,,60,,,,,,,,TRUE,,,,TRUE,,,,TRUE,,,,1/1/2021,12,,,,10,,,,#d9d9d9,,,,16,,,,0.3,,,,bold,,,,13.33,,,,60,,,,#1f77b4,,,,-,,,,2,,,,5/1/2021,,,,cohort,,,,,,,,,FALSE,,,,0,Time,,,,0,,,,count,,,,1,,,,,,,,Facility Census,,,,fiscal
N,vis_08,vis_08,adf,adf.ks.f,ks.female,Keep Separate Female,"(custody_class.isin(['AS/KS', 'SN/KS', 'SN/ KS', 'PC/KS', 'AK/KS', 'SK/KS', 'G2 SN/KS', 'S3 AS/KS', 'S3- AS/KS'])) & (sex == 'F')",adf,ks.f,,,,,,,,,,,,,,,,,,,,,,,,,,,,,,,,,,,,,,,,,,,,,,,,,,,,,,,,,,,,,,,,,,,,,,,,,#d62728,,,,,,,,1,,,,week,,,,0.2,,,,,,,,#1f77b4,,,,--,,,,1.25,,,,TRUE,,,,#000000,,,,:,,,,1.5,,,,#000000,,,,--,,,,1.5,,,,0.85,,,,,,,,,,,,subtract,,,,,,,,LC ADF,300,,,,FALSE,,,,1,12/31/2025,,,,,,,,,,,,,,,,,,,,,TRUE,,,,,,,,,,,,6,,,,14,,,,Segoe UI,,,,ols,,,,,,,,TRUE,,,,TRUE,,,,9,,,,10,,,,1,,,,,,,,4,,,,0.8,,,,,,,,,,,,,,,,,,,,,,,,,,,,,,,,,,,,,,,,vis_08_title,,,,vis_08_title,,,,vis_08_legend,,,,vis_08_legend,,,,vis_08_parameters,,,,vis_08_param,,,,vis_08_peak_projection_table,,,,vis_08_peak_projection_table,,,,vis_08__,,,,vis_08_image,,,,vis_08_projection_table,,,,vis_08_projection_table,,,,vis_08_peak_point,,,,vis_08_peak_point,,,,group1,,,,1,,,,pptx_template.vis_08.pptx,,,,1,,,,D,,,,#ff7f0e,,,,--,,,,2,,,,300,,,,6,,,,60,,,,5,,,,60,,,,,,,,TRUE,,,,TRUE,,,,TRUE,,,,1/1/2021,12,,,,10,,,,#d9d9d9,,,,16,,,,0.3,,,,bold,,,,13.33,,,,60,,,,#1f77b4,,,,-,,,,2,,,,5/1/2021,,,,cohort,,,,,,,,,FALSE,,,,0,Time,,,,0,,,,count,,,,1,,,,,,,,Facility Census,,,,fiscal
N,vis_08,vis_08,adf,adf.ks.f.55plus,ks.female.55plus,Keep Separate Female 55+,"((custody_class.isin(['AS/KS', 'SN/KS', 'SN/ KS', 'PC/KS', 'AK/KS', 'SK/KS', 'G2 SN/KS', 'S3 AS/KS', 'S3- AS/KS'])) & (sex == 'F')) & (age_bracket == 'adult 55+')",adf,ks.f.55plus,,,,,,,,,,,,,,,,,,,,,,,,,,,,,,,,,,,,,,,,,,,,,,,,,,,,,,,,,,,,,,,,,,,,,,,,,#d62728,,,,,,,,1,,,,week,,,,0.2,,,,,,,,#1f77b4,,,,--,,,,1.25,,,,TRUE,,,,#000000,,,,:,,,,1.5,,,,#000000,,,,--,,,,1.5,,,,0.85,,,,,,,,,,,,subtract,,,,,,,,LC ADF,300,,,,FALSE,,,,1,12/31/2025,,,,,,,,,,,,,,,,,,,,,TRUE,,,,,,,,,,,,6,,,,14,,,,Segoe UI,,,,ols,,,,,,,,TRUE,,,,TRUE,,,,9,,,,10,,,,1,,,,,,,,4,,,,0.8,,,,,,,,,,,,,,,,,,,,,,,,,,,,,,,,,,,,,,,,vis_08_title,,,,vis_08_title,,,,vis_08_legend,,,,vis_08_legend,,,,vis_08_parameters,,,,vis_08_param,,,,vis_08_peak_projection_table,,,,vis_08_peak_projection_table,,,,vis_08__,,,,vis_08_image,,,,vis_08_projection_table,,,,vis_08_projection_table,,,,vis_08_peak_point,,,,vis_08_peak_point,,,,group1,,,,1,,,,pptx_template.vis_08.pptx,,,,1,,,,D,,,,#ff7f0e,,,,--,,,,2,,,,300,,,,6,,,,60,,,,5,,,,60,,,,,,,,TRUE,,,,TRUE,,,,TRUE,,,,1/1/2021,12,,,,10,,,,#d9d9d9,,,,16,,,,0.3,,,,bold,,,,13.33,,,,60,,,,#1f77b4,,,,-,,,,2,,,,5/1/2021,,,,cohort,,,,,,,,,FALSE,,,,0,Time,,,,0,,,,count,,,,1,,,,,,,,Facility Census,,,,fiscal
N,vis_08,vis_08,adf,adf.ks.f.ch_high,ks.female.chronic_high,Keep Separate Female Highly Severe Chronic Health Condition,"((custody_class.isin(['AS/KS', 'SN/KS', 'SN/ KS', 'PC/KS', 'AK/KS', 'SK/KS', 'G2 SN/KS', 'S3 AS/KS', 'S3- AS/KS'])) & (sex == 'F')) & (chronic_status == 'HIGH')",adf,ks.f.ch_high,,,,,,,,,,,,,,,,,,,,,,,,,,,,,,,,,,,,,,,,,,,,,,,,,,,,,,,,,,,,,,,,,,,,,,,,,#d62728,,,,,,,,1,,,,week,,,,0.2,,,,,,,,#1f77b4,,,,--,,,,1.25,,,,TRUE,,,,#000000,,,,:,,,,1.5,,,,#000000,,,,--,,,,1.5,,,,0.85,,,,,,,,,,,,subtract,,,,,,,,LC ADF,300,,,,FALSE,,,,1,12/31/2025,,,,,,,,,,,,,,,,,,,,,TRUE,,,,,,,,,,,,6,,,,14,,,,Segoe UI,,,,ols,,,,,,,,TRUE,,,,TRUE,,,,9,,,,10,,,,1,,,,,,,,4,,,,0.8,,,,,,,,,,,,,,,,,,,,,,,,,,,,,,,,,,,,,,,,vis_08_title,,,,vis_08_title,,,,vis_08_legend,,,,vis_08_legend,,,,vis_08_parameters,,,,vis_08_param,,,,vis_08_peak_projection_table,,,,vis_08_peak_projection_table,,,,vis_08__,,,,vis_08_image,,,,vis_08_projection_table,,,,vis_08_projection_table,,,,vis_08_peak_point,,,,vis_08_peak_point,,,,group1,,,,1,,,,pptx_template.vis_08.pptx,,,,1,,,,D,,,,#ff7f0e,,,,--,,,,2,,,,300,,,,6,,,,60,,,,5,,,,60,,,,,,,,TRUE,,,,TRUE,,,,TRUE,,,,1/1/2021,12,,,,10,,,,#d9d9d9,,,,16,,,,0.3,,,,bold,,,,13.33,,,,60,,,,#1f77b4,,,,-,,,,2,,,,5/1/2021,,,,cohort,,,,,,,,,FALSE,,,,0,Time,,,,0,,,,count,,,,1,,,,,,,,Facility Census,,,,fiscal
N,vis_08,vis_08,adf,adf.ks.f.ch_low_mod_no,ks.female.chronic_low_moderate_no_chronic,Keep Separate Female Low/Moderate/No Chronic Health Condition,"((custody_class.isin(['AS/KS', 'SN/KS', 'SN/ KS', 'PC/KS', 'AK/KS', 'SK/KS', 'G2 SN/KS', 'S3 AS/KS', 'S3- AS/KS'])) & (sex == 'F')) & (chronic_status .isin(['LOW','MODERATE','NO CHRONIC CONDITION']))",adf,ks.f.ch_low_mod_no,,,,,,,,,,,,,,,,,,,,,,,,,,,,,,,,,,,,,,,,,,,,,,,,,,,,,,,,,,,,,,,,,,,,,,,,,#d62728,,,,,,,,1,,,,week,,,,0.2,,,,,,,,#1f77b4,,,,--,,,,1.25,,,,TRUE,,,,#000000,,,,:,,,,1.5,,,,#000000,,,,--,,,,1.5,,,,0.85,,,,,,,,,,,,subtract,,,,,,,,LC ADF,300,,,,FALSE,,,,1,12/31/2025,,,,,,,,,,,,,,,,,,,,,TRUE,,,,,,,,,,,,6,,,,14,,,,Segoe UI,,,,ols,,,,,,,,TRUE,,,,TRUE,,,,9,,,,10,,,,1,,,,,,,,4,,,,0.8,,,,,,,,,,,,,,,,,,,,,,,,,,,,,,,,,,,,,,,,vis_08_title,,,,vis_08_title,,,,vis_08_legend,,,,vis_08_legend,,,,vis_08_parameters,,,,vis_08_param,,,,vis_08_peak_projection_table,,,,vis_08_peak_projection_table,,,,vis_08__,,,,vis_08_image,,,,vis_08_projection_table,,,,vis_08_projection_table,,,,vis_08_peak_point,,,,vis_08_peak_point,,,,group1,,,,1,,,,pptx_template.vis_08.pptx,,,,1,,,,D,,,,#ff7f0e,,,,--,,,,2,,,,300,,,,6,,,,60,,,,5,,,,60,,,,,,,,TRUE,,,,TRUE,,,,TRUE,,,,1/1/2021,12,,,,10,,,,#d9d9d9,,,,16,,,,0.3,,,,bold,,,,13.33,,,,60,,,,#1f77b4,,,,-,,,,2,,,,5/1/2021,,,,cohort,,,,,,,,,FALSE,,,,0,Time,,,,0,,,,count,,,,1,,,,,,,,Facility Census,,,,fiscal
N,vis_08,vis_08,adf,adf.ks.f.u55,ks.female.u55,Keep Separate Female Under 55,"((custody_class.isin(['AS/KS', 'SN/KS', 'SN/ KS', 'PC/KS', 'AK/KS', 'SK/KS', 'G2 SN/KS', 'S3 AS/KS', 'S3- AS/KS'])) & (sex == 'F')) & (age_bracket == 'adult under 55')",adf,ks.f.u55,,,,,,,,,,,,,,,,,,,,,,,,,,,,,,,,,,,,,,,,,,,,,,,,,,,,,,,,,,,,,,,,,,,,,,,,,#d62728,,,,,,,,1,,,,week,,,,0.2,,,,,,,,#1f77b4,,,,--,,,,1.25,,,,TRUE,,,,#000000,,,,:,,,,1.5,,,,#000000,,,,--,,,,1.5,,,,0.85,,,,,,,,,,,,subtract,,,,,,,,LC ADF,300,,,,FALSE,,,,1,12/31/2025,,,,,,,,,,,,,,,,,,,,,TRUE,,,,,,,,,,,,6,,,,14,,,,Segoe UI,,,,ols,,,,,,,,TRUE,,,,TRUE,,,,9,,,,10,,,,1,,,,,,,,4,,,,0.8,,,,,,,,,,,,,,,,,,,,,,,,,,,,,,,,,,,,,,,,vis_08_title,,,,vis_08_title,,,,vis_08_legend,,,,vis_08_legend,,,,vis_08_parameters,,,,vis_08_param,,,,vis_08_peak_projection_table,,,,vis_08_peak_projection_table,,,,vis_08__,,,,vis_08_image,,,,vis_08_projection_table,,,,vis_08_projection_table,,,,vis_08_peak_point,,,,vis_08_peak_point,,,,group1,,,,1,,,,pptx_template.vis_08.pptx,,,,1,,,,D,,,,#ff7f0e,,,,--,,,,2,,,,300,,,,6,,,,60,,,,5,,,,60,,,,,,,,TRUE,,,,TRUE,,,,TRUE,,,,1/1/2021,12,,,,10,,,,#d9d9d9,,,,16,,,,0.3,,,,bold,,,,13.33,,,,60,,,,#1f77b4,,,,-,,,,2,,,,5/1/2021,,,,cohort,,,,,,,,,FALSE,,,,0,Time,,,,0,,,,count,,,,1,,,,,,,,Facility Census,,,,fiscal
N,vis_08,vis_08,adf,adf.ks.m,ks.male,Keep Separate Male,"(custody_class.isin(['AS/KS', 'SN/KS', 'SN/ KS', 'PC/KS', 'AK/KS', 'SK/KS', 'G2 SN/KS', 'S3 AS/KS', 'S3- AS/KS'])) & (sex == 'M')",adf,ks.m,,,,,,,,,,,,,,,,,,,,,,,,,,,,,,,,,,,,,,,,,,,,,,,,,,,,,,,,,,,,,,,,,,,,,,,,,#d62728,,,,,,,,1,,,,week,,,,0.2,,,,,,,,#1f77b4,,,,--,,,,1.25,,,,TRUE,,,,#000000,,,,:,,,,1.5,,,,#000000,,,,--,,,,1.5,,,,0.85,,,,,,,,,,,,subtract,,,,,,,,LC ADF,300,,,,FALSE,,,,1,12/31/2025,,,,,,,,,,,,,,,,,,,,,TRUE,,,,,,,,,,,,6,,,,14,,,,Segoe UI,,,,ols,,,,,,,,TRUE,,,,TRUE,,,,9,,,,10,,,,1,,,,,,,,4,,,,0.8,,,,,,,,,,,,,,,,,,,,,,,,,,,,,,,,,,,,,,,,vis_08_title,,,,vis_08_title,,,,vis_08_legend,,,,vis_08_legend,,,,vis_08_parameters,,,,vis_08_param,,,,vis_08_peak_projection_table,,,,vis_08_peak_projection_table,,,,vis_08__,,,,vis_08_image,,,,vis_08_projection_table,,,,vis_08_projection_table,,,,vis_08_peak_point,,,,vis_08_peak_point,,,,group1,,,,1,,,,pptx_template.vis_08.pptx,,,,1,,,,D,,,,#ff7f0e,,,,--,,,,2,,,,300,,,,6,,,,60,,,,5,,,,60,,,,,,,,TRUE,,,,TRUE,,,,TRUE,,,,1/1/2021,12,,,,10,,,,#d9d9d9,,,,16,,,,0.3,,,,bold,,,,13.33,,,,60,,,,#1f77b4,,,,-,,,,2,,,,5/1/2021,,,,cohort,,,,,,,,,FALSE,,,,0,Time,,,,0,,,,count,,,,1,,,,,,,,Facility Census,,,,fiscal
N,vis_08,vis_08,adf,adf.ks.m.55plus,ks.male.55plus,Keep Separate Male 55+,"((custody_class.isin(['AS/KS', 'SN/KS', 'SN/ KS', 'PC/KS', 'AK/KS', 'SK/KS', 'G2 SN/KS', 'S3 AS/KS', 'S3- AS/KS'])) & (sex == 'M')) & (age_bracket == 'adult 55+')",adf,ks.m.55plus,,,,,,,,,,,,,,,,,,,,,,,,,,,,,,,,,,,,,,,,,,,,,,,,,,,,,,,,,,,,,,,,,,,,,,,,,#d62728,,,,,,,,1,,,,week,,,,0.2,,,,,,,,#1f77b4,,,,--,,,,1.25,,,,TRUE,,,,#000000,,,,:,,,,1.5,,,,#000000,,,,--,,,,1.5,,,,0.85,,,,,,,,,,,,subtract,,,,,,,,LC ADF,300,,,,FALSE,,,,1,12/31/2025,,,,,,,,,,,,,,,,,,,,,TRUE,,,,,,,,,,,,6,,,,14,,,,Segoe UI,,,,ols,,,,,,,,TRUE,,,,TRUE,,,,9,,,,10,,,,1,,,,,,,,4,,,,0.8,,,,,,,,,,,,,,,,,,,,,,,,,,,,,,,,,,,,,,,,vis_08_title,,,,vis_08_title,,,,vis_08_legend,,,,vis_08_legend,,,,vis_08_parameters,,,,vis_08_param,,,,vis_08_peak_projection_table,,,,vis_08_peak_projection_table,,,,vis_08__,,,,vis_08_image,,,,vis_08_projection_table,,,,vis_08_projection_table,,,,vis_08_peak_point,,,,vis_08_peak_point,,,,group1,,,,1,,,,pptx_template.vis_08.pptx,,,,1,,,,D,,,,#ff7f0e,,,,--,,,,2,,,,300,,,,6,,,,60,,,,5,,,,60,,,,,,,,TRUE,,,,TRUE,,,,TRUE,,,,1/1/2021,12,,,,10,,,,#d9d9d9,,,,16,,,,0.3,,,,bold,,,,13.33,,,,60,,,,#1f77b4,,,,-,,,,2,,,,5/1/2021,,,,cohort,,,,,,,,,FALSE,,,,0,Time,,,,0,,,,count,,,,1,,,,,,,,Facility Census,,,,fiscal
N,vis_08,vis_08,adf,adf.ks.m.ch_high,ks.male.chronic_high,Keep Separate Male Highly Severe Chronic Health Condition,"((custody_class.isin(['AS/KS', 'SN/KS', 'SN/ KS', 'PC/KS', 'AK/KS', 'SK/KS', 'G2 SN/KS', 'S3 AS/KS', 'S3- AS/KS'])) & (sex == 'M')) & (chronic_status == 'HIGH')",adf,ks.m.ch_high,,,,,,,,,,,,,,,,,,,,,,,,,,,,,,,,,,,,,,,,,,,,,,,,,,,,,,,,,,,,,,,,,,,,,,,,,#d62728,,,,,,,,1,,,,week,,,,0.2,,,,,,,,#1f77b4,,,,--,,,,1.25,,,,TRUE,,,,#000000,,,,:,,,,1.5,,,,#000000,,,,--,,,,1.5,,,,0.85,,,,,,,,,,,,subtract,,,,,,,,LC ADF,300,,,,FALSE,,,,1,12/31/2025,,,,,,,,,,,,,,,,,,,,,TRUE,,,,,,,,,,,,6,,,,14,,,,Segoe UI,,,,ols,,,,,,,,TRUE,,,,TRUE,,,,9,,,,10,,,,1,,,,,,,,4,,,,0.8,,,,,,,,,,,,,,,,,,,,,,,,,,,,,,,,,,,,,,,,vis_08_title,,,,vis_08_title,,,,vis_08_legend,,,,vis_08_legend,,,,vis_08_parameters,,,,vis_08_param,,,,vis_08_peak_projection_table,,,,vis_08_peak_projection_table,,,,vis_08__,,,,vis_08_image,,,,vis_08_projection_table,,,,vis_08_projection_table,,,,vis_08_peak_point,,,,vis_08_peak_point,,,,group1,,,,1,,,,pptx_template.vis_08.pptx,,,,1,,,,D,,,,#ff7f0e,,,,--,,,,2,,,,300,,,,6,,,,60,,,,5,,,,60,,,,,,,,TRUE,,,,TRUE,,,,TRUE,,,,1/1/2021,12,,,,10,,,,#d9d9d9,,,,16,,,,0.3,,,,bold,,,,13.33,,,,60,,,,#1f77b4,,,,-,,,,2,,,,5/1/2021,,,,cohort,,,,,,,,,FALSE,,,,0,Time,,,,0,,,,count,,,,1,,,,,,,,Facility Census,,,,fiscal
N,vis_08,vis_08,adf,adf.ks.m.ch_low_mod_no,ks.male.chronic_low_moderate_no_chronic,Keep Separate Male Low/Moderate/No Chronic Health Condition,"((custody_class.isin(['AS/KS', 'SN/KS', 'SN/ KS', 'PC/KS', 'AK/KS', 'SK/KS', 'G2 SN/KS', 'S3 AS/KS', 'S3- AS/KS'])) & (sex == 'M')) & (chronic_status .isin(['LOW','MODERATE','NO CHRONIC CONDITION']))",adf,ks.m.ch_low_mod_no,,,,,,,,,,,,,,,,,,,,,,,,,,,,,,,,,,,,,,,,,,,,,,,,,,,,,,,,,,,,,,,,,,,,,,,,,#d62728,,,,,,,,1,,,,week,,,,0.2,,,,,,,,#1f77b4,,,,--,,,,1.25,,,,TRUE,,,,#000000,,,,:,,,,1.5,,,,#000000,,,,--,,,,1.5,,,,0.85,,,,,,,,,,,,subtract,,,,,,,,LC ADF,300,,,,FALSE,,,,1,12/31/2025,,,,,,,,,,,,,,,,,,,,,TRUE,,,,,,,,,,,,6,,,,14,,,,Segoe UI,,,,ols,,,,,,,,TRUE,,,,TRUE,,,,9,,,,10,,,,1,,,,,,,,4,,,,0.8,,,,,,,,,,,,,,,,,,,,,,,,,,,,,,,,,,,,,,,,vis_08_title,,,,vis_08_title,,,,vis_08_legend,,,,vis_08_legend,,,,vis_08_parameters,,,,vis_08_param,,,,vis_08_peak_projection_table,,,,vis_08_peak_projection_table,,,,vis_08__,,,,vis_08_image,,,,vis_08_projection_table,,,,vis_08_projection_table,,,,vis_08_peak_point,,,,vis_08_peak_point,,,,group1,,,,1,,,,pptx_template.vis_08.pptx,,,,1,,,,D,,,,#ff7f0e,,,,--,,,,2,,,,300,,,,6,,,,60,,,,5,,,,60,,,,,,,,TRUE,,,,TRUE,,,,TRUE,,,,1/1/2021,12,,,,10,,,,#d9d9d9,,,,16,,,,0.3,,,,bold,,,,13.33,,,,60,,,,#1f77b4,,,,-,,,,2,,,,5/1/2021,,,,cohort,,,,,,,,,FALSE,,,,0,Time,,,,0,,,,count,,,,1,,,,,,,,Facility Census,,,,fiscal
N,vis_08,vis_08,adf,adf.ks.m.u55,ks.male.u55,Keep Separate Male Under 55,"((custody_class.isin(['AS/KS', 'SN/KS', 'SN/ KS', 'PC/KS', 'AK/KS', 'SK/KS', 'G2 SN/KS', 'S3 AS/KS', 'S3- AS/KS'])) & (sex == 'M')) & (age_bracket == 'adult under 55')",adf,ks.m.u55,,,,,,,,,,,,,,,,,,,,,,,,,,,,,,,,,,,,,,,,,,,,,,,,,,,,,,,,,,,,,,,,,,,,,,,,,#d62728,,,,,,,,1,,,,week,,,,0.2,,,,,,,,#1f77b4,,,,--,,,,1.25,,,,TRUE,,,,#000000,,,,:,,,,1.5,,,,#000000,,,,--,,,,1.5,,,,0.85,,,,,,,,,,,,subtract,,,,,,,,LC ADF,300,,,,FALSE,,,,1,12/31/2025,,,,,,,,,,,,,,,,,,,,,TRUE,,,,,,,,,,,,6,,,,14,,,,Segoe UI,,,,ols,,,,,,,,TRUE,,,,TRUE,,,,9,,,,10,,,,1,,,,,,,,4,,,,0.8,,,,,,,,,,,,,,,,,,,,,,,,,,,,,,,,,,,,,,,,vis_08_title,,,,vis_08_title,,,,vis_08_legend,,,,vis_08_legend,,,,vis_08_parameters,,,,vis_08_param,,,,vis_08_peak_projection_table,,,,vis_08_peak_projection_table,,,,vis_08__,,,,vis_08_image,,,,vis_08_projection_table,,,,vis_08_projection_table,,,,vis_08_peak_point,,,,vis_08_peak_point,,,,group1,,,,1,,,,pptx_template.vis_08.pptx,,,,1,,,,D,,,,#ff7f0e,,,,--,,,,2,,,,300,,,,6,,,,60,,,,5,,,,60,,,,,,,,TRUE,,,,TRUE,,,,TRUE,,,,1/1/2021,12,,,,10,,,,#d9d9d9,,,,16,,,,0.3,,,,bold,,,,13.33,,,,60,,,,#1f77b4,,,,-,,,,2,,,,5/1/2021,,,,cohort,,,,,,,,,FALSE,,,,0,Time,,,,0,,,,count,,,,1,,,,,,,,Facility Census,,,,fiscal
N,vis_08,vis_08,adf,adf.ks.u55,ks.u55,Keep Separate Under 55,"(custody_class.isin(['AS/KS', 'SN/KS', 'SN/ KS', 'PC/KS', 'AK/KS', 'SK/KS', 'G2 SN/KS', 'S3 AS/KS', 'S3- AS/KS'])) & (age_bracket == 'adult under 55')",adf,ks.u55,,,,,,,,,,,,,,,,,,,,,,,,,,,,,,,,,,,,,,,,,,,,,,,,,,,,,,,,,,,,,,,,,,,,,,,,,#d62728,,,,,,,,1,,,,week,,,,0.2,,,,,,,,#1f77b4,,,,--,,,,1.25,,,,TRUE,,,,#000000,,,,:,,,,1.5,,,,#000000,,,,--,,,,1.5,,,,0.85,,,,,,,,,,,,subtract,,,,,,,,LC ADF,300,,,,FALSE,,,,1,12/31/2025,,,,,,,,,,,,,,,,,,,,,TRUE,,,,,,,,,,,,6,,,,14,,,,Segoe UI,,,,ols,,,,,,,,TRUE,,,,TRUE,,,,9,,,,10,,,,1,,,,,,,,4,,,,0.8,,,,,,,,,,,,,,,,,,,,,,,,,,,,,,,,,,,,,,,,vis_08_title,,,,vis_08_title,,,,vis_08_legend,,,,vis_08_legend,,,,vis_08_parameters,,,,vis_08_param,,,,vis_08_peak_projection_table,,,,vis_08_peak_projection_table,,,,vis_08__,,,,vis_08_image,,,,vis_08_projection_table,,,,vis_08_projection_table,,,,vis_08_peak_point,,,,vis_08_peak_point,,,,group1,,,,1,,,,pptx_template.vis_08.pptx,,,,1,,,,D,,,,#ff7f0e,,,,--,,,,2,,,,300,,,,6,,,,60,,,,5,,,,60,,,,,,,,TRUE,,,,TRUE,,,,TRUE,,,,1/1/2021,12,,,,10,,,,#d9d9d9,,,,16,,,,0.3,,,,bold,,,,13.33,,,,60,,,,#1f77b4,,,,-,,,,2,,,,5/1/2021,,,,cohort,,,,,,,,,FALSE,,,,0,Time,,,,0,,,,count,,,,1,,,,,,,,Facility Census,,,,fiscal
N,vis_08,vis_08,adf,adf.m,male,Male Detainees,(sex == 'M'),adf,m,,,,,,,,,,,,,,,,,,,,,,,,,,,,,,,,,,,,,,,,,,,,,,,,,,,,,,,,,,,,,,,,,,,,,,,,,#d62728,,,,,,,,1,,,,week,,,,0.2,,,,,,,,#1f77b4,,,,--,,,,1.25,,,,TRUE,,,,#000000,,,,:,,,,1.5,,,,#000000,,,,--,,,,1.5,,,,0.85,,,,,,,,,,,,subtract,,,,,,,,LC ADF,300,,,,FALSE,,,,1,12/31/2025,,,,,,,,,,,,,,,,,,,,,TRUE,,,,,,,,,,,,6,,,,14,,,,Segoe UI,,,,ols,,,,,,,,TRUE,,,,TRUE,,,,9,,,,10,,,,1,,,,,,,,4,,,,0.8,,,,,,,,,,,,,,,,,,,,,,,,,,,,,,,,,,,,,,,,vis_08_title,,,,vis_08_title,,,,vis_08_legend,,,,vis_08_legend,,,,vis_08_parameters,,,,vis_08_param,,,,vis_08_peak_projection_table,,,,vis_08_peak_projection_table,,,,vis_08__,,,,vis_08_image,,,,vis_08_projection_table,,,,vis_08_projection_table,,,,vis_08_peak_point,,,,vis_08_peak_point,,,,group1,,,,1,,,,pptx_template.vis_08.pptx,,,,1,,,,D,,,,#ff7f0e,,,,--,,,,2,,,,300,,,,6,,,,60,,,,5,,,,60,,,,,,,,TRUE,,,,TRUE,,,,TRUE,,,,1/1/2021,12,,,,10,,,,#d9d9d9,,,,16,,,,0.3,,,,bold,,,,13.33,,,,60,,,,#1f77b4,,,,-,,,,2,,,,5/1/2021,,,,cohort,,,,,,,,,FALSE,,,,0,Time,,,,0,,,,count,,,,1,,,,,,,,Facility Census,,,,fiscal
N,vis_08,vis_08,adf,adf.m.55plus,male.55plus,Male Detainees 55+,((sex == 'M')) & (age_bracket == 'adult 55+'),adf,m.55plus,,,,,,,,,,,,,,,,,,,,,,,,,,,,,,,,,,,,,,,,,,,,,,,,,,,,,,,,,,,,,,,,,,,,,,,,,#d62728,,,,,,,,1,,,,week,,,,0.2,,,,,,,,#1f77b4,,,,--,,,,1.25,,,,TRUE,,,,#000000,,,,:,,,,1.5,,,,#000000,,,,--,,,,1.5,,,,0.85,,,,,,,,,,,,subtract,,,,,,,,LC ADF,300,,,,FALSE,,,,1,12/31/2025,,,,,,,,,,,,,,,,,,,,,TRUE,,,,,,,,,,,,6,,,,14,,,,Segoe UI,,,,ols,,,,,,,,TRUE,,,,TRUE,,,,9,,,,10,,,,1,,,,,,,,4,,,,0.8,,,,,,,,,,,,,,,,,,,,,,,,,,,,,,,,,,,,,,,,vis_08_title,,,,vis_08_title,,,,vis_08_legend,,,,vis_08_legend,,,,vis_08_parameters,,,,vis_08_param,,,,vis_08_peak_projection_table,,,,vis_08_peak_projection_table,,,,vis_08__,,,,vis_08_image,,,,vis_08_projection_table,,,,vis_08_projection_table,,,,vis_08_peak_point,,,,vis_08_peak_point,,,,group1,,,,1,,,,pptx_template.vis_08.pptx,,,,1,,,,D,,,,#ff7f0e,,,,--,,,,2,,,,300,,,,6,,,,60,,,,5,,,,60,,,,,,,,TRUE,,,,TRUE,,,,TRUE,,,,1/1/2021,12,,,,10,,,,#d9d9d9,,,,16,,,,0.3,,,,bold,,,,13.33,,,,60,,,,#1f77b4,,,,-,,,,2,,,,5/1/2021,,,,cohort,,,,,,,,,FALSE,,,,0,Time,,,,0,,,,count,,,,1,,,,,,,,Facility Census,,,,fiscal
N,vis_08,vis_08,adf,adf.m.ch_high,male.chronic_high,Male Detainees Highly Severe Chronic Health Condition,((sex == 'M')) & (chronic_status == 'HIGH'),adf,m.ch_high,,,,,,,,,,,,,,,,,,,,,,,,,,,,,,,,,,,,,,,,,,,,,,,,,,,,,,,,,,,,,,,,,,,,,,,,,#d62728,,,,,,,,1,,,,week,,,,0.2,,,,,,,,#1f77b4,,,,--,,,,1.25,,,,TRUE,,,,#000000,,,,:,,,,1.5,,,,#000000,,,,--,,,,1.5,,,,0.85,,,,,,,,,,,,subtract,,,,,,,,LC ADF,300,,,,FALSE,,,,1,12/31/2025,,,,,,,,,,,,,,,,,,,,,TRUE,,,,,,,,,,,,6,,,,14,,,,Segoe UI,,,,ols,,,,,,,,TRUE,,,,TRUE,,,,9,,,,10,,,,1,,,,,,,,4,,,,0.8,,,,,,,,,,,,,,,,,,,,,,,,,,,,,,,,,,,,,,,,vis_08_title,,,,vis_08_title,,,,vis_08_legend,,,,vis_08_legend,,,,vis_08_parameters,,,,vis_08_param,,,,vis_08_peak_projection_table,,,,vis_08_peak_projection_table,,,,vis_08__,,,,vis_08_image,,,,vis_08_projection_table,,,,vis_08_projection_table,,,,vis_08_peak_point,,,,vis_08_peak_point,,,,group1,,,,1,,,,pptx_template.vis_08.pptx,,,,1,,,,D,,,,#ff7f0e,,,,--,,,,2,,,,300,,,,6,,,,60,,,,5,,,,60,,,,,,,,TRUE,,,,TRUE,,,,TRUE,,,,1/1/2021,12,,,,10,,,,#d9d9d9,,,,16,,,,0.3,,,,bold,,,,13.33,,,,60,,,,#1f77b4,,,,-,,,,2,,,,5/1/2021,,,,cohort,,,,,,,,,FALSE,,,,0,Time,,,,0,,,,count,,,,1,,,,,,,,Facility Census,,,,fiscal
N,vis_08,vis_08,adf,adf.m.ch_low_mod_no,male.chronic_low_moderate_no_chronic,Male Detainees Low/Moderate/No Chronic Health Condition,"((sex == 'M')) & (chronic_status .isin(['LOW','MODERATE','NO CHRONIC CONDITION']))",adf,m.ch_low_mod_no,,,,,,,,,,,,,,,,,,,,,,,,,,,,,,,,,,,,,,,,,,,,,,,,,,,,,,,,,,,,,,,,,,,,,,,,,#d62728,,,,,,,,1,,,,week,,,,0.2,,,,,,,,#1f77b4,,,,--,,,,1.25,,,,TRUE,,,,#000000,,,,:,,,,1.5,,,,#000000,,,,--,,,,1.5,,,,0.85,,,,,,,,,,,,subtract,,,,,,,,LC ADF,300,,,,FALSE,,,,1,12/31/2025,,,,,,,,,,,,,,,,,,,,,TRUE,,,,,,,,,,,,6,,,,14,,,,Segoe UI,,,,ols,,,,,,,,TRUE,,,,TRUE,,,,9,,,,10,,,,1,,,,,,,,4,,,,0.8,,,,,,,,,,,,,,,,,,,,,,,,,,,,,,,,,,,,,,,,vis_08_title,,,,vis_08_title,,,,vis_08_legend,,,,vis_08_legend,,,,vis_08_parameters,,,,vis_08_param,,,,vis_08_peak_projection_table,,,,vis_08_peak_projection_table,,,,vis_08__,,,,vis_08_image,,,,vis_08_projection_table,,,,vis_08_projection_table,,,,vis_08_peak_point,,,,vis_08_peak_point,,,,group1,,,,1,,,,pptx_template.vis_08.pptx,,,,1,,,,D,,,,#ff7f0e,,,,--,,,,2,,,,300,,,,6,,,,60,,,,5,,,,60,,,,,,,,TRUE,,,,TRUE,,,,TRUE,,,,1/1/2021,12,,,,10,,,,#d9d9d9,,,,16,,,,0.3,,,,bold,,,,13.33,,,,60,,,,#1f77b4,,,,-,,,,2,,,,5/1/2021,,,,cohort,,,,,,,,,FALSE,,,,0,Time,,,,0,,,,count,,,,1,,,,,,,,Facility Census,,,,fiscal
N,vis_08,vis_08,adf,adf.m.u55,male.u55,Male Detainees Under 55,((sex == 'M')) & (age_bracket == 'adult under 55'),adf,m.u55,,,,,,,,,,,,,,,,,,,,,,,,,,,,,,,,,,,,,,,,,,,,,,,,,,,,,,,,,,,,,,,,,,,,,,,,,#d62728,,,,,,,,1,,,,week,,,,0.2,,,,,,,,#1f77b4,,,,--,,,,1.25,,,,TRUE,,,,#000000,,,,:,,,,1.5,,,,#000000,,,,--,,,,1.5,,,,0.85,,,,,,,,,,,,subtract,,,,,,,,LC ADF,300,,,,FALSE,,,,1,12/31/2025,,,,,,,,,,,,,,,,,,,,,TRUE,,,,,,,,,,,,6,,,,14,,,,Segoe UI,,,,ols,,,,,,,,TRUE,,,,TRUE,,,,9,,,,10,,,,1,,,,,,,,4,,,,0.8,,,,,,,,,,,,,,,,,,,,,,,,,,,,,,,,,,,,,,,,vis_08_title,,,,vis_08_title,,,,vis_08_legend,,,,vis_08_legend,,,,vis_08_parameters,,,,vis_08_param,,,,vis_08_peak_projection_table,,,,vis_08_peak_projection_table,,,,vis_08__,,,,vis_08_image,,,,vis_08_projection_table,,,,vis_08_projection_table,,,,vis_08_peak_point,,,,vis_08_peak_point,,,,group1,,,,1,,,,pptx_template.vis_08.pptx,,,,1,,,,D,,,,#ff7f0e,,,,--,,,,2,,,,300,,,,6,,,,60,,,,5,,,,60,,,,,,,,TRUE,,,,TRUE,,,,TRUE,,,,1/1/2021,12,,,,10,,,,#d9d9d9,,,,16,,,,0.3,,,,bold,,,,13.33,,,,60,,,,#1f77b4,,,,-,,,,2,,,,5/1/2021,,,,cohort,,,,,,,,,FALSE,,,,0,Time,,,,0,,,,count,,,,1,,,,,,,,Facility Census,,,,fiscal
N,vis_08,vis_08,adf,adf.max,maximum,Maximum Custody,(custody_class.isin(['MAX'])),adf,max,,,,,,,,,,,,,,,,,,,,,,,,,,,,,,,,,,,,,,,,,,,,,,,,,,,,,,,,,,,,,,,,,,,,,,,,,#d62728,,,,,,,,1,,,,week,,,,0.2,,,,,,,,#1f77b4,,,,--,,,,1.25,,,,TRUE,,,,#000000,,,,:,,,,1.5,,,,#000000,,,,--,,,,1.5,,,,0.85,,,,,,,,,,,,subtract,,,,,,,,LC ADF,300,,,,FALSE,,,,1,12/31/2025,,,,,,,,,,,,,,,,,,,,,TRUE,,,,,,,,,,,,6,,,,14,,,,Segoe UI,,,,ols,,,,,,,,TRUE,,,,TRUE,,,,9,,,,10,,,,1,,,,,,,,4,,,,0.8,,,,,,,,,,,,,,,,,,,,,,,,,,,,,,,,,,,,,,,,vis_08_title,,,,vis_08_title,,,,vis_08_legend,,,,vis_08_legend,,,,vis_08_parameters,,,,vis_08_param,,,,vis_08_peak_projection_table,,,,vis_08_peak_projection_table,,,,vis_08__,,,,vis_08_image,,,,vis_08_projection_table,,,,vis_08_projection_table,,,,vis_08_peak_point,,,,vis_08_peak_point,,,,group1,,,,1,,,,pptx_template.vis_08.pptx,,,,1,,,,D,,,,#ff7f0e,,,,--,,,,2,,,,300,,,,6,,,,60,,,,5,,,,60,,,,,,,,TRUE,,,,TRUE,,,,TRUE,,,,1/1/2021,12,,,,10,,,,#d9d9d9,,,,16,,,,0.3,,,,bold,,,,13.33,,,,60,,,,#1f77b4,,,,-,,,,2,,,,5/1/2021,,,,cohort,,,,,,,,,FALSE,,,,0,Time,,,,0,,,,count,,,,1,,,,,,,,Facility Census,,,,fiscal
N,vis_08,vis_08,adf,adf.max.55plus,maximum.55plus,Maximum Custody 55+,((custody_class.isin(['MAX']))) & (age_bracket == 'adult 55+'),adf,max.55plus,,,,,,,,,,,,,,,,,,,,,,,,,,,,,,,,,,,,,,,,,,,,,,,,,,,,,,,,,,,,,,,,,,,,,,,,,#d62728,,,,,,,,1,,,,week,,,,0.2,,,,,,,,#1f77b4,,,,--,,,,1.25,,,,TRUE,,,,#000000,,,,:,,,,1.5,,,,#000000,,,,--,,,,1.5,,,,0.85,,,,,,,,,,,,subtract,,,,,,,,LC ADF,300,,,,FALSE,,,,1,12/31/2025,,,,,,,,,,,,,,,,,,,,,TRUE,,,,,,,,,,,,6,,,,14,,,,Segoe UI,,,,ols,,,,,,,,TRUE,,,,TRUE,,,,9,,,,10,,,,1,,,,,,,,4,,,,0.8,,,,,,,,,,,,,,,,,,,,,,,,,,,,,,,,,,,,,,,,vis_08_title,,,,vis_08_title,,,,vis_08_legend,,,,vis_08_legend,,,,vis_08_parameters,,,,vis_08_param,,,,vis_08_peak_projection_table,,,,vis_08_peak_projection_table,,,,vis_08__,,,,vis_08_image,,,,vis_08_projection_table,,,,vis_08_projection_table,,,,vis_08_peak_point,,,,vis_08_peak_point,,,,group1,,,,1,,,,pptx_template.vis_08.pptx,,,,1,,,,D,,,,#ff7f0e,,,,--,,,,2,,,,300,,,,6,,,,60,,,,5,,,,60,,,,,,,,TRUE,,,,TRUE,,,,TRUE,,,,1/1/2021,12,,,,10,,,,#d9d9d9,,,,16,,,,0.3,,,,bold,,,,13.33,,,,60,,,,#1f77b4,,,,-,,,,2,,,,5/1/2021,,,,cohort,,,,,,,,,FALSE,,,,0,Time,,,,0,,,,count,,,,1,,,,,,,,Facility Census,,,,fiscal
N,vis_08,vis_08,adf,adf.max.ch_high,maximum.chronic_high,Maximum Custody Highly Severe Chronic Health Condition,((custody_class.isin(['MAX']))) & (chronic_status == 'HIGH'),adf,max.ch_high,,,,,,,,,,,,,,,,,,,,,,,,,,,,,,,,,,,,,,,,,,,,,,,,,,,,,,,,,,,,,,,,,,,,,,,,,#d62728,,,,,,,,1,,,,week,,,,0.2,,,,,,,,#1f77b4,,,,--,,,,1.25,,,,TRUE,,,,#000000,,,,:,,,,1.5,,,,#000000,,,,--,,,,1.5,,,,0.85,,,,,,,,,,,,subtract,,,,,,,,LC ADF,300,,,,FALSE,,,,1,12/31/2025,,,,,,,,,,,,,,,,,,,,,TRUE,,,,,,,,,,,,6,,,,14,,,,Segoe UI,,,,ols,,,,,,,,TRUE,,,,TRUE,,,,9,,,,10,,,,1,,,,,,,,4,,,,0.8,,,,,,,,,,,,,,,,,,,,,,,,,,,,,,,,,,,,,,,,vis_08_title,,,,vis_08_title,,,,vis_08_legend,,,,vis_08_legend,,,,vis_08_parameters,,,,vis_08_param,,,,vis_08_peak_projection_table,,,,vis_08_peak_projection_table,,,,vis_08__,,,,vis_08_image,,,,vis_08_projection_table,,,,vis_08_projection_table,,,,vis_08_peak_point,,,,vis_08_peak_point,,,,group1,,,,1,,,,pptx_template.vis_08.pptx,,,,1,,,,D,,,,#ff7f0e,,,,--,,,,2,,,,300,,,,6,,,,60,,,,5,,,,60,,,,,,,,TRUE,,,,TRUE,,,,TRUE,,,,1/1/2021,12,,,,10,,,,#d9d9d9,,,,16,,,,0.3,,,,bold,,,,13.33,,,,60,,,,#1f77b4,,,,-,,,,2,,,,5/1/2021,,,,cohort,,,,,,,,,FALSE,,,,0,Time,,,,0,,,,count,,,,1,,,,,,,,Facility Census,,,,fiscal
N,vis_08,vis_08,adf,adf.max.ch_low_mod_no,maximum.chronic_low_moderate_no_chronic,Maximum Custody Low/Moderate/No Chronic Health Condition,"((custody_class.isin(['MAX']))) & (chronic_status .isin(['LOW','MODERATE','NO CHRONIC CONDITION']))",adf,max.ch_low_mod_no,,,,,,,,,,,,,,,,,,,,,,,,,,,,,,,,,,,,,,,,,,,,,,,,,,,,,,,,,,,,,,,,,,,,,,,,,#d62728,,,,,,,,1,,,,week,,,,0.2,,,,,,,,#1f77b4,,,,--,,,,1.25,,,,TRUE,,,,#000000,,,,:,,,,1.5,,,,#000000,,,,--,,,,1.5,,,,0.85,,,,,,,,,,,,subtract,,,,,,,,LC ADF,300,,,,FALSE,,,,1,12/31/2025,,,,,,,,,,,,,,,,,,,,,TRUE,,,,,,,,,,,,6,,,,14,,,,Segoe UI,,,,ols,,,,,,,,TRUE,,,,TRUE,,,,9,,,,10,,,,1,,,,,,,,4,,,,0.8,,,,,,,,,,,,,,,,,,,,,,,,,,,,,,,,,,,,,,,,vis_08_title,,,,vis_08_title,,,,vis_08_legend,,,,vis_08_legend,,,,vis_08_parameters,,,,vis_08_param,,,,vis_08_peak_projection_table,,,,vis_08_peak_projection_table,,,,vis_08__,,,,vis_08_image,,,,vis_08_projection_table,,,,vis_08_projection_table,,,,vis_08_peak_point,,,,vis_08_peak_point,,,,group1,,,,1,,,,pptx_template.vis_08.pptx,,,,1,,,,D,,,,#ff7f0e,,,,--,,,,2,,,,300,,,,6,,,,60,,,,5,,,,60,,,,,,,,TRUE,,,,TRUE,,,,TRUE,,,,1/1/2021,12,,,,10,,,,#d9d9d9,,,,16,,,,0.3,,,,bold,,,,13.33,,,,60,,,,#1f77b4,,,,-,,,,2,,,,5/1/2021,,,,cohort,,,,,,,,,FALSE,,,,0,Time,,,,0,,,,count,,,,1,,,,,,,,Facility Census,,,,fiscal
N,vis_08,vis_08,adf,adf.max.f,maximum.female,Maximum Custody Female,((custody_class.isin(['MAX']))) & (sex == 'F'),adf,max.f,,,,,,,,,,,,,,,,,,,,,,,,,,,,,,,,,,,,,,,,,,,,,,,,,,,,,,,,,,,,,,,,,,,,,,,,,#d62728,,,,,,,,1,,,,week,,,,0.2,,,,,,,,#1f77b4,,,,--,,,,1.25,,,,TRUE,,,,#000000,,,,:,,,,1.5,,,,#000000,,,,--,,,,1.5,,,,0.85,,,,,,,,,,,,subtract,,,,,,,,LC ADF,300,,,,FALSE,,,,1,12/31/2025,,,,,,,,,,,,,,,,,,,,,TRUE,,,,,,,,,,,,6,,,,14,,,,Segoe UI,,,,ols,,,,,,,,TRUE,,,,TRUE,,,,9,,,,10,,,,1,,,,,,,,4,,,,0.8,,,,,,,,,,,,,,,,,,,,,,,,,,,,,,,,,,,,,,,,vis_08_title,,,,vis_08_title,,,,vis_08_legend,,,,vis_08_legend,,,,vis_08_parameters,,,,vis_08_param,,,,vis_08_peak_projection_table,,,,vis_08_peak_projection_table,,,,vis_08__,,,,vis_08_image,,,,vis_08_projection_table,,,,vis_08_projection_table,,,,vis_08_peak_point,,,,vis_08_peak_point,,,,group1,,,,1,,,,pptx_template.vis_08.pptx,,,,1,,,,D,,,,#ff7f0e,,,,--,,,,2,,,,300,,,,6,,,,60,,,,5,,,,60,,,,,,,,TRUE,,,,TRUE,,,,TRUE,,,,1/1/2021,12,,,,10,,,,#d9d9d9,,,,16,,,,0.3,,,,bold,,,,13.33,,,,60,,,,#1f77b4,,,,-,,,,2,,,,5/1/2021,,,,cohort,,,,,,,,,FALSE,,,,0,Time,,,,0,,,,count,,,,1,,,,,,,,Facility Census,,,,fiscal
N,vis_08,vis_08,adf,adf.max.f.55plus,maximum.female.55plus,Maximum Custody Female 55+,(((custody_class.isin(['MAX']))) & (sex == 'F')) & (age_bracket == 'adult 55+'),adf,max.f.55plus,,,,,,,,,,,,,,,,,,,,,,,,,,,,,,,,,,,,,,,,,,,,,,,,,,,,,,,,,,,,,,,,,,,,,,,,,#d62728,,,,,,,,1,,,,week,,,,0.2,,,,,,,,#1f77b4,,,,--,,,,1.25,,,,TRUE,,,,#000000,,,,:,,,,1.5,,,,#000000,,,,--,,,,1.5,,,,0.85,,,,,,,,,,,,subtract,,,,,,,,LC ADF,300,,,,FALSE,,,,1,12/31/2025,,,,,,,,,,,,,,,,,,,,,TRUE,,,,,,,,,,,,6,,,,14,,,,Segoe UI,,,,ols,,,,,,,,TRUE,,,,TRUE,,,,9,,,,10,,,,1,,,,,,,,4,,,,0.8,,,,,,,,,,,,,,,,,,,,,,,,,,,,,,,,,,,,,,,,vis_08_title,,,,vis_08_title,,,,vis_08_legend,,,,vis_08_legend,,,,vis_08_parameters,,,,vis_08_param,,,,vis_08_peak_projection_table,,,,vis_08_peak_projection_table,,,,vis_08__,,,,vis_08_image,,,,vis_08_projection_table,,,,vis_08_projection_table,,,,vis_08_peak_point,,,,vis_08_peak_point,,,,group1,,,,1,,,,pptx_template.vis_08.pptx,,,,1,,,,D,,,,#ff7f0e,,,,--,,,,2,,,,300,,,,6,,,,60,,,,5,,,,60,,,,,,,,TRUE,,,,TRUE,,,,TRUE,,,,1/1/2021,12,,,,10,,,,#d9d9d9,,,,16,,,,0.3,,,,bold,,,,13.33,,,,60,,,,#1f77b4,,,,-,,,,2,,,,5/1/2021,,,,cohort,,,,,,,,,FALSE,,,,0,Time,,,,0,,,,count,,,,1,,,,,,,,Facility Census,,,,fiscal
N,vis_08,vis_08,adf,adf.max.f.ch_high,maximum.female.chronic_high,Maximum Custody Female Highly Severe Chronic Health Condition,(((custody_class.isin(['MAX']))) & (sex == 'F')) & (chronic_status == 'HIGH'),adf,max.f.ch_high,,,,,,,,,,,,,,,,,,,,,,,,,,,,,,,,,,,,,,,,,,,,,,,,,,,,,,,,,,,,,,,,,,,,,,,,,#d62728,,,,,,,,1,,,,week,,,,0.2,,,,,,,,#1f77b4,,,,--,,,,1.25,,,,TRUE,,,,#000000,,,,:,,,,1.5,,,,#000000,,,,--,,,,1.5,,,,0.85,,,,,,,,,,,,subtract,,,,,,,,LC ADF,300,,,,FALSE,,,,1,12/31/2025,,,,,,,,,,,,,,,,,,,,,TRUE,,,,,,,,,,,,6,,,,14,,,,Segoe UI,,,,ols,,,,,,,,TRUE,,,,TRUE,,,,9,,,,10,,,,1,,,,,,,,4,,,,0.8,,,,,,,,,,,,,,,,,,,,,,,,,,,,,,,,,,,,,,,,vis_08_title,,,,vis_08_title,,,,vis_08_legend,,,,vis_08_legend,,,,vis_08_parameters,,,,vis_08_param,,,,vis_08_peak_projection_table,,,,vis_08_peak_projection_table,,,,vis_08__,,,,vis_08_image,,,,vis_08_projection_table,,,,vis_08_projection_table,,,,vis_08_peak_point,,,,vis_08_peak_point,,,,group1,,,,1,,,,pptx_template.vis_08.pptx,,,,1,,,,D,,,,#ff7f0e,,,,--,,,,2,,,,300,,,,6,,,,60,,,,5,,,,60,,,,,,,,TRUE,,,,TRUE,,,,TRUE,,,,1/1/2021,12,,,,10,,,,#d9d9d9,,,,16,,,,0.3,,,,bold,,,,13.33,,,,60,,,,#1f77b4,,,,-,,,,2,,,,5/1/2021,,,,cohort,,,,,,,,,FALSE,,,,0,Time,,,,0,,,,count,,,,1,,,,,,,,Facility Census,,,,fiscal
N,vis_08,vis_08,adf,adf.max.f.ch_low_mod_no,maximum.female.chronic_low_moderate_no_chronic,Maximum Custody Female Low/Moderate/No Chronic Health Condition,"(((custody_class.isin(['MAX']))) & (sex == 'F')) & (chronic_status .isin(['LOW','MODERATE','NO CHRONIC CONDITION']))",adf,max.f.ch_low_mod_no,,,,,,,,,,,,,,,,,,,,,,,,,,,,,,,,,,,,,,,,,,,,,,,,,,,,,,,,,,,,,,,,,,,,,,,,,#d62728,,,,,,,,1,,,,week,,,,0.2,,,,,,,,#1f77b4,,,,--,,,,1.25,,,,TRUE,,,,#000000,,,,:,,,,1.5,,,,#000000,,,,--,,,,1.5,,,,0.85,,,,,,,,,,,,subtract,,,,,,,,LC ADF,300,,,,FALSE,,,,1,12/31/2025,,,,,,,,,,,,,,,,,,,,,TRUE,,,,,,,,,,,,6,,,,14,,,,Segoe UI,,,,ols,,,,,,,,TRUE,,,,TRUE,,,,9,,,,10,,,,1,,,,,,,,4,,,,0.8,,,,,,,,,,,,,,,,,,,,,,,,,,,,,,,,,,,,,,,,vis_08_title,,,,vis_08_title,,,,vis_08_legend,,,,vis_08_legend,,,,vis_08_parameters,,,,vis_08_param,,,,vis_08_peak_projection_table,,,,vis_08_peak_projection_table,,,,vis_08__,,,,vis_08_image,,,,vis_08_projection_table,,,,vis_08_projection_table,,,,vis_08_peak_point,,,,vis_08_peak_point,,,,group1,,,,1,,,,pptx_template.vis_08.pptx,,,,1,,,,D,,,,#ff7f0e,,,,--,,,,2,,,,300,,,,6,,,,60,,,,5,,,,60,,,,,,,,TRUE,,,,TRUE,,,,TRUE,,,,1/1/2021,12,,,,10,,,,#d9d9d9,,,,16,,,,0.3,,,,bold,,,,13.33,,,,60,,,,#1f77b4,,,,-,,,,2,,,,5/1/2021,,,,cohort,,,,,,,,,FALSE,,,,0,Time,,,,0,,,,count,,,,1,,,,,,,,Facility Census,,,,fiscal
N,vis_08,vis_08,adf,adf.max.f.u55,maximum.female.u55,Maximum Custody Female Under 55,(((custody_class.isin(['MAX']))) & (sex == 'F')) & (age_bracket == 'adult under 55'),adf,max.f.u55,,,,,,,,,,,,,,,,,,,,,,,,,,,,,,,,,,,,,,,,,,,,,,,,,,,,,,,,,,,,,,,,,,,,,,,,,#d62728,,,,,,,,1,,,,week,,,,0.2,,,,,,,,#1f77b4,,,,--,,,,1.25,,,,TRUE,,,,#000000,,,,:,,,,1.5,,,,#000000,,,,--,,,,1.5,,,,0.85,,,,,,,,,,,,subtract,,,,,,,,LC ADF,300,,,,FALSE,,,,1,12/31/2025,,,,,,,,,,,,,,,,,,,,,TRUE,,,,,,,,,,,,6,,,,14,,,,Segoe UI,,,,ols,,,,,,,,TRUE,,,,TRUE,,,,9,,,,10,,,,1,,,,,,,,4,,,,0.8,,,,,,,,,,,,,,,,,,,,,,,,,,,,,,,,,,,,,,,,vis_08_title,,,,vis_08_title,,,,vis_08_legend,,,,vis_08_legend,,,,vis_08_parameters,,,,vis_08_param,,,,vis_08_peak_projection_table,,,,vis_08_peak_projection_table,,,,vis_08__,,,,vis_08_image,,,,vis_08_projection_table,,,,vis_08_projection_table,,,,vis_08_peak_point,,,,vis_08_peak_point,,,,group1,,,,1,,,,pptx_template.vis_08.pptx,,,,1,,,,D,,,,#ff7f0e,,,,--,,,,2,,,,300,,,,6,,,,60,,,,5,,,,60,,,,,,,,TRUE,,,,TRUE,,,,TRUE,,,,1/1/2021,12,,,,10,,,,#d9d9d9,,,,16,,,,0.3,,,,bold,,,,13.33,,,,60,,,,#1f77b4,,,,-,,,,2,,,,5/1/2021,,,,cohort,,,,,,,,,FALSE,,,,0,Time,,,,0,,,,count,,,,1,,,,,,,,Facility Census,,,,fiscal
N,vis_08,vis_08,adf,adf.max.m,maximum.male,Maximum Custody Male,((custody_class.isin(['MAX']))) & (sex == 'M'),adf,max.m,,,,,,,,,,,,,,,,,,,,,,,,,,,,,,,,,,,,,,,,,,,,,,,,,,,,,,,,,,,,,,,,,,,,,,,,,#d62728,,,,,,,,1,,,,week,,,,0.2,,,,,,,,#1f77b4,,,,--,,,,1.25,,,,TRUE,,,,#000000,,,,:,,,,1.5,,,,#000000,,,,--,,,,1.5,,,,0.85,,,,,,,,,,,,subtract,,,,,,,,LC ADF,300,,,,FALSE,,,,1,12/31/2025,,,,,,,,,,,,,,,,,,,,,TRUE,,,,,,,,,,,,6,,,,14,,,,Segoe UI,,,,ols,,,,,,,,TRUE,,,,TRUE,,,,9,,,,10,,,,1,,,,,,,,4,,,,0.8,,,,,,,,,,,,,,,,,,,,,,,,,,,,,,,,,,,,,,,,vis_08_title,,,,vis_08_title,,,,vis_08_legend,,,,vis_08_legend,,,,vis_08_parameters,,,,vis_08_param,,,,vis_08_peak_projection_table,,,,vis_08_peak_projection_table,,,,vis_08__,,,,vis_08_image,,,,vis_08_projection_table,,,,vis_08_projection_table,,,,vis_08_peak_point,,,,vis_08_peak_point,,,,group1,,,,1,,,,pptx_template.vis_08.pptx,,,,1,,,,D,,,,#ff7f0e,,,,--,,,,2,,,,300,,,,6,,,,60,,,,5,,,,60,,,,,,,,TRUE,,,,TRUE,,,,TRUE,,,,1/1/2021,12,,,,10,,,,#d9d9d9,,,,16,,,,0.3,,,,bold,,,,13.33,,,,60,,,,#1f77b4,,,,-,,,,2,,,,5/1/2021,,,,cohort,,,,,,,,,FALSE,,,,0,Time,,,,0,,,,count,,,,1,,,,,,,,Facility Census,,,,fiscal
N,vis_08,vis_08,adf,adf.max.m.55plus,maximum.male.55plus,Maximum Custody Male 55+,(((custody_class.isin(['MAX']))) & (sex == 'M')) & (age_bracket == 'adult 55+'),adf,max.m.55plus,,,,,,,,,,,,,,,,,,,,,,,,,,,,,,,,,,,,,,,,,,,,,,,,,,,,,,,,,,,,,,,,,,,,,,,,,#d62728,,,,,,,,1,,,,week,,,,0.2,,,,,,,,#1f77b4,,,,--,,,,1.25,,,,TRUE,,,,#000000,,,,:,,,,1.5,,,,#000000,,,,--,,,,1.5,,,,0.85,,,,,,,,,,,,subtract,,,,,,,,LC ADF,300,,,,FALSE,,,,1,12/31/2025,,,,,,,,,,,,,,,,,,,,,TRUE,,,,,,,,,,,,6,,,,14,,,,Segoe UI,,,,ols,,,,,,,,TRUE,,,,TRUE,,,,9,,,,10,,,,1,,,,,,,,4,,,,0.8,,,,,,,,,,,,,,,,,,,,,,,,,,,,,,,,,,,,,,,,vis_08_title,,,,vis_08_title,,,,vis_08_legend,,,,vis_08_legend,,,,vis_08_parameters,,,,vis_08_param,,,,vis_08_peak_projection_table,,,,vis_08_peak_projection_table,,,,vis_08__,,,,vis_08_image,,,,vis_08_projection_table,,,,vis_08_projection_table,,,,vis_08_peak_point,,,,vis_08_peak_point,,,,group1,,,,1,,,,pptx_template.vis_08.pptx,,,,1,,,,D,,,,#ff7f0e,,,,--,,,,2,,,,300,,,,6,,,,60,,,,5,,,,60,,,,,,,,TRUE,,,,TRUE,,,,TRUE,,,,1/1/2021,12,,,,10,,,,#d9d9d9,,,,16,,,,0.3,,,,bold,,,,13.33,,,,60,,,,#1f77b4,,,,-,,,,2,,,,5/1/2021,,,,cohort,,,,,,,,,FALSE,,,,0,Time,,,,0,,,,count,,,,1,,,,,,,,Facility Census,,,,fiscal
N,vis_08,vis_08,adf,adf.max.m.ch_high,maximum.male.chronic_high,Maximum Custody Male Highly Severe Chronic Health Condition,(((custody_class.isin(['MAX']))) & (sex == 'M')) & (chronic_status == 'HIGH'),adf,max.m.ch_high,,,,,,,,,,,,,,,,,,,,,,,,,,,,,,,,,,,,,,,,,,,,,,,,,,,,,,,,,,,,,,,,,,,,,,,,,#d62728,,,,,,,,1,,,,week,,,,0.2,,,,,,,,#1f77b4,,,,--,,,,1.25,,,,TRUE,,,,#000000,,,,:,,,,1.5,,,,#000000,,,,--,,,,1.5,,,,0.85,,,,,,,,,,,,subtract,,,,,,,,LC ADF,300,,,,FALSE,,,,1,12/31/2025,,,,,,,,,,,,,,,,,,,,,TRUE,,,,,,,,,,,,6,,,,14,,,,Segoe UI,,,,ols,,,,,,,,TRUE,,,,TRUE,,,,9,,,,10,,,,1,,,,,,,,4,,,,0.8,,,,,,,,,,,,,,,,,,,,,,,,,,,,,,,,,,,,,,,,vis_08_title,,,,vis_08_title,,,,vis_08_legend,,,,vis_08_legend,,,,vis_08_parameters,,,,vis_08_param,,,,vis_08_peak_projection_table,,,,vis_08_peak_projection_table,,,,vis_08__,,,,vis_08_image,,,,vis_08_projection_table,,,,vis_08_projection_table,,,,vis_08_peak_point,,,,vis_08_peak_point,,,,group1,,,,1,,,,pptx_template.vis_08.pptx,,,,1,,,,D,,,,#ff7f0e,,,,--,,,,2,,,,300,,,,6,,,,60,,,,5,,,,60,,,,,,,,TRUE,,,,TRUE,,,,TRUE,,,,1/1/2021,12,,,,10,,,,#d9d9d9,,,,16,,,,0.3,,,,bold,,,,13.33,,,,60,,,,#1f77b4,,,,-,,,,2,,,,5/1/2021,,,,cohort,,,,,,,,,FALSE,,,,0,Time,,,,0,,,,count,,,,1,,,,,,,,Facility Census,,,,fiscal
N,vis_08,vis_08,adf,adf.max.m.ch_low_mod_no,maximum.male.chronic_low_moderate_no_chronic,Maximum Custody Male Low/Moderate/No Chronic Health Condition,"(((custody_class.isin(['MAX']))) & (sex == 'M')) & (chronic_status .isin(['LOW','MODERATE','NO CHRONIC CONDITION']))",adf,max.m.ch_low_mod_no,,,,,,,,,,,,,,,,,,,,,,,,,,,,,,,,,,,,,,,,,,,,,,,,,,,,,,,,,,,,,,,,,,,,,,,,,#d62728,,,,,,,,1,,,,week,,,,0.2,,,,,,,,#1f77b4,,,,--,,,,1.25,,,,TRUE,,,,#000000,,,,:,,,,1.5,,,,#000000,,,,--,,,,1.5,,,,0.85,,,,,,,,,,,,subtract,,,,,,,,LC ADF,300,,,,FALSE,,,,1,12/31/2025,,,,,,,,,,,,,,,,,,,,,TRUE,,,,,,,,,,,,6,,,,14,,,,Segoe UI,,,,ols,,,,,,,,TRUE,,,,TRUE,,,,9,,,,10,,,,1,,,,,,,,4,,,,0.8,,,,,,,,,,,,,,,,,,,,,,,,,,,,,,,,,,,,,,,,vis_08_title,,,,vis_08_title,,,,vis_08_legend,,,,vis_08_legend,,,,vis_08_parameters,,,,vis_08_param,,,,vis_08_peak_projection_table,,,,vis_08_peak_projection_table,,,,vis_08__,,,,vis_08_image,,,,vis_08_projection_table,,,,vis_08_projection_table,,,,vis_08_peak_point,,,,vis_08_peak_point,,,,group1,,,,1,,,,pptx_template.vis_08.pptx,,,,1,,,,D,,,,#ff7f0e,,,,--,,,,2,,,,300,,,,6,,,,60,,,,5,,,,60,,,,,,,,TRUE,,,,TRUE,,,,TRUE,,,,1/1/2021,12,,,,10,,,,#d9d9d9,,,,16,,,,0.3,,,,bold,,,,13.33,,,,60,,,,#1f77b4,,,,-,,,,2,,,,5/1/2021,,,,cohort,,,,,,,,,FALSE,,,,0,Time,,,,0,,,,count,,,,1,,,,,,,,Facility Census,,,,fiscal
N,vis_08,vis_08,adf,adf.max.m.u55,maximum.male.u55,Maximum Custody Male Under 55,(((custody_class.isin(['MAX']))) & (sex == 'M')) & (age_bracket == 'adult under 55'),adf,max.m.u55,,,,,,,,,,,,,,,,,,,,,,,,,,,,,,,,,,,,,,,,,,,,,,,,,,,,,,,,,,,,,,,,,,,,,,,,,#d62728,,,,,,,,1,,,,week,,,,0.2,,,,,,,,#1f77b4,,,,--,,,,1.25,,,,TRUE,,,,#000000,,,,:,,,,1.5,,,,#000000,,,,--,,,,1.5,,,,0.85,,,,,,,,,,,,subtract,,,,,,,,LC ADF,300,,,,FALSE,,,,1,12/31/2025,,,,,,,,,,,,,,,,,,,,,TRUE,,,,,,,,,,,,6,,,,14,,,,Segoe UI,,,,ols,,,,,,,,TRUE,,,,TRUE,,,,9,,,,10,,,,1,,,,,,,,4,,,,0.8,,,,,,,,,,,,,,,,,,,,,,,,,,,,,,,,,,,,,,,,vis_08_title,,,,vis_08_title,,,,vis_08_legend,,,,vis_08_legend,,,,vis_08_parameters,,,,vis_08_param,,,,vis_08_peak_projection_table,,,,vis_08_peak_projection_table,,,,vis_08__,,,,vis_08_image,,,,vis_08_projection_table,,,,vis_08_projection_table,,,,vis_08_peak_point,,,,vis_08_peak_point,,,,group1,,,,1,,,,pptx_template.vis_08.pptx,,,,1,,,,D,,,,#ff7f0e,,,,--,,,,2,,,,300,,,,6,,,,60,,,,5,,,,60,,,,,,,,TRUE,,,,TRUE,,,,TRUE,,,,1/1/2021,12,,,,10,,,,#d9d9d9,,,,16,,,,0.3,,,,bold,,,,13.33,,,,60,,,,#1f77b4,,,,-,,,,2,,,,5/1/2021,,,,cohort,,,,,,,,,FALSE,,,,0,Time,,,,0,,,,count,,,,1,,,,,,,,Facility Census,,,,fiscal
N,vis_08,vis_08,adf,adf.max.u55,maximum.u55,Maximum Custody Under 55,((custody_class.isin(['MAX']))) & (age_bracket == 'adult under 55'),adf,max.u55,,,,,,,,,,,,,,,,,,,,,,,,,,,,,,,,,,,,,,,,,,,,,,,,,,,,,,,,,,,,,,,,,,,,,,,,,#d62728,,,,,,,,1,,,,week,,,,0.2,,,,,,,,#1f77b4,,,,--,,,,1.25,,,,TRUE,,,,#000000,,,,:,,,,1.5,,,,#000000,,,,--,,,,1.5,,,,0.85,,,,,,,,,,,,subtract,,,,,,,,LC ADF,300,,,,FALSE,,,,1,12/31/2025,,,,,,,,,,,,,,,,,,,,,TRUE,,,,,,,,,,,,6,,,,14,,,,Segoe UI,,,,ols,,,,,,,,TRUE,,,,TRUE,,,,9,,,,10,,,,1,,,,,,,,4,,,,0.8,,,,,,,,,,,,,,,,,,,,,,,,,,,,,,,,,,,,,,,,vis_08_title,,,,vis_08_title,,,,vis_08_legend,,,,vis_08_legend,,,,vis_08_parameters,,,,vis_08_param,,,,vis_08_peak_projection_table,,,,vis_08_peak_projection_table,,,,vis_08__,,,,vis_08_image,,,,vis_08_projection_table,,,,vis_08_projection_table,,,,vis_08_peak_point,,,,vis_08_peak_point,,,,group1,,,,1,,,,pptx_template.vis_08.pptx,,,,1,,,,D,,,,#ff7f0e,,,,--,,,,2,,,,300,,,,6,,,,60,,,,5,,,,60,,,,,,,,TRUE,,,,TRUE,,,,TRUE,,,,1/1/2021,12,,,,10,,,,#d9d9d9,,,,16,,,,0.3,,,,bold,,,,13.33,,,,60,,,,#1f77b4,,,,-,,,,2,,,,5/1/2021,,,,cohort,,,,,,,,,FALSE,,,,0,Time,,,,0,,,,count,,,,1,,,,,,,,Facility Census,,,,fiscal
N,vis_08,vis_08,adf,adf.mx_all,medical_all,Medical Care All,"(housing.isin(['INFM','BRE','BRW','BSDC','CTRP','NHI','STE']))",adf,mx_all,,,,,,,,,,,,,,,,,,,,,,,,,,,,,,,,,,,,,,,,,,,,,,,,,,,,,,,,,,,,,,,,,,,,,,,,,#d62728,,,,,,,,1,,,,week,,,,0.2,,,,,,,,#1f77b4,,,,--,,,,1.25,,,,TRUE,,,,#000000,,,,:,,,,1.5,,,,#000000,,,,--,,,,1.5,,,,0.85,,,,,,,,,,,,subtract,,,,,,,,LC ADF,300,,,,FALSE,,,,1,12/31/2025,,,,,,,,,,,,,,,,,,,,,TRUE,,,,,,,,,,,,6,,,,14,,,,Segoe UI,,,,ols,,,,,,,,TRUE,,,,TRUE,,,,9,,,,10,,,,1,,,,,,,,4,,,,0.8,,,,,,,,,,,,,,,,,,,,,,,,,,,,,,,,,,,,,,,,vis_08_title,,,,vis_08_title,,,,vis_08_legend,,,,vis_08_legend,,,,vis_08_parameters,,,,vis_08_param,,,,vis_08_peak_projection_table,,,,vis_08_peak_projection_table,,,,vis_08__,,,,vis_08_image,,,,vis_08_projection_table,,,,vis_08_projection_table,,,,vis_08_peak_point,,,,vis_08_peak_point,,,,group1,,,,1,,,,pptx_template.vis_08.pptx,,,,1,,,,D,,,,#ff7f0e,,,,--,,,,2,,,,300,,,,6,,,,60,,,,5,,,,60,,,,,,,,TRUE,,,,TRUE,,,,TRUE,,,,1/1/2021,12,,,,10,,,,#d9d9d9,,,,16,,,,0.3,,,,bold,,,,13.33,,,,60,,,,#1f77b4,,,,-,,,,2,,,,5/1/2021,,,,cohort,,,,,,,,,FALSE,,,,0,Time,,,,0,,,,count,,,,1,,,,,,,,Facility Census,,,,fiscal
N,vis_08,vis_08,adf,adf.mx_all.55plus,medical_all.55plus,Medical Care All 55+,"((housing.isin(['INFM','BRE','BRW','BSDC','CTRP','NHI','STE']))) & (age_bracket == 'adult 55+')",adf,mx_all.55plus,,,,,,,,,,,,,,,,,,,,,,,,,,,,,,,,,,,,,,,,,,,,,,,,,,,,,,,,,,,,,,,,,,,,,,,,,#d62728,,,,,,,,1,,,,week,,,,0.2,,,,,,,,#1f77b4,,,,--,,,,1.25,,,,TRUE,,,,#000000,,,,:,,,,1.5,,,,#000000,,,,--,,,,1.5,,,,0.85,,,,,,,,,,,,subtract,,,,,,,,LC ADF,300,,,,FALSE,,,,1,12/31/2025,,,,,,,,,,,,,,,,,,,,,TRUE,,,,,,,,,,,,6,,,,14,,,,Segoe UI,,,,ols,,,,,,,,TRUE,,,,TRUE,,,,9,,,,10,,,,1,,,,,,,,4,,,,0.8,,,,,,,,,,,,,,,,,,,,,,,,,,,,,,,,,,,,,,,,vis_08_title,,,,vis_08_title,,,,vis_08_legend,,,,vis_08_legend,,,,vis_08_parameters,,,,vis_08_param,,,,vis_08_peak_projection_table,,,,vis_08_peak_projection_table,,,,vis_08__,,,,vis_08_image,,,,vis_08_projection_table,,,,vis_08_projection_table,,,,vis_08_peak_point,,,,vis_08_peak_point,,,,group1,,,,1,,,,pptx_template.vis_08.pptx,,,,1,,,,D,,,,#ff7f0e,,,,--,,,,2,,,,300,,,,6,,,,60,,,,5,,,,60,,,,,,,,TRUE,,,,TRUE,,,,TRUE,,,,1/1/2021,12,,,,10,,,,#d9d9d9,,,,16,,,,0.3,,,,bold,,,,13.33,,,,60,,,,#1f77b4,,,,-,,,,2,,,,5/1/2021,,,,cohort,,,,,,,,,FALSE,,,,0,Time,,,,0,,,,count,,,,1,,,,,,,,Facility Census,,,,fiscal
N,vis_08,vis_08,adf,adf.mx_all.ch_high,medical_all.chronic_high,Medical Care All Highly Severe Chronic Health Condition,"((housing.isin(['INFM','BRE','BRW','BSDC','CTRP','NHI','STE']))) & (chronic_status == 'HIGH')",adf,mx_all.ch_high,,,,,,,,,,,,,,,,,,,,,,,,,,,,,,,,,,,,,,,,,,,,,,,,,,,,,,,,,,,,,,,,,,,,,,,,,#d62728,,,,,,,,1,,,,week,,,,0.2,,,,,,,,#1f77b4,,,,--,,,,1.25,,,,TRUE,,,,#000000,,,,:,,,,1.5,,,,#000000,,,,--,,,,1.5,,,,0.85,,,,,,,,,,,,subtract,,,,,,,,LC ADF,300,,,,FALSE,,,,1,12/31/2025,,,,,,,,,,,,,,,,,,,,,TRUE,,,,,,,,,,,,6,,,,14,,,,Segoe UI,,,,ols,,,,,,,,TRUE,,,,TRUE,,,,9,,,,10,,,,1,,,,,,,,4,,,,0.8,,,,,,,,,,,,,,,,,,,,,,,,,,,,,,,,,,,,,,,,vis_08_title,,,,vis_08_title,,,,vis_08_legend,,,,vis_08_legend,,,,vis_08_parameters,,,,vis_08_param,,,,vis_08_peak_projection_table,,,,vis_08_peak_projection_table,,,,vis_08__,,,,vis_08_image,,,,vis_08_projection_table,,,,vis_08_projection_table,,,,vis_08_peak_point,,,,vis_08_peak_point,,,,group1,,,,1,,,,pptx_template.vis_08.pptx,,,,1,,,,D,,,,#ff7f0e,,,,--,,,,2,,,,300,,,,6,,,,60,,,,5,,,,60,,,,,,,,TRUE,,,,TRUE,,,,TRUE,,,,1/1/2021,12,,,,10,,,,#d9d9d9,,,,16,,,,0.3,,,,bold,,,,13.33,,,,60,,,,#1f77b4,,,,-,,,,2,,,,5/1/2021,,,,cohort,,,,,,,,,FALSE,,,,0,Time,,,,0,,,,count,,,,1,,,,,,,,Facility Census,,,,fiscal
N,vis_08,vis_08,adf,adf.mx_all.ch_low_mod_no,medical_all.chronic_low_moderate_no_chronic,Medical Care All Low/Moderate/No Chronic Health Condition,"((housing.isin(['INFM','BRE','BRW','BSDC','CTRP','NHI','STE']))) & (chronic_status .isin(['LOW','MODERATE','NO CHRONIC CONDITION']))",adf,mx_all.ch_low_mod_no,,,,,,,,,,,,,,,,,,,,,,,,,,,,,,,,,,,,,,,,,,,,,,,,,,,,,,,,,,,,,,,,,,,,,,,,,#d62728,,,,,,,,1,,,,week,,,,0.2,,,,,,,,#1f77b4,,,,--,,,,1.25,,,,TRUE,,,,#000000,,,,:,,,,1.5,,,,#000000,,,,--,,,,1.5,,,,0.85,,,,,,,,,,,,subtract,,,,,,,,LC ADF,300,,,,FALSE,,,,1,12/31/2025,,,,,,,,,,,,,,,,,,,,,TRUE,,,,,,,,,,,,6,,,,14,,,,Segoe UI,,,,ols,,,,,,,,TRUE,,,,TRUE,,,,9,,,,10,,,,1,,,,,,,,4,,,,0.8,,,,,,,,,,,,,,,,,,,,,,,,,,,,,,,,,,,,,,,,vis_08_title,,,,vis_08_title,,,,vis_08_legend,,,,vis_08_legend,,,,vis_08_parameters,,,,vis_08_param,,,,vis_08_peak_projection_table,,,,vis_08_peak_projection_table,,,,vis_08__,,,,vis_08_image,,,,vis_08_projection_table,,,,vis_08_projection_table,,,,vis_08_peak_point,,,,vis_08_peak_point,,,,group1,,,,1,,,,pptx_template.vis_08.pptx,,,,1,,,,D,,,,#ff7f0e,,,,--,,,,2,,,,300,,,,6,,,,60,,,,5,,,,60,,,,,,,,TRUE,,,,TRUE,,,,TRUE,,,,1/1/2021,12,,,,10,,,,#d9d9d9,,,,16,,,,0.3,,,,bold,,,,13.33,,,,60,,,,#1f77b4,,,,-,,,,2,,,,5/1/2021,,,,cohort,,,,,,,,,FALSE,,,,0,Time,,,,0,,,,count,,,,1,,,,,,,,Facility Census,,,,fiscal
N,vis_08,vis_08,adf,adf.mx_off,medical_off_campus,Medical Care Off Campus,"(housing.isin(['BRE','BRW','BSDC','CTRP','NHI','STE']))",adf,mx_off,,,,,,,,,,,,,,,,,,,,,,,,,,,,,,,,,,,,,,,,,,,,,,,,,,,,,,,,,,,,,,,,,,,,,,,,,#d62728,,,,,,,,1,,,,week,,,,0.2,,,,,,,,#1f77b4,,,,--,,,,1.25,,,,TRUE,,,,#000000,,,,:,,,,1.5,,,,#000000,,,,--,,,,1.5,,,,0.85,,,,,,,,,,,,subtract,,,,,,,,LC ADF,300,,,,FALSE,,,,1,12/31/2025,,,,,,,,,,,,,,,,,,,,,TRUE,,,,,,,,,,,,6,,,,14,,,,Segoe UI,,,,ols,,,,,,,,TRUE,,,,TRUE,,,,9,,,,10,,,,1,,,,,,,,4,,,,0.8,,,,,,,,,,,,,,,,,,,,,,,,,,,,,,,,,,,,,,,,vis_08_title,,,,vis_08_title,,,,vis_08_legend,,,,vis_08_legend,,,,vis_08_parameters,,,,vis_08_param,,,,vis_08_peak_projection_table,,,,vis_08_peak_projection_table,,,,vis_08__,,,,vis_08_image,,,,vis_08_projection_table,,,,vis_08_projection_table,,,,vis_08_peak_point,,,,vis_08_peak_point,,,,group1,,,,1,,,,pptx_template.vis_08.pptx,,,,1,,,,D,,,,#ff7f0e,,,,--,,,,2,,,,300,,,,6,,,,60,,,,5,,,,60,,,,,,,,TRUE,,,,TRUE,,,,TRUE,,,,1/1/2021,12,,,,10,,,,#d9d9d9,,,,16,,,,0.3,,,,bold,,,,13.33,,,,60,,,,#1f77b4,,,,-,,,,2,,,,5/1/2021,,,,cohort,,,,,,,,,FALSE,,,,0,Time,,,,0,,,,count,,,,1,,,,,,,,Facility Census,,,,fiscal
N,vis_08,vis_08,adf,adf.mx_off.55plus,medical_off_campus.55plus,Medical Care Off Campus 55+,"((housing.isin(['BRE','BRW','BSDC','CTRP','NHI','STE']))) & (age_bracket == 'adult 55+')",adf,mx_off.55plus,,,,,,,,,,,,,,,,,,,,,,,,,,,,,,,,,,,,,,,,,,,,,,,,,,,,,,,,,,,,,,,,,,,,,,,,,#d62728,,,,,,,,1,,,,week,,,,0.2,,,,,,,,#1f77b4,,,,--,,,,1.25,,,,TRUE,,,,#000000,,,,:,,,,1.5,,,,#000000,,,,--,,,,1.5,,,,0.85,,,,,,,,,,,,subtract,,,,,,,,LC ADF,300,,,,FALSE,,,,1,12/31/2025,,,,,,,,,,,,,,,,,,,,,TRUE,,,,,,,,,,,,6,,,,14,,,,Segoe UI,,,,ols,,,,,,,,TRUE,,,,TRUE,,,,9,,,,10,,,,1,,,,,,,,4,,,,0.8,,,,,,,,,,,,,,,,,,,,,,,,,,,,,,,,,,,,,,,,vis_08_title,,,,vis_08_title,,,,vis_08_legend,,,,vis_08_legend,,,,vis_08_parameters,,,,vis_08_param,,,,vis_08_peak_projection_table,,,,vis_08_peak_projection_table,,,,vis_08__,,,,vis_08_image,,,,vis_08_projection_table,,,,vis_08_projection_table,,,,vis_08_peak_point,,,,vis_08_peak_point,,,,group1,,,,1,,,,pptx_template.vis_08.pptx,,,,1,,,,D,,,,#ff7f0e,,,,--,,,,2,,,,300,,,,6,,,,60,,,,5,,,,60,,,,,,,,TRUE,,,,TRUE,,,,TRUE,,,,1/1/2021,12,,,,10,,,,#d9d9d9,,,,16,,,,0.3,,,,bold,,,,13.33,,,,60,,,,#1f77b4,,,,-,,,,2,,,,5/1/2021,,,,cohort,,,,,,,,,FALSE,,,,0,Time,,,,0,,,,count,,,,1,,,,,,,,Facility Census,,,,fiscal
N,vis_08,vis_08,adf,adf.mx_off.ch_high,medical_off_campus.chronic_high,Medical Care Off Campus Highly Severe Chronic Health Condition,"((housing.isin(['BRE','BRW','BSDC','CTRP','NHI','STE']))) & (chronic_status == 'HIGH')",adf,mx_off.ch_high,,,,,,,,,,,,,,,,,,,,,,,,,,,,,,,,,,,,,,,,,,,,,,,,,,,,,,,,,,,,,,,,,,,,,,,,,#d62728,,,,,,,,1,,,,week,,,,0.2,,,,,,,,#1f77b4,,,,--,,,,1.25,,,,TRUE,,,,#000000,,,,:,,,,1.5,,,,#000000,,,,--,,,,1.5,,,,0.85,,,,,,,,,,,,subtract,,,,,,,,LC ADF,300,,,,FALSE,,,,1,12/31/2025,,,,,,,,,,,,,,,,,,,,,TRUE,,,,,,,,,,,,6,,,,14,,,,Segoe UI,,,,ols,,,,,,,,TRUE,,,,TRUE,,,,9,,,,10,,,,1,,,,,,,,4,,,,0.8,,,,,,,,,,,,,,,,,,,,,,,,,,,,,,,,,,,,,,,,vis_08_title,,,,vis_08_title,,,,vis_08_legend,,,,vis_08_legend,,,,vis_08_parameters,,,,vis_08_param,,,,vis_08_peak_projection_table,,,,vis_08_peak_projection_table,,,,vis_08__,,,,vis_08_image,,,,vis_08_projection_table,,,,vis_08_projection_table,,,,vis_08_peak_point,,,,vis_08_peak_point,,,,group1,,,,1,,,,pptx_template.vis_08.pptx,,,,1,,,,D,,,,#ff7f0e,,,,--,,,,2,,,,300,,,,6,,,,60,,,,5,,,,60,,,,,,,,TRUE,,,,TRUE,,,,TRUE,,,,1/1/2021,12,,,,10,,,,#d9d9d9,,,,16,,,,0.3,,,,bold,,,,13.33,,,,60,,,,#1f77b4,,,,-,,,,2,,,,5/1/2021,,,,cohort,,,,,,,,,FALSE,,,,0,Time,,,,0,,,,count,,,,1,,,,,,,,Facility Census,,,,fiscal
N,vis_08,vis_08,adf,adf.mx_off.ch_low_mod_no,medical_off_campus.chronic_low_moderate_no_chronic,Medical Care Off Campus Low/Moderate/No Chronic Health Condition,"((housing.isin(['BRE','BRW','BSDC','CTRP','NHI','STE']))) & (chronic_status .isin(['LOW','MODERATE','NO CHRONIC CONDITION']))",adf,mx_off.ch_low_mod_no,,,,,,,,,,,,,,,,,,,,,,,,,,,,,,,,,,,,,,,,,,,,,,,,,,,,,,,,,,,,,,,,,,,,,,,,,#d62728,,,,,,,,1,,,,week,,,,0.2,,,,,,,,#1f77b4,,,,--,,,,1.25,,,,TRUE,,,,#000000,,,,:,,,,1.5,,,,#000000,,,,--,,,,1.5,,,,0.85,,,,,,,,,,,,subtract,,,,,,,,LC ADF,300,,,,FALSE,,,,1,12/31/2025,,,,,,,,,,,,,,,,,,,,,TRUE,,,,,,,,,,,,6,,,,14,,,,Segoe UI,,,,ols,,,,,,,,TRUE,,,,TRUE,,,,9,,,,10,,,,1,,,,,,,,4,,,,0.8,,,,,,,,,,,,,,,,,,,,,,,,,,,,,,,,,,,,,,,,vis_08_title,,,,vis_08_title,,,,vis_08_legend,,,,vis_08_legend,,,,vis_08_parameters,,,,vis_08_param,,,,vis_08_peak_projection_table,,,,vis_08_peak_projection_table,,,,vis_08__,,,,vis_08_image,,,,vis_08_projection_table,,,,vis_08_projection_table,,,,vis_08_peak_point,,,,vis_08_peak_point,,,,group1,,,,1,,,,pptx_template.vis_08.pptx,,,,1,,,,D,,,,#ff7f0e,,,,--,,,,2,,,,300,,,,6,,,,60,,,,5,,,,60,,,,,,,,TRUE,,,,TRUE,,,,TRUE,,,,1/1/2021,12,,,,10,,,,#d9d9d9,,,,16,,,,0.3,,,,bold,,,,13.33,,,,60,,,,#1f77b4,,,,-,,,,2,,,,5/1/2021,,,,cohort,,,,,,,,,FALSE,,,,0,Time,,,,0,,,,count,,,,1,,,,,,,,Facility Census,,,,fiscal
N,vis_08,vis_08,adf,adf.mx_off.f,medical_off_campus.female,Medical Care Off Campus Female,"((housing.isin(['BRE','BRW','BSDC','CTRP','NHI','STE']))) & (sex == 'F')",adf,mx_off.f,,,,,,,,,,,,,,,,,,,,,,,,,,,,,,,,,,,,,,,,,,,,,,,,,,,,,,,,,,,,,,,,,,,,,,,,,#d62728,,,,,,,,1,,,,week,,,,0.2,,,,,,,,#1f77b4,,,,--,,,,1.25,,,,TRUE,,,,#000000,,,,:,,,,1.5,,,,#000000,,,,--,,,,1.5,,,,0.85,,,,,,,,,,,,subtract,,,,,,,,LC ADF,300,,,,FALSE,,,,1,12/31/2025,,,,,,,,,,,,,,,,,,,,,TRUE,,,,,,,,,,,,6,,,,14,,,,Segoe UI,,,,ols,,,,,,,,TRUE,,,,TRUE,,,,9,,,,10,,,,1,,,,,,,,4,,,,0.8,,,,,,,,,,,,,,,,,,,,,,,,,,,,,,,,,,,,,,,,vis_08_title,,,,vis_08_title,,,,vis_08_legend,,,,vis_08_legend,,,,vis_08_parameters,,,,vis_08_param,,,,vis_08_peak_projection_table,,,,vis_08_peak_projection_table,,,,vis_08__,,,,vis_08_image,,,,vis_08_projection_table,,,,vis_08_projection_table,,,,vis_08_peak_point,,,,vis_08_peak_point,,,,group1,,,,1,,,,pptx_template.vis_08.pptx,,,,1,,,,D,,,,#ff7f0e,,,,--,,,,2,,,,300,,,,6,,,,60,,,,5,,,,60,,,,,,,,TRUE,,,,TRUE,,,,TRUE,,,,1/1/2021,12,,,,10,,,,#d9d9d9,,,,16,,,,0.3,,,,bold,,,,13.33,,,,60,,,,#1f77b4,,,,-,,,,2,,,,5/1/2021,,,,cohort,,,,,,,,,FALSE,,,,0,Time,,,,0,,,,count,,,,1,,,,,,,,Facility Census,,,,fiscal
N,vis_08,vis_08,adf,adf.mx_off.f.55plus,medical_off_campus.female.55plus,Medical Care Off Campus Female 55+,"(((housing.isin(['BRE','BRW','BSDC','CTRP','NHI','STE']))) & (sex == 'F')) & (age_bracket == 'adult 55+')",adf,mx_off.f.55plus,,,,,,,,,,,,,,,,,,,,,,,,,,,,,,,,,,,,,,,,,,,,,,,,,,,,,,,,,,,,,,,,,,,,,,,,,#d62728,,,,,,,,1,,,,week,,,,0.2,,,,,,,,#1f77b4,,,,--,,,,1.25,,,,TRUE,,,,#000000,,,,:,,,,1.5,,,,#000000,,,,--,,,,1.5,,,,0.85,,,,,,,,,,,,subtract,,,,,,,,LC ADF,300,,,,FALSE,,,,1,12/31/2025,,,,,,,,,,,,,,,,,,,,,TRUE,,,,,,,,,,,,6,,,,14,,,,Segoe UI,,,,ols,,,,,,,,TRUE,,,,TRUE,,,,9,,,,10,,,,1,,,,,,,,4,,,,0.8,,,,,,,,,,,,,,,,,,,,,,,,,,,,,,,,,,,,,,,,vis_08_title,,,,vis_08_title,,,,vis_08_legend,,,,vis_08_legend,,,,vis_08_parameters,,,,vis_08_param,,,,vis_08_peak_projection_table,,,,vis_08_peak_projection_table,,,,vis_08__,,,,vis_08_image,,,,vis_08_projection_table,,,,vis_08_projection_table,,,,vis_08_peak_point,,,,vis_08_peak_point,,,,group1,,,,1,,,,pptx_template.vis_08.pptx,,,,1,,,,D,,,,#ff7f0e,,,,--,,,,2,,,,300,,,,6,,,,60,,,,5,,,,60,,,,,,,,TRUE,,,,TRUE,,,,TRUE,,,,1/1/2021,12,,,,10,,,,#d9d9d9,,,,16,,,,0.3,,,,bold,,,,13.33,,,,60,,,,#1f77b4,,,,-,,,,2,,,,5/1/2021,,,,cohort,,,,,,,,,FALSE,,,,0,Time,,,,0,,,,count,,,,1,,,,,,,,Facility Census,,,,fiscal
N,vis_08,vis_08,adf,adf.mx_off.f.ch_high,medical_off_campus.female.chronic_high,Medical Care Off Campus Female Highly Severe Chronic Health Condition,"(((housing.isin(['BRE','BRW','BSDC','CTRP','NHI','STE']))) & (sex == 'F')) & (chronic_status == 'HIGH')",adf,mx_off.f.ch_high,,,,,,,,,,,,,,,,,,,,,,,,,,,,,,,,,,,,,,,,,,,,,,,,,,,,,,,,,,,,,,,,,,,,,,,,,#d62728,,,,,,,,1,,,,week,,,,0.2,,,,,,,,#1f77b4,,,,--,,,,1.25,,,,TRUE,,,,#000000,,,,:,,,,1.5,,,,#000000,,,,--,,,,1.5,,,,0.85,,,,,,,,,,,,subtract,,,,,,,,LC ADF,300,,,,FALSE,,,,1,12/31/2025,,,,,,,,,,,,,,,,,,,,,TRUE,,,,,,,,,,,,6,,,,14,,,,Segoe UI,,,,ols,,,,,,,,TRUE,,,,TRUE,,,,9,,,,10,,,,1,,,,,,,,4,,,,0.8,,,,,,,,,,,,,,,,,,,,,,,,,,,,,,,,,,,,,,,,vis_08_title,,,,vis_08_title,,,,vis_08_legend,,,,vis_08_legend,,,,vis_08_parameters,,,,vis_08_param,,,,vis_08_peak_projection_table,,,,vis_08_peak_projection_table,,,,vis_08__,,,,vis_08_image,,,,vis_08_projection_table,,,,vis_08_projection_table,,,,vis_08_peak_point,,,,vis_08_peak_point,,,,group1,,,,1,,,,pptx_template.vis_08.pptx,,,,1,,,,D,,,,#ff7f0e,,,,--,,,,2,,,,300,,,,6,,,,60,,,,5,,,,60,,,,,,,,TRUE,,,,TRUE,,,,TRUE,,,,1/1/2021,12,,,,10,,,,#d9d9d9,,,,16,,,,0.3,,,,bold,,,,13.33,,,,60,,,,#1f77b4,,,,-,,,,2,,,,5/1/2021,,,,cohort,,,,,,,,,FALSE,,,,0,Time,,,,0,,,,count,,,,1,,,,,,,,Facility Census,,,,fiscal
N,vis_08,vis_08,adf,adf.mx_off.f.ch_low_mod_no,medical_off_campus.female.chronic_low_moderate_no_chronic,Medical Care Off Campus Female Low/Moderate/No Chronic Health Condition,"(((housing.isin(['BRE','BRW','BSDC','CTRP','NHI','STE']))) & (sex == 'F')) & (chronic_status .isin(['LOW','MODERATE','NO CHRONIC CONDITION']))",adf,mx_off.f.ch_low_mod_no,,,,,,,,,,,,,,,,,,,,,,,,,,,,,,,,,,,,,,,,,,,,,,,,,,,,,,,,,,,,,,,,,,,,,,,,,#d62728,,,,,,,,1,,,,week,,,,0.2,,,,,,,,#1f77b4,,,,--,,,,1.25,,,,TRUE,,,,#000000,,,,:,,,,1.5,,,,#000000,,,,--,,,,1.5,,,,0.85,,,,,,,,,,,,subtract,,,,,,,,LC ADF,300,,,,FALSE,,,,1,12/31/2025,,,,,,,,,,,,,,,,,,,,,TRUE,,,,,,,,,,,,6,,,,14,,,,Segoe UI,,,,ols,,,,,,,,TRUE,,,,TRUE,,,,9,,,,10,,,,1,,,,,,,,4,,,,0.8,,,,,,,,,,,,,,,,,,,,,,,,,,,,,,,,,,,,,,,,vis_08_title,,,,vis_08_title,,,,vis_08_legend,,,,vis_08_legend,,,,vis_08_parameters,,,,vis_08_param,,,,vis_08_peak_projection_table,,,,vis_08_peak_projection_table,,,,vis_08__,,,,vis_08_image,,,,vis_08_projection_table,,,,vis_08_projection_table,,,,vis_08_peak_point,,,,vis_08_peak_point,,,,group1,,,,1,,,,pptx_template.vis_08.pptx,,,,1,,,,D,,,,#ff7f0e,,,,--,,,,2,,,,300,,,,6,,,,60,,,,5,,,,60,,,,,,,,TRUE,,,,TRUE,,,,TRUE,,,,1/1/2021,12,,,,10,,,,#d9d9d9,,,,16,,,,0.3,,,,bold,,,,13.33,,,,60,,,,#1f77b4,,,,-,,,,2,,,,5/1/2021,,,,cohort,,,,,,,,,FALSE,,,,0,Time,,,,0,,,,count,,,,1,,,,,,,,Facility Census,,,,fiscal
N,vis_08,vis_08,adf,adf.mx_off.f.u55,medical_off_campus.female.u55,Medical Care Off Campus Female Under 55,"(((housing.isin(['BRE','BRW','BSDC','CTRP','NHI','STE']))) & (sex == 'F')) & (age_bracket == 'adult under 55')",adf,mx_off.f.u55,,,,,,,,,,,,,,,,,,,,,,,,,,,,,,,,,,,,,,,,,,,,,,,,,,,,,,,,,,,,,,,,,,,,,,,,,#d62728,,,,,,,,1,,,,week,,,,0.2,,,,,,,,#1f77b4,,,,--,,,,1.25,,,,TRUE,,,,#000000,,,,:,,,,1.5,,,,#000000,,,,--,,,,1.5,,,,0.85,,,,,,,,,,,,subtract,,,,,,,,LC ADF,300,,,,FALSE,,,,1,12/31/2025,,,,,,,,,,,,,,,,,,,,,TRUE,,,,,,,,,,,,6,,,,14,,,,Segoe UI,,,,ols,,,,,,,,TRUE,,,,TRUE,,,,9,,,,10,,,,1,,,,,,,,4,,,,0.8,,,,,,,,,,,,,,,,,,,,,,,,,,,,,,,,,,,,,,,,vis_08_title,,,,vis_08_title,,,,vis_08_legend,,,,vis_08_legend,,,,vis_08_parameters,,,,vis_08_param,,,,vis_08_peak_projection_table,,,,vis_08_peak_projection_table,,,,vis_08__,,,,vis_08_image,,,,vis_08_projection_table,,,,vis_08_projection_table,,,,vis_08_peak_point,,,,vis_08_peak_point,,,,group1,,,,1,,,,pptx_template.vis_08.pptx,,,,1,,,,D,,,,#ff7f0e,,,,--,,,,2,,,,300,,,,6,,,,60,,,,5,,,,60,,,,,,,,TRUE,,,,TRUE,,,,TRUE,,,,1/1/2021,12,,,,10,,,,#d9d9d9,,,,16,,,,0.3,,,,bold,,,,13.33,,,,60,,,,#1f77b4,,,,-,,,,2,,,,5/1/2021,,,,cohort,,,,,,,,,FALSE,,,,0,Time,,,,0,,,,count,,,,1,,,,,,,,Facility Census,,,,fiscal
N,vis_08,vis_08,adf,adf.mx_off.m,medical_off_campus.male,Medical Care Off Campus Male,"((housing.isin(['BRE','BRW','BSDC','CTRP','NHI','STE']))) & (sex == 'M')",adf,mx_off.m,,,,,,,,,,,,,,,,,,,,,,,,,,,,,,,,,,,,,,,,,,,,,,,,,,,,,,,,,,,,,,,,,,,,,,,,,#d62728,,,,,,,,1,,,,week,,,,0.2,,,,,,,,#1f77b4,,,,--,,,,1.25,,,,TRUE,,,,#000000,,,,:,,,,1.5,,,,#000000,,,,--,,,,1.5,,,,0.85,,,,,,,,,,,,subtract,,,,,,,,LC ADF,300,,,,FALSE,,,,1,12/31/2025,,,,,,,,,,,,,,,,,,,,,TRUE,,,,,,,,,,,,6,,,,14,,,,Segoe UI,,,,ols,,,,,,,,TRUE,,,,TRUE,,,,9,,,,10,,,,1,,,,,,,,4,,,,0.8,,,,,,,,,,,,,,,,,,,,,,,,,,,,,,,,,,,,,,,,vis_08_title,,,,vis_08_title,,,,vis_08_legend,,,,vis_08_legend,,,,vis_08_parameters,,,,vis_08_param,,,,vis_08_peak_projection_table,,,,vis_08_peak_projection_table,,,,vis_08__,,,,vis_08_image,,,,vis_08_projection_table,,,,vis_08_projection_table,,,,vis_08_peak_point,,,,vis_08_peak_point,,,,group1,,,,1,,,,pptx_template.vis_08.pptx,,,,1,,,,D,,,,#ff7f0e,,,,--,,,,2,,,,300,,,,6,,,,60,,,,5,,,,60,,,,,,,,TRUE,,,,TRUE,,,,TRUE,,,,1/1/2021,12,,,,10,,,,#d9d9d9,,,,16,,,,0.3,,,,bold,,,,13.33,,,,60,,,,#1f77b4,,,,-,,,,2,,,,5/1/2021,,,,cohort,,,,,,,,,FALSE,,,,0,Time,,,,0,,,,count,,,,1,,,,,,,,Facility Census,,,,fiscal
N,vis_08,vis_08,adf,adf.mx_off.m.55plus,medical_off_campus.male.55plus,Medical Care Off Campus Male 55+,"(((housing.isin(['BRE','BRW','BSDC','CTRP','NHI','STE']))) & (sex == 'M')) & (age_bracket == 'adult 55+')",adf,mx_off.m.55plus,,,,,,,,,,,,,,,,,,,,,,,,,,,,,,,,,,,,,,,,,,,,,,,,,,,,,,,,,,,,,,,,,,,,,,,,,#d62728,,,,,,,,1,,,,week,,,,0.2,,,,,,,,#1f77b4,,,,--,,,,1.25,,,,TRUE,,,,#000000,,,,:,,,,1.5,,,,#000000,,,,--,,,,1.5,,,,0.85,,,,,,,,,,,,subtract,,,,,,,,LC ADF,300,,,,FALSE,,,,1,12/31/2025,,,,,,,,,,,,,,,,,,,,,TRUE,,,,,,,,,,,,6,,,,14,,,,Segoe UI,,,,ols,,,,,,,,TRUE,,,,TRUE,,,,9,,,,10,,,,1,,,,,,,,4,,,,0.8,,,,,,,,,,,,,,,,,,,,,,,,,,,,,,,,,,,,,,,,vis_08_title,,,,vis_08_title,,,,vis_08_legend,,,,vis_08_legend,,,,vis_08_parameters,,,,vis_08_param,,,,vis_08_peak_projection_table,,,,vis_08_peak_projection_table,,,,vis_08__,,,,vis_08_image,,,,vis_08_projection_table,,,,vis_08_projection_table,,,,vis_08_peak_point,,,,vis_08_peak_point,,,,group1,,,,1,,,,pptx_template.vis_08.pptx,,,,1,,,,D,,,,#ff7f0e,,,,--,,,,2,,,,300,,,,6,,,,60,,,,5,,,,60,,,,,,,,TRUE,,,,TRUE,,,,TRUE,,,,1/1/2021,12,,,,10,,,,#d9d9d9,,,,16,,,,0.3,,,,bold,,,,13.33,,,,60,,,,#1f77b4,,,,-,,,,2,,,,5/1/2021,,,,cohort,,,,,,,,,FALSE,,,,0,Time,,,,0,,,,count,,,,1,,,,,,,,Facility Census,,,,fiscal
N,vis_08,vis_08,adf,adf.mx_off.m.ch_high,medical_off_campus.male.chronic_high,Medical Care Off Campus Male Highly Severe Chronic Health Condition,"(((housing.isin(['BRE','BRW','BSDC','CTRP','NHI','STE']))) & (sex == 'M')) & (chronic_status == 'HIGH')",adf,mx_off.m.ch_high,,,,,,,,,,,,,,,,,,,,,,,,,,,,,,,,,,,,,,,,,,,,,,,,,,,,,,,,,,,,,,,,,,,,,,,,,#d62728,,,,,,,,1,,,,week,,,,0.2,,,,,,,,#1f77b4,,,,--,,,,1.25,,,,TRUE,,,,#000000,,,,:,,,,1.5,,,,#000000,,,,--,,,,1.5,,,,0.85,,,,,,,,,,,,subtract,,,,,,,,LC ADF,300,,,,FALSE,,,,1,12/31/2025,,,,,,,,,,,,,,,,,,,,,TRUE,,,,,,,,,,,,6,,,,14,,,,Segoe UI,,,,ols,,,,,,,,TRUE,,,,TRUE,,,,9,,,,10,,,,1,,,,,,,,4,,,,0.8,,,,,,,,,,,,,,,,,,,,,,,,,,,,,,,,,,,,,,,,vis_08_title,,,,vis_08_title,,,,vis_08_legend,,,,vis_08_legend,,,,vis_08_parameters,,,,vis_08_param,,,,vis_08_peak_projection_table,,,,vis_08_peak_projection_table,,,,vis_08__,,,,vis_08_image,,,,vis_08_projection_table,,,,vis_08_projection_table,,,,vis_08_peak_point,,,,vis_08_peak_point,,,,group1,,,,1,,,,pptx_template.vis_08.pptx,,,,1,,,,D,,,,#ff7f0e,,,,--,,,,2,,,,300,,,,6,,,,60,,,,5,,,,60,,,,,,,,TRUE,,,,TRUE,,,,TRUE,,,,1/1/2021,12,,,,10,,,,#d9d9d9,,,,16,,,,0.3,,,,bold,,,,13.33,,,,60,,,,#1f77b4,,,,-,,,,2,,,,5/1/2021,,,,cohort,,,,,,,,,FALSE,,,,0,Time,,,,0,,,,count,,,,1,,,,,,,,Facility Census,,,,fiscal
N,vis_08,vis_08,adf,adf.mx_off.m.ch_low_mod_no,medical_off_campus.male.chronic_low_moderate_no_chronic,Medical Care Off Campus Male Low/Moderate/No Chronic Health Condition,"(((housing.isin(['BRE','BRW','BSDC','CTRP','NHI','STE']))) & (sex == 'M')) & (chronic_status .isin(['LOW','MODERATE','NO CHRONIC CONDITION']))",adf,mx_off.m.ch_low_mod_no,,,,,,,,,,,,,,,,,,,,,,,,,,,,,,,,,,,,,,,,,,,,,,,,,,,,,,,,,,,,,,,,,,,,,,,,,#d62728,,,,,,,,1,,,,week,,,,0.2,,,,,,,,#1f77b4,,,,--,,,,1.25,,,,TRUE,,,,#000000,,,,:,,,,1.5,,,,#000000,,,,--,,,,1.5,,,,0.85,,,,,,,,,,,,subtract,,,,,,,,LC ADF,300,,,,FALSE,,,,1,12/31/2025,,,,,,,,,,,,,,,,,,,,,TRUE,,,,,,,,,,,,6,,,,14,,,,Segoe UI,,,,ols,,,,,,,,TRUE,,,,TRUE,,,,9,,,,10,,,,1,,,,,,,,4,,,,0.8,,,,,,,,,,,,,,,,,,,,,,,,,,,,,,,,,,,,,,,,vis_08_title,,,,vis_08_title,,,,vis_08_legend,,,,vis_08_legend,,,,vis_08_parameters,,,,vis_08_param,,,,vis_08_peak_projection_table,,,,vis_08_peak_projection_table,,,,vis_08__,,,,vis_08_image,,,,vis_08_projection_table,,,,vis_08_projection_table,,,,vis_08_peak_point,,,,vis_08_peak_point,,,,group1,,,,1,,,,pptx_template.vis_08.pptx,,,,1,,,,D,,,,#ff7f0e,,,,--,,,,2,,,,300,,,,6,,,,60,,,,5,,,,60,,,,,,,,TRUE,,,,TRUE,,,,TRUE,,,,1/1/2021,12,,,,10,,,,#d9d9d9,,,,16,,,,0.3,,,,bold,,,,13.33,,,,60,,,,#1f77b4,,,,-,,,,2,,,,5/1/2021,,,,cohort,,,,,,,,,FALSE,,,,0,Time,,,,0,,,,count,,,,1,,,,,,,,Facility Census,,,,fiscal
N,vis_08,vis_08,adf,adf.mx_off.m.u55,medical_off_campus.male.u55,Medical Care Off Campus Male Under 55,"(((housing.isin(['BRE','BRW','BSDC','CTRP','NHI','STE']))) & (sex == 'M')) & (age_bracket == 'adult under 55')",adf,mx_off.m.u55,,,,,,,,,,,,,,,,,,,,,,,,,,,,,,,,,,,,,,,,,,,,,,,,,,,,,,,,,,,,,,,,,,,,,,,,,#d62728,,,,,,,,1,,,,week,,,,0.2,,,,,,,,#1f77b4,,,,--,,,,1.25,,,,TRUE,,,,#000000,,,,:,,,,1.5,,,,#000000,,,,--,,,,1.5,,,,0.85,,,,,,,,,,,,subtract,,,,,,,,LC ADF,300,,,,FALSE,,,,1,12/31/2025,,,,,,,,,,,,,,,,,,,,,TRUE,,,,,,,,,,,,6,,,,14,,,,Segoe UI,,,,ols,,,,,,,,TRUE,,,,TRUE,,,,9,,,,10,,,,1,,,,,,,,4,,,,0.8,,,,,,,,,,,,,,,,,,,,,,,,,,,,,,,,,,,,,,,,vis_08_title,,,,vis_08_title,,,,vis_08_legend,,,,vis_08_legend,,,,vis_08_parameters,,,,vis_08_param,,,,vis_08_peak_projection_table,,,,vis_08_peak_projection_table,,,,vis_08__,,,,vis_08_image,,,,vis_08_projection_table,,,,vis_08_projection_table,,,,vis_08_peak_point,,,,vis_08_peak_point,,,,group1,,,,1,,,,pptx_template.vis_08.pptx,,,,1,,,,D,,,,#ff7f0e,,,,--,,,,2,,,,300,,,,6,,,,60,,,,5,,,,60,,,,,,,,TRUE,,,,TRUE,,,,TRUE,,,,1/1/2021,12,,,,10,,,,#d9d9d9,,,,16,,,,0.3,,,,bold,,,,13.33,,,,60,,,,#1f77b4,,,,-,,,,2,,,,5/1/2021,,,,cohort,,,,,,,,,FALSE,,,,0,Time,,,,0,,,,count,,,,1,,,,,,,,Facility Census,,,,fiscal
N,vis_08,vis_08,adf,adf.mx_off.u55,medical_off_campus.u55,Medical Care Off Campus Under 55,"((housing.isin(['BRE','BRW','BSDC','CTRP','NHI','STE']))) & (age_bracket == 'adult under 55')",adf,mx_off.u55,,,,,,,,,,,,,,,,,,,,,,,,,,,,,,,,,,,,,,,,,,,,,,,,,,,,,,,,,,,,,,,,,,,,,,,,,#d62728,,,,,,,,1,,,,week,,,,0.2,,,,,,,,#1f77b4,,,,--,,,,1.25,,,,TRUE,,,,#000000,,,,:,,,,1.5,,,,#000000,,,,--,,,,1.5,,,,0.85,,,,,,,,,,,,subtract,,,,,,,,LC ADF,300,,,,FALSE,,,,1,12/31/2025,,,,,,,,,,,,,,,,,,,,,TRUE,,,,,,,,,,,,6,,,,14,,,,Segoe UI,,,,ols,,,,,,,,TRUE,,,,TRUE,,,,9,,,,10,,,,1,,,,,,,,4,,,,0.8,,,,,,,,,,,,,,,,,,,,,,,,,,,,,,,,,,,,,,,,vis_08_title,,,,vis_08_title,,,,vis_08_legend,,,,vis_08_legend,,,,vis_08_parameters,,,,vis_08_param,,,,vis_08_peak_projection_table,,,,vis_08_peak_projection_table,,,,vis_08__,,,,vis_08_image,,,,vis_08_projection_table,,,,vis_08_projection_table,,,,vis_08_peak_point,,,,vis_08_peak_point,,,,group1,,,,1,,,,pptx_template.vis_08.pptx,,,,1,,,,D,,,,#ff7f0e,,,,--,,,,2,,,,300,,,,6,,,,60,,,,5,,,,60,,,,,,,,TRUE,,,,TRUE,,,,TRUE,,,,1/1/2021,12,,,,10,,,,#d9d9d9,,,,16,,,,0.3,,,,bold,,,,13.33,,,,60,,,,#1f77b4,,,,-,,,,2,,,,5/1/2021,,,,cohort,,,,,,,,,FALSE,,,,0,Time,,,,0,,,,count,,,,1,,,,,,,,Facility Census,,,,fiscal
N,vis_08,vis_08,adf,adf.mx_on,medical_on_campus,Medical Care On Campus,(housing.isin(['INFM'])),adf,mx_on,,,,,,,,,,,,,,,,,,,,,,,,,,,,,,,,,,,,,,,,,,,,,,,,,,,,,,,,,,,,,,,,,,,,,,,,,#d62728,,,,,,,,1,,,,week,,,,0.2,,,,,,,,#1f77b4,,,,--,,,,1.25,,,,TRUE,,,,#000000,,,,:,,,,1.5,,,,#000000,,,,--,,,,1.5,,,,0.85,,,,,,,,,,,,subtract,,,,,,,,LC ADF,300,,,,FALSE,,,,1,12/31/2025,,,,,,,,,,,,,,,,,,,,,TRUE,,,,,,,,,,,,6,,,,14,,,,Segoe UI,,,,ols,,,,,,,,TRUE,,,,TRUE,,,,9,,,,10,,,,1,,,,,,,,4,,,,0.8,,,,,,,,,,,,,,,,,,,,,,,,,,,,,,,,,,,,,,,,vis_08_title,,,,vis_08_title,,,,vis_08_legend,,,,vis_08_legend,,,,vis_08_parameters,,,,vis_08_param,,,,vis_08_peak_projection_table,,,,vis_08_peak_projection_table,,,,vis_08__,,,,vis_08_image,,,,vis_08_projection_table,,,,vis_08_projection_table,,,,vis_08_peak_point,,,,vis_08_peak_point,,,,group1,,,,1,,,,pptx_template.vis_08.pptx,,,,1,,,,D,,,,#ff7f0e,,,,--,,,,2,,,,300,,,,6,,,,60,,,,5,,,,60,,,,,,,,TRUE,,,,TRUE,,,,TRUE,,,,1/1/2021,12,,,,10,,,,#d9d9d9,,,,16,,,,0.3,,,,bold,,,,13.33,,,,60,,,,#1f77b4,,,,-,,,,2,,,,5/1/2021,,,,cohort,,,,,,,,,FALSE,,,,0,Time,,,,0,,,,count,,,,1,,,,,,,,Facility Census,,,,fiscal
N,vis_08,vis_08,adf,adf.mx_on.55plus,medical_on_campus.55plus,Medical Care On Campus 55+,((housing.isin(['INFM']))) & (age_bracket == 'adult 55+'),adf,mx_on.55plus,,,,,,,,,,,,,,,,,,,,,,,,,,,,,,,,,,,,,,,,,,,,,,,,,,,,,,,,,,,,,,,,,,,,,,,,,#d62728,,,,,,,,1,,,,week,,,,0.2,,,,,,,,#1f77b4,,,,--,,,,1.25,,,,TRUE,,,,#000000,,,,:,,,,1.5,,,,#000000,,,,--,,,,1.5,,,,0.85,,,,,,,,,,,,subtract,,,,,,,,LC ADF,300,,,,FALSE,,,,1,12/31/2025,,,,,,,,,,,,,,,,,,,,,TRUE,,,,,,,,,,,,6,,,,14,,,,Segoe UI,,,,ols,,,,,,,,TRUE,,,,TRUE,,,,9,,,,10,,,,1,,,,,,,,4,,,,0.8,,,,,,,,,,,,,,,,,,,,,,,,,,,,,,,,,,,,,,,,vis_08_title,,,,vis_08_title,,,,vis_08_legend,,,,vis_08_legend,,,,vis_08_parameters,,,,vis_08_param,,,,vis_08_peak_projection_table,,,,vis_08_peak_projection_table,,,,vis_08__,,,,vis_08_image,,,,vis_08_projection_table,,,,vis_08_projection_table,,,,vis_08_peak_point,,,,vis_08_peak_point,,,,group1,,,,1,,,,pptx_template.vis_08.pptx,,,,1,,,,D,,,,#ff7f0e,,,,--,,,,2,,,,300,,,,6,,,,60,,,,5,,,,60,,,,,,,,TRUE,,,,TRUE,,,,TRUE,,,,1/1/2021,12,,,,10,,,,#d9d9d9,,,,16,,,,0.3,,,,bold,,,,13.33,,,,60,,,,#1f77b4,,,,-,,,,2,,,,5/1/2021,,,,cohort,,,,,,,,,FALSE,,,,0,Time,,,,0,,,,count,,,,1,,,,,,,,Facility Census,,,,fiscal
N,vis_08,vis_08,adf,adf.mx_on.ch_high,medical_on_campus.chronic_high,Medical Care On Campus Highly Severe Chronic Health Condition,((housing.isin(['INFM']))) & (chronic_status == 'HIGH'),adf,mx_on.ch_high,,,,,,,,,,,,,,,,,,,,,,,,,,,,,,,,,,,,,,,,,,,,,,,,,,,,,,,,,,,,,,,,,,,,,,,,,#d62728,,,,,,,,1,,,,week,,,,0.2,,,,,,,,#1f77b4,,,,--,,,,1.25,,,,TRUE,,,,#000000,,,,:,,,,1.5,,,,#000000,,,,--,,,,1.5,,,,0.85,,,,,,,,,,,,subtract,,,,,,,,LC ADF,300,,,,FALSE,,,,1,12/31/2025,,,,,,,,,,,,,,,,,,,,,TRUE,,,,,,,,,,,,6,,,,14,,,,Segoe UI,,,,ols,,,,,,,,TRUE,,,,TRUE,,,,9,,,,10,,,,1,,,,,,,,4,,,,0.8,,,,,,,,,,,,,,,,,,,,,,,,,,,,,,,,,,,,,,,,vis_08_title,,,,vis_08_title,,,,vis_08_legend,,,,vis_08_legend,,,,vis_08_parameters,,,,vis_08_param,,,,vis_08_peak_projection_table,,,,vis_08_peak_projection_table,,,,vis_08__,,,,vis_08_image,,,,vis_08_projection_table,,,,vis_08_projection_table,,,,vis_08_peak_point,,,,vis_08_peak_point,,,,group1,,,,1,,,,pptx_template.vis_08.pptx,,,,1,,,,D,,,,#ff7f0e,,,,--,,,,2,,,,300,,,,6,,,,60,,,,5,,,,60,,,,,,,,TRUE,,,,TRUE,,,,TRUE,,,,1/1/2021,12,,,,10,,,,#d9d9d9,,,,16,,,,0.3,,,,bold,,,,13.33,,,,60,,,,#1f77b4,,,,-,,,,2,,,,5/1/2021,,,,cohort,,,,,,,,,FALSE,,,,0,Time,,,,0,,,,count,,,,1,,,,,,,,Facility Census,,,,fiscal
N,vis_08,vis_08,adf,adf.mx_on.ch_low_mod_no,medical_on_campus.chronic_low_moderate_no_chronic,Medical Care On Campus Low/Moderate/No Chronic Health Condition,"((housing.isin(['INFM']))) & (chronic_status .isin(['LOW','MODERATE','NO CHRONIC CONDITION']))",adf,mx_on.ch_low_mod_no,,,,,,,,,,,,,,,,,,,,,,,,,,,,,,,,,,,,,,,,,,,,,,,,,,,,,,,,,,,,,,,,,,,,,,,,,#d62728,,,,,,,,1,,,,week,,,,0.2,,,,,,,,#1f77b4,,,,--,,,,1.25,,,,TRUE,,,,#000000,,,,:,,,,1.5,,,,#000000,,,,--,,,,1.5,,,,0.85,,,,,,,,,,,,subtract,,,,,,,,LC ADF,300,,,,FALSE,,,,1,12/31/2025,,,,,,,,,,,,,,,,,,,,,TRUE,,,,,,,,,,,,6,,,,14,,,,Segoe UI,,,,ols,,,,,,,,TRUE,,,,TRUE,,,,9,,,,10,,,,1,,,,,,,,4,,,,0.8,,,,,,,,,,,,,,,,,,,,,,,,,,,,,,,,,,,,,,,,vis_08_title,,,,vis_08_title,,,,vis_08_legend,,,,vis_08_legend,,,,vis_08_parameters,,,,vis_08_param,,,,vis_08_peak_projection_table,,,,vis_08_peak_projection_table,,,,vis_08__,,,,vis_08_image,,,,vis_08_projection_table,,,,vis_08_projection_table,,,,vis_08_peak_point,,,,vis_08_peak_point,,,,group1,,,,1,,,,pptx_template.vis_08.pptx,,,,1,,,,D,,,,#ff7f0e,,,,--,,,,2,,,,300,,,,6,,,,60,,,,5,,,,60,,,,,,,,TRUE,,,,TRUE,,,,TRUE,,,,1/1/2021,12,,,,10,,,,#d9d9d9,,,,16,,,,0.3,,,,bold,,,,13.33,,,,60,,,,#1f77b4,,,,-,,,,2,,,,5/1/2021,,,,cohort,,,,,,,,,FALSE,,,,0,Time,,,,0,,,,count,,,,1,,,,,,,,Facility Census,,,,fiscal
N,vis_08,vis_08,adf,adf.mx_on.f,medical_on_campus.female,Medical Care On Campus Female,((housing.isin(['INFM']))) & (sex == 'F'),adf,mx_on.f,,,,,,,,,,,,,,,,,,,,,,,,,,,,,,,,,,,,,,,,,,,,,,,,,,,,,,,,,,,,,,,,,,,,,,,,,#d62728,,,,,,,,1,,,,week,,,,0.2,,,,,,,,#1f77b4,,,,--,,,,1.25,,,,TRUE,,,,#000000,,,,:,,,,1.5,,,,#000000,,,,--,,,,1.5,,,,0.85,,,,,,,,,,,,subtract,,,,,,,,LC ADF,300,,,,FALSE,,,,1,12/31/2025,,,,,,,,,,,,,,,,,,,,,TRUE,,,,,,,,,,,,6,,,,14,,,,Segoe UI,,,,ols,,,,,,,,TRUE,,,,TRUE,,,,9,,,,10,,,,1,,,,,,,,4,,,,0.8,,,,,,,,,,,,,,,,,,,,,,,,,,,,,,,,,,,,,,,,vis_08_title,,,,vis_08_title,,,,vis_08_legend,,,,vis_08_legend,,,,vis_08_parameters,,,,vis_08_param,,,,vis_08_peak_projection_table,,,,vis_08_peak_projection_table,,,,vis_08__,,,,vis_08_image,,,,vis_08_projection_table,,,,vis_08_projection_table,,,,vis_08_peak_point,,,,vis_08_peak_point,,,,group1,,,,1,,,,pptx_template.vis_08.pptx,,,,1,,,,D,,,,#ff7f0e,,,,--,,,,2,,,,300,,,,6,,,,60,,,,5,,,,60,,,,,,,,TRUE,,,,TRUE,,,,TRUE,,,,1/1/2021,12,,,,10,,,,#d9d9d9,,,,16,,,,0.3,,,,bold,,,,13.33,,,,60,,,,#1f77b4,,,,-,,,,2,,,,5/1/2021,,,,cohort,,,,,,,,,FALSE,,,,0,Time,,,,0,,,,count,,,,1,,,,,,,,Facility Census,,,,fiscal
N,vis_08,vis_08,adf,adf.mx_on.f.55plus,medical_on_campus.female.55plus,Medical Care On Campus Female 55+,(((housing.isin(['INFM']))) & (sex == 'F')) & (age_bracket == 'adult 55+'),adf,mx_on.f.55plus,,,,,,,,,,,,,,,,,,,,,,,,,,,,,,,,,,,,,,,,,,,,,,,,,,,,,,,,,,,,,,,,,,,,,,,,,#d62728,,,,,,,,1,,,,week,,,,0.2,,,,,,,,#1f77b4,,,,--,,,,1.25,,,,TRUE,,,,#000000,,,,:,,,,1.5,,,,#000000,,,,--,,,,1.5,,,,0.85,,,,,,,,,,,,subtract,,,,,,,,LC ADF,300,,,,FALSE,,,,1,12/31/2025,,,,,,,,,,,,,,,,,,,,,TRUE,,,,,,,,,,,,6,,,,14,,,,Segoe UI,,,,ols,,,,,,,,TRUE,,,,TRUE,,,,9,,,,10,,,,1,,,,,,,,4,,,,0.8,,,,,,,,,,,,,,,,,,,,,,,,,,,,,,,,,,,,,,,,vis_08_title,,,,vis_08_title,,,,vis_08_legend,,,,vis_08_legend,,,,vis_08_parameters,,,,vis_08_param,,,,vis_08_peak_projection_table,,,,vis_08_peak_projection_table,,,,vis_08__,,,,vis_08_image,,,,vis_08_projection_table,,,,vis_08_projection_table,,,,vis_08_peak_point,,,,vis_08_peak_point,,,,group1,,,,1,,,,pptx_template.vis_08.pptx,,,,1,,,,D,,,,#ff7f0e,,,,--,,,,2,,,,300,,,,6,,,,60,,,,5,,,,60,,,,,,,,TRUE,,,,TRUE,,,,TRUE,,,,1/1/2021,12,,,,10,,,,#d9d9d9,,,,16,,,,0.3,,,,bold,,,,13.33,,,,60,,,,#1f77b4,,,,-,,,,2,,,,5/1/2021,,,,cohort,,,,,,,,,FALSE,,,,0,Time,,,,0,,,,count,,,,1,,,,,,,,Facility Census,,,,fiscal
N,vis_08,vis_08,adf,adf.mx_on.f.ch_high,medical_on_campus.female.chronic_high,Medical Care On Campus Female Highly Severe Chronic Health Condition,(((housing.isin(['INFM']))) & (sex == 'F')) & (chronic_status == 'HIGH'),adf,mx_on.f.ch_high,,,,,,,,,,,,,,,,,,,,,,,,,,,,,,,,,,,,,,,,,,,,,,,,,,,,,,,,,,,,,,,,,,,,,,,,,#d62728,,,,,,,,1,,,,week,,,,0.2,,,,,,,,#1f77b4,,,,--,,,,1.25,,,,TRUE,,,,#000000,,,,:,,,,1.5,,,,#000000,,,,--,,,,1.5,,,,0.85,,,,,,,,,,,,subtract,,,,,,,,LC ADF,300,,,,FALSE,,,,1,12/31/2025,,,,,,,,,,,,,,,,,,,,,TRUE,,,,,,,,,,,,6,,,,14,,,,Segoe UI,,,,ols,,,,,,,,TRUE,,,,TRUE,,,,9,,,,10,,,,1,,,,,,,,4,,,,0.8,,,,,,,,,,,,,,,,,,,,,,,,,,,,,,,,,,,,,,,,vis_08_title,,,,vis_08_title,,,,vis_08_legend,,,,vis_08_legend,,,,vis_08_parameters,,,,vis_08_param,,,,vis_08_peak_projection_table,,,,vis_08_peak_projection_table,,,,vis_08__,,,,vis_08_image,,,,vis_08_projection_table,,,,vis_08_projection_table,,,,vis_08_peak_point,,,,vis_08_peak_point,,,,group1,,,,1,,,,pptx_template.vis_08.pptx,,,,1,,,,D,,,,#ff7f0e,,,,--,,,,2,,,,300,,,,6,,,,60,,,,5,,,,60,,,,,,,,TRUE,,,,TRUE,,,,TRUE,,,,1/1/2021,12,,,,10,,,,#d9d9d9,,,,16,,,,0.3,,,,bold,,,,13.33,,,,60,,,,#1f77b4,,,,-,,,,2,,,,5/1/2021,,,,cohort,,,,,,,,,FALSE,,,,0,Time,,,,0,,,,count,,,,1,,,,,,,,Facility Census,,,,fiscal
N,vis_08,vis_08,adf,adf.mx_on.f.ch_low_mod_no,medical_on_campus.female.chronic_low_moderate_no_chronic,Medical Care On Campus Female Low/Moderate/No Chronic Health Condition,"(((housing.isin(['INFM']))) & (sex == 'F')) & (chronic_status .isin(['LOW','MODERATE','NO CHRONIC CONDITION']))",adf,mx_on.f.ch_low_mod_no,,,,,,,,,,,,,,,,,,,,,,,,,,,,,,,,,,,,,,,,,,,,,,,,,,,,,,,,,,,,,,,,,,,,,,,,,#d62728,,,,,,,,1,,,,week,,,,0.2,,,,,,,,#1f77b4,,,,--,,,,1.25,,,,TRUE,,,,#000000,,,,:,,,,1.5,,,,#000000,,,,--,,,,1.5,,,,0.85,,,,,,,,,,,,subtract,,,,,,,,LC ADF,300,,,,FALSE,,,,1,12/31/2025,,,,,,,,,,,,,,,,,,,,,TRUE,,,,,,,,,,,,6,,,,14,,,,Segoe UI,,,,ols,,,,,,,,TRUE,,,,TRUE,,,,9,,,,10,,,,1,,,,,,,,4,,,,0.8,,,,,,,,,,,,,,,,,,,,,,,,,,,,,,,,,,,,,,,,vis_08_title,,,,vis_08_title,,,,vis_08_legend,,,,vis_08_legend,,,,vis_08_parameters,,,,vis_08_param,,,,vis_08_peak_projection_table,,,,vis_08_peak_projection_table,,,,vis_08__,,,,vis_08_image,,,,vis_08_projection_table,,,,vis_08_projection_table,,,,vis_08_peak_point,,,,vis_08_peak_point,,,,group1,,,,1,,,,pptx_template.vis_08.pptx,,,,1,,,,D,,,,#ff7f0e,,,,--,,,,2,,,,300,,,,6,,,,60,,,,5,,,,60,,,,,,,,TRUE,,,,TRUE,,,,TRUE,,,,1/1/2021,12,,,,10,,,,#d9d9d9,,,,16,,,,0.3,,,,bold,,,,13.33,,,,60,,,,#1f77b4,,,,-,,,,2,,,,5/1/2021,,,,cohort,,,,,,,,,FALSE,,,,0,Time,,,,0,,,,count,,,,1,,,,,,,,Facility Census,,,,fiscal
N,vis_08,vis_08,adf,adf.mx_on.f.u55,medical_on_campus.female.u55,Medical Care On Campus Female Under 55,(((housing.isin(['INFM']))) & (sex == 'F')) & (age_bracket == 'adult under 55'),adf,mx_on.f.u55,,,,,,,,,,,,,,,,,,,,,,,,,,,,,,,,,,,,,,,,,,,,,,,,,,,,,,,,,,,,,,,,,,,,,,,,,#d62728,,,,,,,,1,,,,week,,,,0.2,,,,,,,,#1f77b4,,,,--,,,,1.25,,,,TRUE,,,,#000000,,,,:,,,,1.5,,,,#000000,,,,--,,,,1.5,,,,0.85,,,,,,,,,,,,subtract,,,,,,,,LC ADF,300,,,,FALSE,,,,1,12/31/2025,,,,,,,,,,,,,,,,,,,,,TRUE,,,,,,,,,,,,6,,,,14,,,,Segoe UI,,,,ols,,,,,,,,TRUE,,,,TRUE,,,,9,,,,10,,,,1,,,,,,,,4,,,,0.8,,,,,,,,,,,,,,,,,,,,,,,,,,,,,,,,,,,,,,,,vis_08_title,,,,vis_08_title,,,,vis_08_legend,,,,vis_08_legend,,,,vis_08_parameters,,,,vis_08_param,,,,vis_08_peak_projection_table,,,,vis_08_peak_projection_table,,,,vis_08__,,,,vis_08_image,,,,vis_08_projection_table,,,,vis_08_projection_table,,,,vis_08_peak_point,,,,vis_08_peak_point,,,,group1,,,,1,,,,pptx_template.vis_08.pptx,,,,1,,,,D,,,,#ff7f0e,,,,--,,,,2,,,,300,,,,6,,,,60,,,,5,,,,60,,,,,,,,TRUE,,,,TRUE,,,,TRUE,,,,1/1/2021,12,,,,10,,,,#d9d9d9,,,,16,,,,0.3,,,,bold,,,,13.33,,,,60,,,,#1f77b4,,,,-,,,,2,,,,5/1/2021,,,,cohort,,,,,,,,,FALSE,,,,0,Time,,,,0,,,,count,,,,1,,,,,,,,Facility Census,,,,fiscal
N,vis_08,vis_08,adf,adf.mx_on.m,medical_on_campus.male,Medical Care On Campus Male,((housing.isin(['INFM']))) & (sex == 'M'),adf,mx_on.m,,,,,,,,,,,,,,,,,,,,,,,,,,,,,,,,,,,,,,,,,,,,,,,,,,,,,,,,,,,,,,,,,,,,,,,,,#d62728,,,,,,,,1,,,,week,,,,0.2,,,,,,,,#1f77b4,,,,--,,,,1.25,,,,TRUE,,,,#000000,,,,:,,,,1.5,,,,#000000,,,,--,,,,1.5,,,,0.85,,,,,,,,,,,,subtract,,,,,,,,LC ADF,300,,,,FALSE,,,,1,12/31/2025,,,,,,,,,,,,,,,,,,,,,TRUE,,,,,,,,,,,,6,,,,14,,,,Segoe UI,,,,ols,,,,,,,,TRUE,,,,TRUE,,,,9,,,,10,,,,1,,,,,,,,4,,,,0.8,,,,,,,,,,,,,,,,,,,,,,,,,,,,,,,,,,,,,,,,vis_08_title,,,,vis_08_title,,,,vis_08_legend,,,,vis_08_legend,,,,vis_08_parameters,,,,vis_08_param,,,,vis_08_peak_projection_table,,,,vis_08_peak_projection_table,,,,vis_08__,,,,vis_08_image,,,,vis_08_projection_table,,,,vis_08_projection_table,,,,vis_08_peak_point,,,,vis_08_peak_point,,,,group1,,,,1,,,,pptx_template.vis_08.pptx,,,,1,,,,D,,,,#ff7f0e,,,,--,,,,2,,,,300,,,,6,,,,60,,,,5,,,,60,,,,,,,,TRUE,,,,TRUE,,,,TRUE,,,,1/1/2021,12,,,,10,,,,#d9d9d9,,,,16,,,,0.3,,,,bold,,,,13.33,,,,60,,,,#1f77b4,,,,-,,,,2,,,,5/1/2021,,,,cohort,,,,,,,,,FALSE,,,,0,Time,,,,0,,,,count,,,,1,,,,,,,,Facility Census,,,,fiscal
N,vis_08,vis_08,adf,adf.mx_on.m.55plus,medical_on_campus.male.55plus,Medical Care On Campus Male 55+,(((housing.isin(['INFM']))) & (sex == 'M')) & (age_bracket == 'adult 55+'),adf,mx_on.m.55plus,,,,,,,,,,,,,,,,,,,,,,,,,,,,,,,,,,,,,,,,,,,,,,,,,,,,,,,,,,,,,,,,,,,,,,,,,#d62728,,,,,,,,1,,,,week,,,,0.2,,,,,,,,#1f77b4,,,,--,,,,1.25,,,,TRUE,,,,#000000,,,,:,,,,1.5,,,,#000000,,,,--,,,,1.5,,,,0.85,,,,,,,,,,,,subtract,,,,,,,,LC ADF,300,,,,FALSE,,,,1,12/31/2025,,,,,,,,,,,,,,,,,,,,,TRUE,,,,,,,,,,,,6,,,,14,,,,Segoe UI,,,,ols,,,,,,,,TRUE,,,,TRUE,,,,9,,,,10,,,,1,,,,,,,,4,,,,0.8,,,,,,,,,,,,,,,,,,,,,,,,,,,,,,,,,,,,,,,,vis_08_title,,,,vis_08_title,,,,vis_08_legend,,,,vis_08_legend,,,,vis_08_parameters,,,,vis_08_param,,,,vis_08_peak_projection_table,,,,vis_08_peak_projection_table,,,,vis_08__,,,,vis_08_image,,,,vis_08_projection_table,,,,vis_08_projection_table,,,,vis_08_peak_point,,,,vis_08_peak_point,,,,group1,,,,1,,,,pptx_template.vis_08.pptx,,,,1,,,,D,,,,#ff7f0e,,,,--,,,,2,,,,300,,,,6,,,,60,,,,5,,,,60,,,,,,,,TRUE,,,,TRUE,,,,TRUE,,,,1/1/2021,12,,,,10,,,,#d9d9d9,,,,16,,,,0.3,,,,bold,,,,13.33,,,,60,,,,#1f77b4,,,,-,,,,2,,,,5/1/2021,,,,cohort,,,,,,,,,FALSE,,,,0,Time,,,,0,,,,count,,,,1,,,,,,,,Facility Census,,,,fiscal
N,vis_08,vis_08,adf,adf.mx_on.m.ch_high,medical_on_campus.male.chronic_high,Medical Care On Campus Male Highly Severe Chronic Health Condition,(((housing.isin(['INFM']))) & (sex == 'M')) & (chronic_status == 'HIGH'),adf,mx_on.m.ch_high,,,,,,,,,,,,,,,,,,,,,,,,,,,,,,,,,,,,,,,,,,,,,,,,,,,,,,,,,,,,,,,,,,,,,,,,,#d62728,,,,,,,,1,,,,week,,,,0.2,,,,,,,,#1f77b4,,,,--,,,,1.25,,,,TRUE,,,,#000000,,,,:,,,,1.5,,,,#000000,,,,--,,,,1.5,,,,0.85,,,,,,,,,,,,subtract,,,,,,,,LC ADF,300,,,,FALSE,,,,1,12/31/2025,,,,,,,,,,,,,,,,,,,,,TRUE,,,,,,,,,,,,6,,,,14,,,,Segoe UI,,,,ols,,,,,,,,TRUE,,,,TRUE,,,,9,,,,10,,,,1,,,,,,,,4,,,,0.8,,,,,,,,,,,,,,,,,,,,,,,,,,,,,,,,,,,,,,,,vis_08_title,,,,vis_08_title,,,,vis_08_legend,,,,vis_08_legend,,,,vis_08_parameters,,,,vis_08_param,,,,vis_08_peak_projection_table,,,,vis_08_peak_projection_table,,,,vis_08__,,,,vis_08_image,,,,vis_08_projection_table,,,,vis_08_projection_table,,,,vis_08_peak_point,,,,vis_08_peak_point,,,,group1,,,,1,,,,pptx_template.vis_08.pptx,,,,1,,,,D,,,,#ff7f0e,,,,--,,,,2,,,,300,,,,6,,,,60,,,,5,,,,60,,,,,,,,TRUE,,,,TRUE,,,,TRUE,,,,1/1/2021,12,,,,10,,,,#d9d9d9,,,,16,,,,0.3,,,,bold,,,,13.33,,,,60,,,,#1f77b4,,,,-,,,,2,,,,5/1/2021,,,,cohort,,,,,,,,,FALSE,,,,0,Time,,,,0,,,,count,,,,1,,,,,,,,Facility Census,,,,fiscal
N,vis_08,vis_08,adf,adf.mx_on.m.ch_low_mod_no,medical_on_campus.male.chronic_low_moderate_no_chronic,Medical Care On Campus Male Low/Moderate/No Chronic Health Condition,"(((housing.isin(['INFM']))) & (sex == 'M')) & (chronic_status .isin(['LOW','MODERATE','NO CHRONIC CONDITION']))",adf,mx_on.m.ch_low_mod_no,,,,,,,,,,,,,,,,,,,,,,,,,,,,,,,,,,,,,,,,,,,,,,,,,,,,,,,,,,,,,,,,,,,,,,,,,#d62728,,,,,,,,1,,,,week,,,,0.2,,,,,,,,#1f77b4,,,,--,,,,1.25,,,,TRUE,,,,#000000,,,,:,,,,1.5,,,,#000000,,,,--,,,,1.5,,,,0.85,,,,,,,,,,,,subtract,,,,,,,,LC ADF,300,,,,FALSE,,,,1,12/31/2025,,,,,,,,,,,,,,,,,,,,,TRUE,,,,,,,,,,,,6,,,,14,,,,Segoe UI,,,,ols,,,,,,,,TRUE,,,,TRUE,,,,9,,,,10,,,,1,,,,,,,,4,,,,0.8,,,,,,,,,,,,,,,,,,,,,,,,,,,,,,,,,,,,,,,,vis_08_title,,,,vis_08_title,,,,vis_08_legend,,,,vis_08_legend,,,,vis_08_parameters,,,,vis_08_param,,,,vis_08_peak_projection_table,,,,vis_08_peak_projection_table,,,,vis_08__,,,,vis_08_image,,,,vis_08_projection_table,,,,vis_08_projection_table,,,,vis_08_peak_point,,,,vis_08_peak_point,,,,group1,,,,1,,,,pptx_template.vis_08.pptx,,,,1,,,,D,,,,#ff7f0e,,,,--,,,,2,,,,300,,,,6,,,,60,,,,5,,,,60,,,,,,,,TRUE,,,,TRUE,,,,TRUE,,,,1/1/2021,12,,,,10,,,,#d9d9d9,,,,16,,,,0.3,,,,bold,,,,13.33,,,,60,,,,#1f77b4,,,,-,,,,2,,,,5/1/2021,,,,cohort,,,,,,,,,FALSE,,,,0,Time,,,,0,,,,count,,,,1,,,,,,,,Facility Census,,,,fiscal
N,vis_08,vis_08,adf,adf.mx_on.m.u55,medical_on_campus.male.u55,Medical Care On Campus Male Under 55,(((housing.isin(['INFM']))) & (sex == 'M')) & (age_bracket == 'adult under 55'),adf,mx_on.m.u55,,,,,,,,,,,,,,,,,,,,,,,,,,,,,,,,,,,,,,,,,,,,,,,,,,,,,,,,,,,,,,,,,,,,,,,,,#d62728,,,,,,,,1,,,,week,,,,0.2,,,,,,,,#1f77b4,,,,--,,,,1.25,,,,TRUE,,,,#000000,,,,:,,,,1.5,,,,#000000,,,,--,,,,1.5,,,,0.85,,,,,,,,,,,,subtract,,,,,,,,LC ADF,300,,,,FALSE,,,,1,12/31/2025,,,,,,,,,,,,,,,,,,,,,TRUE,,,,,,,,,,,,6,,,,14,,,,Segoe UI,,,,ols,,,,,,,,TRUE,,,,TRUE,,,,9,,,,10,,,,1,,,,,,,,4,,,,0.8,,,,,,,,,,,,,,,,,,,,,,,,,,,,,,,,,,,,,,,,vis_08_title,,,,vis_08_title,,,,vis_08_legend,,,,vis_08_legend,,,,vis_08_parameters,,,,vis_08_param,,,,vis_08_peak_projection_table,,,,vis_08_peak_projection_table,,,,vis_08__,,,,vis_08_image,,,,vis_08_projection_table,,,,vis_08_projection_table,,,,vis_08_peak_point,,,,vis_08_peak_point,,,,group1,,,,1,,,,pptx_template.vis_08.pptx,,,,1,,,,D,,,,#ff7f0e,,,,--,,,,2,,,,300,,,,6,,,,60,,,,5,,,,60,,,,,,,,TRUE,,,,TRUE,,,,TRUE,,,,1/1/2021,12,,,,10,,,,#d9d9d9,,,,16,,,,0.3,,,,bold,,,,13.33,,,,60,,,,#1f77b4,,,,-,,,,2,,,,5/1/2021,,,,cohort,,,,,,,,,FALSE,,,,0,Time,,,,0,,,,count,,,,1,,,,,,,,Facility Census,,,,fiscal
N,vis_08,vis_08,adf,adf.mx_on.u55,medical_on_campus.u55,Medical Care On Campus Under 55,((housing.isin(['INFM']))) & (age_bracket == 'adult under 55'),adf,mx_on.u55,,,,,,,,,,,,,,,,,,,,,,,,,,,,,,,,,,,,,,,,,,,,,,,,,,,,,,,,,,,,,,,,,,,,,,,,,#d62728,,,,,,,,1,,,,week,,,,0.2,,,,,,,,#1f77b4,,,,--,,,,1.25,,,,TRUE,,,,#000000,,,,:,,,,1.5,,,,#000000,,,,--,,,,1.5,,,,0.85,,,,,,,,,,,,subtract,,,,,,,,LC ADF,300,,,,FALSE,,,,1,12/31/2025,,,,,,,,,,,,,,,,,,,,,TRUE,,,,,,,,,,,,6,,,,14,,,,Segoe UI,,,,ols,,,,,,,,TRUE,,,,TRUE,,,,9,,,,10,,,,1,,,,,,,,4,,,,0.8,,,,,,,,,,,,,,,,,,,,,,,,,,,,,,,,,,,,,,,,vis_08_title,,,,vis_08_title,,,,vis_08_legend,,,,vis_08_legend,,,,vis_08_parameters,,,,vis_08_param,,,,vis_08_peak_projection_table,,,,vis_08_peak_projection_table,,,,vis_08__,,,,vis_08_image,,,,vis_08_projection_table,,,,vis_08_projection_table,,,,vis_08_peak_point,,,,vis_08_peak_point,,,,group1,,,,1,,,,pptx_template.vis_08.pptx,,,,1,,,,D,,,,#ff7f0e,,,,--,,,,2,,,,300,,,,6,,,,60,,,,5,,,,60,,,,,,,,TRUE,,,,TRUE,,,,TRUE,,,,1/1/2021,12,,,,10,,,,#d9d9d9,,,,16,,,,0.3,,,,bold,,,,13.33,,,,60,,,,#1f77b4,,,,-,,,,2,,,,5/1/2021,,,,cohort,,,,,,,,,FALSE,,,,0,Time,,,,0,,,,count,,,,1,,,,,,,,Facility Census,,,,fiscal
N,vis_08,vis_08,adf,adf.med,medium,Medium Custody,(custody_class.isin(['MED'])),adf,med,,,,,,,,,,,,,,,,,,,,,,,,,,,,,,,,,,,,,,,,,,,,,,,,,,,,,,,,,,,,,,,,,,,,,,,,,#d62728,,,,,,,,1,,,,week,,,,0.2,,,,,,,,#1f77b4,,,,--,,,,1.25,,,,TRUE,,,,#000000,,,,:,,,,1.5,,,,#000000,,,,--,,,,1.5,,,,0.85,,,,,,,,,,,,subtract,,,,,,,,LC ADF,300,,,,FALSE,,,,1,12/31/2025,,,,,,,,,,,,,,,,,,,,,TRUE,,,,,,,,,,,,6,,,,14,,,,Segoe UI,,,,ols,,,,,,,,TRUE,,,,TRUE,,,,9,,,,10,,,,1,,,,,,,,4,,,,0.8,,,,,,,,,,,,,,,,,,,,,,,,,,,,,,,,,,,,,,,,vis_08_title,,,,vis_08_title,,,,vis_08_legend,,,,vis_08_legend,,,,vis_08_parameters,,,,vis_08_param,,,,vis_08_peak_projection_table,,,,vis_08_peak_projection_table,,,,vis_08__,,,,vis_08_image,,,,vis_08_projection_table,,,,vis_08_projection_table,,,,vis_08_peak_point,,,,vis_08_peak_point,,,,group1,,,,1,,,,pptx_template.vis_08.pptx,,,,1,,,,D,,,,#ff7f0e,,,,--,,,,2,,,,300,,,,6,,,,60,,,,5,,,,60,,,,,,,,TRUE,,,,TRUE,,,,TRUE,,,,1/1/2021,12,,,,10,,,,#d9d9d9,,,,16,,,,0.3,,,,bold,,,,13.33,,,,60,,,,#1f77b4,,,,-,,,,2,,,,5/1/2021,,,,cohort,,,,,,,,,FALSE,,,,0,Time,,,,0,,,,count,,,,1,,,,,,,,Facility Census,,,,fiscal
N,vis_08,vis_08,adf,adf.med.55plus,medium.55plus,Medium Custody 55+,((custody_class.isin(['MED']))) & (age_bracket == 'adult 55+'),adf,med.55plus,,,,,,,,,,,,,,,,,,,,,,,,,,,,,,,,,,,,,,,,,,,,,,,,,,,,,,,,,,,,,,,,,,,,,,,,,#d62728,,,,,,,,1,,,,week,,,,0.2,,,,,,,,#1f77b4,,,,--,,,,1.25,,,,TRUE,,,,#000000,,,,:,,,,1.5,,,,#000000,,,,--,,,,1.5,,,,0.85,,,,,,,,,,,,subtract,,,,,,,,LC ADF,300,,,,FALSE,,,,1,12/31/2025,,,,,,,,,,,,,,,,,,,,,TRUE,,,,,,,,,,,,6,,,,14,,,,Segoe UI,,,,ols,,,,,,,,TRUE,,,,TRUE,,,,9,,,,10,,,,1,,,,,,,,4,,,,0.8,,,,,,,,,,,,,,,,,,,,,,,,,,,,,,,,,,,,,,,,vis_08_title,,,,vis_08_title,,,,vis_08_legend,,,,vis_08_legend,,,,vis_08_parameters,,,,vis_08_param,,,,vis_08_peak_projection_table,,,,vis_08_peak_projection_table,,,,vis_08__,,,,vis_08_image,,,,vis_08_projection_table,,,,vis_08_projection_table,,,,vis_08_peak_point,,,,vis_08_peak_point,,,,group1,,,,1,,,,pptx_template.vis_08.pptx,,,,1,,,,D,,,,#ff7f0e,,,,--,,,,2,,,,300,,,,6,,,,60,,,,5,,,,60,,,,,,,,TRUE,,,,TRUE,,,,TRUE,,,,1/1/2021,12,,,,10,,,,#d9d9d9,,,,16,,,,0.3,,,,bold,,,,13.33,,,,60,,,,#1f77b4,,,,-,,,,2,,,,5/1/2021,,,,cohort,,,,,,,,,FALSE,,,,0,Time,,,,0,,,,count,,,,1,,,,,,,,Facility Census,,,,fiscal
N,vis_08,vis_08,adf,adf.med.ch_high,medium.chronic_high,Medium Custody Highly Severe Chronic Health Condition,((custody_class.isin(['MED']))) & (chronic_status == 'HIGH'),adf,med.ch_high,,,,,,,,,,,,,,,,,,,,,,,,,,,,,,,,,,,,,,,,,,,,,,,,,,,,,,,,,,,,,,,,,,,,,,,,,#d62728,,,,,,,,1,,,,week,,,,0.2,,,,,,,,#1f77b4,,,,--,,,,1.25,,,,TRUE,,,,#000000,,,,:,,,,1.5,,,,#000000,,,,--,,,,1.5,,,,0.85,,,,,,,,,,,,subtract,,,,,,,,LC ADF,300,,,,FALSE,,,,1,12/31/2025,,,,,,,,,,,,,,,,,,,,,TRUE,,,,,,,,,,,,6,,,,14,,,,Segoe UI,,,,ols,,,,,,,,TRUE,,,,TRUE,,,,9,,,,10,,,,1,,,,,,,,4,,,,0.8,,,,,,,,,,,,,,,,,,,,,,,,,,,,,,,,,,,,,,,,vis_08_title,,,,vis_08_title,,,,vis_08_legend,,,,vis_08_legend,,,,vis_08_parameters,,,,vis_08_param,,,,vis_08_peak_projection_table,,,,vis_08_peak_projection_table,,,,vis_08__,,,,vis_08_image,,,,vis_08_projection_table,,,,vis_08_projection_table,,,,vis_08_peak_point,,,,vis_08_peak_point,,,,group1,,,,1,,,,pptx_template.vis_08.pptx,,,,1,,,,D,,,,#ff7f0e,,,,--,,,,2,,,,300,,,,6,,,,60,,,,5,,,,60,,,,,,,,TRUE,,,,TRUE,,,,TRUE,,,,1/1/2021,12,,,,10,,,,#d9d9d9,,,,16,,,,0.3,,,,bold,,,,13.33,,,,60,,,,#1f77b4,,,,-,,,,2,,,,5/1/2021,,,,cohort,,,,,,,,,FALSE,,,,0,Time,,,,0,,,,count,,,,1,,,,,,,,Facility Census,,,,fiscal
N,vis_08,vis_08,adf,adf.med.ch_low_mod_no,medium.chronic_low_moderate_no_chronic,Medium Custody Low/Moderate/No Chronic Health Condition,"((custody_class.isin(['MED']))) & (chronic_status .isin(['LOW','MODERATE','NO CHRONIC CONDITION']))",adf,med.ch_low_mod_no,,,,,,,,,,,,,,,,,,,,,,,,,,,,,,,,,,,,,,,,,,,,,,,,,,,,,,,,,,,,,,,,,,,,,,,,,#d62728,,,,,,,,1,,,,week,,,,0.2,,,,,,,,#1f77b4,,,,--,,,,1.25,,,,TRUE,,,,#000000,,,,:,,,,1.5,,,,#000000,,,,--,,,,1.5,,,,0.85,,,,,,,,,,,,subtract,,,,,,,,LC ADF,300,,,,FALSE,,,,1,12/31/2025,,,,,,,,,,,,,,,,,,,,,TRUE,,,,,,,,,,,,6,,,,14,,,,Segoe UI,,,,ols,,,,,,,,TRUE,,,,TRUE,,,,9,,,,10,,,,1,,,,,,,,4,,,,0.8,,,,,,,,,,,,,,,,,,,,,,,,,,,,,,,,,,,,,,,,vis_08_title,,,,vis_08_title,,,,vis_08_legend,,,,vis_08_legend,,,,vis_08_parameters,,,,vis_08_param,,,,vis_08_peak_projection_table,,,,vis_08_peak_projection_table,,,,vis_08__,,,,vis_08_image,,,,vis_08_projection_table,,,,vis_08_projection_table,,,,vis_08_peak_point,,,,vis_08_peak_point,,,,group1,,,,1,,,,pptx_template.vis_08.pptx,,,,1,,,,D,,,,#ff7f0e,,,,--,,,,2,,,,300,,,,6,,,,60,,,,5,,,,60,,,,,,,,TRUE,,,,TRUE,,,,TRUE,,,,1/1/2021,12,,,,10,,,,#d9d9d9,,,,16,,,,0.3,,,,bold,,,,13.33,,,,60,,,,#1f77b4,,,,-,,,,2,,,,5/1/2021,,,,cohort,,,,,,,,,FALSE,,,,0,Time,,,,0,,,,count,,,,1,,,,,,,,Facility Census,,,,fiscal
N,vis_08,vis_08,adf,adf.med.f,medium.female,Medium Custody Female,((custody_class.isin(['MED']))) & (sex == 'F'),adf,med.f,,,,,,,,,,,,,,,,,,,,,,,,,,,,,,,,,,,,,,,,,,,,,,,,,,,,,,,,,,,,,,,,,,,,,,,,,#d62728,,,,,,,,1,,,,week,,,,0.2,,,,,,,,#1f77b4,,,,--,,,,1.25,,,,TRUE,,,,#000000,,,,:,,,,1.5,,,,#000000,,,,--,,,,1.5,,,,0.85,,,,,,,,,,,,subtract,,,,,,,,LC ADF,300,,,,FALSE,,,,1,12/31/2025,,,,,,,,,,,,,,,,,,,,,TRUE,,,,,,,,,,,,6,,,,14,,,,Segoe UI,,,,ols,,,,,,,,TRUE,,,,TRUE,,,,9,,,,10,,,,1,,,,,,,,4,,,,0.8,,,,,,,,,,,,,,,,,,,,,,,,,,,,,,,,,,,,,,,,vis_08_title,,,,vis_08_title,,,,vis_08_legend,,,,vis_08_legend,,,,vis_08_parameters,,,,vis_08_param,,,,vis_08_peak_projection_table,,,,vis_08_peak_projection_table,,,,vis_08__,,,,vis_08_image,,,,vis_08_projection_table,,,,vis_08_projection_table,,,,vis_08_peak_point,,,,vis_08_peak_point,,,,group1,,,,1,,,,pptx_template.vis_08.pptx,,,,1,,,,D,,,,#ff7f0e,,,,--,,,,2,,,,300,,,,6,,,,60,,,,5,,,,60,,,,,,,,TRUE,,,,TRUE,,,,TRUE,,,,1/1/2021,12,,,,10,,,,#d9d9d9,,,,16,,,,0.3,,,,bold,,,,13.33,,,,60,,,,#1f77b4,,,,-,,,,2,,,,5/1/2021,,,,cohort,,,,,,,,,FALSE,,,,0,Time,,,,0,,,,count,,,,1,,,,,,,,Facility Census,,,,fiscal
N,vis_08,vis_08,adf,adf.med.f.55plus,medium.female.55plus,Medium Custody Female 55+,(((custody_class.isin(['MED']))) & (sex == 'F')) & (age_bracket == 'adult 55+'),adf,med.f.55plus,,,,,,,,,,,,,,,,,,,,,,,,,,,,,,,,,,,,,,,,,,,,,,,,,,,,,,,,,,,,,,,,,,,,,,,,,#d62728,,,,,,,,1,,,,week,,,,0.2,,,,,,,,#1f77b4,,,,--,,,,1.25,,,,TRUE,,,,#000000,,,,:,,,,1.5,,,,#000000,,,,--,,,,1.5,,,,0.85,,,,,,,,,,,,subtract,,,,,,,,LC ADF,300,,,,FALSE,,,,1,12/31/2025,,,,,,,,,,,,,,,,,,,,,TRUE,,,,,,,,,,,,6,,,,14,,,,Segoe UI,,,,ols,,,,,,,,TRUE,,,,TRUE,,,,9,,,,10,,,,1,,,,,,,,4,,,,0.8,,,,,,,,,,,,,,,,,,,,,,,,,,,,,,,,,,,,,,,,vis_08_title,,,,vis_08_title,,,,vis_08_legend,,,,vis_08_legend,,,,vis_08_parameters,,,,vis_08_param,,,,vis_08_peak_projection_table,,,,vis_08_peak_projection_table,,,,vis_08__,,,,vis_08_image,,,,vis_08_projection_table,,,,vis_08_projection_table,,,,vis_08_peak_point,,,,vis_08_peak_point,,,,group1,,,,1,,,,pptx_template.vis_08.pptx,,,,1,,,,D,,,,#ff7f0e,,,,--,,,,2,,,,300,,,,6,,,,60,,,,5,,,,60,,,,,,,,TRUE,,,,TRUE,,,,TRUE,,,,1/1/2021,12,,,,10,,,,#d9d9d9,,,,16,,,,0.3,,,,bold,,,,13.33,,,,60,,,,#1f77b4,,,,-,,,,2,,,,5/1/2021,,,,cohort,,,,,,,,,FALSE,,,,0,Time,,,,0,,,,count,,,,1,,,,,,,,Facility Census,,,,fiscal
N,vis_08,vis_08,adf,adf.med.f.ch_high,medium.female.chronic_high,Medium Custody Female Highly Severe Chronic Health Condition,(((custody_class.isin(['MED']))) & (sex == 'F')) & (chronic_status == 'HIGH'),adf,med.f.ch_high,,,,,,,,,,,,,,,,,,,,,,,,,,,,,,,,,,,,,,,,,,,,,,,,,,,,,,,,,,,,,,,,,,,,,,,,,#d62728,,,,,,,,1,,,,week,,,,0.2,,,,,,,,#1f77b4,,,,--,,,,1.25,,,,TRUE,,,,#000000,,,,:,,,,1.5,,,,#000000,,,,--,,,,1.5,,,,0.85,,,,,,,,,,,,subtract,,,,,,,,LC ADF,300,,,,FALSE,,,,1,12/31/2025,,,,,,,,,,,,,,,,,,,,,TRUE,,,,,,,,,,,,6,,,,14,,,,Segoe UI,,,,ols,,,,,,,,TRUE,,,,TRUE,,,,9,,,,10,,,,1,,,,,,,,4,,,,0.8,,,,,,,,,,,,,,,,,,,,,,,,,,,,,,,,,,,,,,,,vis_08_title,,,,vis_08_title,,,,vis_08_legend,,,,vis_08_legend,,,,vis_08_parameters,,,,vis_08_param,,,,vis_08_peak_projection_table,,,,vis_08_peak_projection_table,,,,vis_08__,,,,vis_08_image,,,,vis_08_projection_table,,,,vis_08_projection_table,,,,vis_08_peak_point,,,,vis_08_peak_point,,,,group1,,,,1,,,,pptx_template.vis_08.pptx,,,,1,,,,D,,,,#ff7f0e,,,,--,,,,2,,,,300,,,,6,,,,60,,,,5,,,,60,,,,,,,,TRUE,,,,TRUE,,,,TRUE,,,,1/1/2021,12,,,,10,,,,#d9d9d9,,,,16,,,,0.3,,,,bold,,,,13.33,,,,60,,,,#1f77b4,,,,-,,,,2,,,,5/1/2021,,,,cohort,,,,,,,,,FALSE,,,,0,Time,,,,0,,,,count,,,,1,,,,,,,,Facility Census,,,,fiscal
N,vis_08,vis_08,adf,adf.med.f.ch_low_mod_no,medium.female.chronic_low_moderate_no_chronic,Medium Custody Female Low/Moderate/No Chronic Health Condition,"(((custody_class.isin(['MED']))) & (sex == 'F')) & (chronic_status .isin(['LOW','MODERATE','NO CHRONIC CONDITION']))",adf,med.f.ch_low_mod_no,,,,,,,,,,,,,,,,,,,,,,,,,,,,,,,,,,,,,,,,,,,,,,,,,,,,,,,,,,,,,,,,,,,,,,,,,#d62728,,,,,,,,1,,,,week,,,,0.2,,,,,,,,#1f77b4,,,,--,,,,1.25,,,,TRUE,,,,#000000,,,,:,,,,1.5,,,,#000000,,,,--,,,,1.5,,,,0.85,,,,,,,,,,,,subtract,,,,,,,,LC ADF,300,,,,FALSE,,,,1,12/31/2025,,,,,,,,,,,,,,,,,,,,,TRUE,,,,,,,,,,,,6,,,,14,,,,Segoe UI,,,,ols,,,,,,,,TRUE,,,,TRUE,,,,9,,,,10,,,,1,,,,,,,,4,,,,0.8,,,,,,,,,,,,,,,,,,,,,,,,,,,,,,,,,,,,,,,,vis_08_title,,,,vis_08_title,,,,vis_08_legend,,,,vis_08_legend,,,,vis_08_parameters,,,,vis_08_param,,,,vis_08_peak_projection_table,,,,vis_08_peak_projection_table,,,,vis_08__,,,,vis_08_image,,,,vis_08_projection_table,,,,vis_08_projection_table,,,,vis_08_peak_point,,,,vis_08_peak_point,,,,group1,,,,1,,,,pptx_template.vis_08.pptx,,,,1,,,,D,,,,#ff7f0e,,,,--,,,,2,,,,300,,,,6,,,,60,,,,5,,,,60,,,,,,,,TRUE,,,,TRUE,,,,TRUE,,,,1/1/2021,12,,,,10,,,,#d9d9d9,,,,16,,,,0.3,,,,bold,,,,13.33,,,,60,,,,#1f77b4,,,,-,,,,2,,,,5/1/2021,,,,cohort,,,,,,,,,FALSE,,,,0,Time,,,,0,,,,count,,,,1,,,,,,,,Facility Census,,,,fiscal
N,vis_08,vis_08,adf,adf.med.f.u55,medium.female.u55,Medium Custody Female Under 55,(((custody_class.isin(['MED']))) & (sex == 'F')) & (age_bracket == 'adult under 55'),adf,med.f.u55,,,,,,,,,,,,,,,,,,,,,,,,,,,,,,,,,,,,,,,,,,,,,,,,,,,,,,,,,,,,,,,,,,,,,,,,,#d62728,,,,,,,,1,,,,week,,,,0.2,,,,,,,,#1f77b4,,,,--,,,,1.25,,,,TRUE,,,,#000000,,,,:,,,,1.5,,,,#000000,,,,--,,,,1.5,,,,0.85,,,,,,,,,,,,subtract,,,,,,,,LC ADF,300,,,,FALSE,,,,1,12/31/2025,,,,,,,,,,,,,,,,,,,,,TRUE,,,,,,,,,,,,6,,,,14,,,,Segoe UI,,,,ols,,,,,,,,TRUE,,,,TRUE,,,,9,,,,10,,,,1,,,,,,,,4,,,,0.8,,,,,,,,,,,,,,,,,,,,,,,,,,,,,,,,,,,,,,,,vis_08_title,,,,vis_08_title,,,,vis_08_legend,,,,vis_08_legend,,,,vis_08_parameters,,,,vis_08_param,,,,vis_08_peak_projection_table,,,,vis_08_peak_projection_table,,,,vis_08__,,,,vis_08_image,,,,vis_08_projection_table,,,,vis_08_projection_table,,,,vis_08_peak_point,,,,vis_08_peak_point,,,,group1,,,,1,,,,pptx_template.vis_08.pptx,,,,1,,,,D,,,,#ff7f0e,,,,--,,,,2,,,,300,,,,6,,,,60,,,,5,,,,60,,,,,,,,TRUE,,,,TRUE,,,,TRUE,,,,1/1/2021,12,,,,10,,,,#d9d9d9,,,,16,,,,0.3,,,,bold,,,,13.33,,,,60,,,,#1f77b4,,,,-,,,,2,,,,5/1/2021,,,,cohort,,,,,,,,,FALSE,,,,0,Time,,,,0,,,,count,,,,1,,,,,,,,Facility Census,,,,fiscal
N,vis_08,vis_08,adf,adf.med.m,medium.male,Medium Custody Male,((custody_class.isin(['MED']))) & (sex == 'M'),adf,med.m,,,,,,,,,,,,,,,,,,,,,,,,,,,,,,,,,,,,,,,,,,,,,,,,,,,,,,,,,,,,,,,,,,,,,,,,,#d62728,,,,,,,,1,,,,week,,,,0.2,,,,,,,,#1f77b4,,,,--,,,,1.25,,,,TRUE,,,,#000000,,,,:,,,,1.5,,,,#000000,,,,--,,,,1.5,,,,0.85,,,,,,,,,,,,subtract,,,,,,,,LC ADF,300,,,,FALSE,,,,1,12/31/2025,,,,,,,,,,,,,,,,,,,,,TRUE,,,,,,,,,,,,6,,,,14,,,,Segoe UI,,,,ols,,,,,,,,TRUE,,,,TRUE,,,,9,,,,10,,,,1,,,,,,,,4,,,,0.8,,,,,,,,,,,,,,,,,,,,,,,,,,,,,,,,,,,,,,,,vis_08_title,,,,vis_08_title,,,,vis_08_legend,,,,vis_08_legend,,,,vis_08_parameters,,,,vis_08_param,,,,vis_08_peak_projection_table,,,,vis_08_peak_projection_table,,,,vis_08__,,,,vis_08_image,,,,vis_08_projection_table,,,,vis_08_projection_table,,,,vis_08_peak_point,,,,vis_08_peak_point,,,,group1,,,,1,,,,pptx_template.vis_08.pptx,,,,1,,,,D,,,,#ff7f0e,,,,--,,,,2,,,,300,,,,6,,,,60,,,,5,,,,60,,,,,,,,TRUE,,,,TRUE,,,,TRUE,,,,1/1/2021,12,,,,10,,,,#d9d9d9,,,,16,,,,0.3,,,,bold,,,,13.33,,,,60,,,,#1f77b4,,,,-,,,,2,,,,5/1/2021,,,,cohort,,,,,,,,,FALSE,,,,0,Time,,,,0,,,,count,,,,1,,,,,,,,Facility Census,,,,fiscal
N,vis_08,vis_08,adf,adf.med.m.55plus,medium.male.55plus,Medium Custody Male 55+,(((custody_class.isin(['MED']))) & (sex == 'M')) & (age_bracket == 'adult 55+'),adf,med.m.55plus,,,,,,,,,,,,,,,,,,,,,,,,,,,,,,,,,,,,,,,,,,,,,,,,,,,,,,,,,,,,,,,,,,,,,,,,,#d62728,,,,,,,,1,,,,week,,,,0.2,,,,,,,,#1f77b4,,,,--,,,,1.25,,,,TRUE,,,,#000000,,,,:,,,,1.5,,,,#000000,,,,--,,,,1.5,,,,0.85,,,,,,,,,,,,subtract,,,,,,,,LC ADF,300,,,,FALSE,,,,1,12/31/2025,,,,,,,,,,,,,,,,,,,,,TRUE,,,,,,,,,,,,6,,,,14,,,,Segoe UI,,,,ols,,,,,,,,TRUE,,,,TRUE,,,,9,,,,10,,,,1,,,,,,,,4,,,,0.8,,,,,,,,,,,,,,,,,,,,,,,,,,,,,,,,,,,,,,,,vis_08_title,,,,vis_08_title,,,,vis_08_legend,,,,vis_08_legend,,,,vis_08_parameters,,,,vis_08_param,,,,vis_08_peak_projection_table,,,,vis_08_peak_projection_table,,,,vis_08__,,,,vis_08_image,,,,vis_08_projection_table,,,,vis_08_projection_table,,,,vis_08_peak_point,,,,vis_08_peak_point,,,,group1,,,,1,,,,pptx_template.vis_08.pptx,,,,1,,,,D,,,,#ff7f0e,,,,--,,,,2,,,,300,,,,6,,,,60,,,,5,,,,60,,,,,,,,TRUE,,,,TRUE,,,,TRUE,,,,1/1/2021,12,,,,10,,,,#d9d9d9,,,,16,,,,0.3,,,,bold,,,,13.33,,,,60,,,,#1f77b4,,,,-,,,,2,,,,5/1/2021,,,,cohort,,,,,,,,,FALSE,,,,0,Time,,,,0,,,,count,,,,1,,,,,,,,Facility Census,,,,fiscal
N,vis_08,vis_08,adf,adf.med.m.ch_high,medium.male.chronic_high,Medium Custody Male Highly Severe Chronic Health Condition,(((custody_class.isin(['MED']))) & (sex == 'M')) & (chronic_status == 'HIGH'),adf,med.m.ch_high,,,,,,,,,,,,,,,,,,,,,,,,,,,,,,,,,,,,,,,,,,,,,,,,,,,,,,,,,,,,,,,,,,,,,,,,,#d62728,,,,,,,,1,,,,week,,,,0.2,,,,,,,,#1f77b4,,,,--,,,,1.25,,,,TRUE,,,,#000000,,,,:,,,,1.5,,,,#000000,,,,--,,,,1.5,,,,0.85,,,,,,,,,,,,subtract,,,,,,,,LC ADF,300,,,,FALSE,,,,1,12/31/2025,,,,,,,,,,,,,,,,,,,,,TRUE,,,,,,,,,,,,6,,,,14,,,,Segoe UI,,,,ols,,,,,,,,TRUE,,,,TRUE,,,,9,,,,10,,,,1,,,,,,,,4,,,,0.8,,,,,,,,,,,,,,,,,,,,,,,,,,,,,,,,,,,,,,,,vis_08_title,,,,vis_08_title,,,,vis_08_legend,,,,vis_08_legend,,,,vis_08_parameters,,,,vis_08_param,,,,vis_08_peak_projection_table,,,,vis_08_peak_projection_table,,,,vis_08__,,,,vis_08_image,,,,vis_08_projection_table,,,,vis_08_projection_table,,,,vis_08_peak_point,,,,vis_08_peak_point,,,,group1,,,,1,,,,pptx_template.vis_08.pptx,,,,1,,,,D,,,,#ff7f0e,,,,--,,,,2,,,,300,,,,6,,,,60,,,,5,,,,60,,,,,,,,TRUE,,,,TRUE,,,,TRUE,,,,1/1/2021,12,,,,10,,,,#d9d9d9,,,,16,,,,0.3,,,,bold,,,,13.33,,,,60,,,,#1f77b4,,,,-,,,,2,,,,5/1/2021,,,,cohort,,,,,,,,,FALSE,,,,0,Time,,,,0,,,,count,,,,1,,,,,,,,Facility Census,,,,fiscal
N,vis_08,vis_08,adf,adf.med.m.ch_low_mod_no,medium.male.chronic_low_moderate_no_chronic,Medium Custody Male Low/Moderate/No Chronic Health Condition,"(((custody_class.isin(['MED']))) & (sex == 'M')) & (chronic_status .isin(['LOW','MODERATE','NO CHRONIC CONDITION']))",adf,med.m.ch_low_mod_no,,,,,,,,,,,,,,,,,,,,,,,,,,,,,,,,,,,,,,,,,,,,,,,,,,,,,,,,,,,,,,,,,,,,,,,,,#d62728,,,,,,,,1,,,,week,,,,0.2,,,,,,,,#1f77b4,,,,--,,,,1.25,,,,TRUE,,,,#000000,,,,:,,,,1.5,,,,#000000,,,,--,,,,1.5,,,,0.85,,,,,,,,,,,,subtract,,,,,,,,LC ADF,300,,,,FALSE,,,,1,12/31/2025,,,,,,,,,,,,,,,,,,,,,TRUE,,,,,,,,,,,,6,,,,14,,,,Segoe UI,,,,ols,,,,,,,,TRUE,,,,TRUE,,,,9,,,,10,,,,1,,,,,,,,4,,,,0.8,,,,,,,,,,,,,,,,,,,,,,,,,,,,,,,,,,,,,,,,vis_08_title,,,,vis_08_title,,,,vis_08_legend,,,,vis_08_legend,,,,vis_08_parameters,,,,vis_08_param,,,,vis_08_peak_projection_table,,,,vis_08_peak_projection_table,,,,vis_08__,,,,vis_08_image,,,,vis_08_projection_table,,,,vis_08_projection_table,,,,vis_08_peak_point,,,,vis_08_peak_point,,,,group1,,,,1,,,,pptx_template.vis_08.pptx,,,,1,,,,D,,,,#ff7f0e,,,,--,,,,2,,,,300,,,,6,,,,60,,,,5,,,,60,,,,,,,,TRUE,,,,TRUE,,,,TRUE,,,,1/1/2021,12,,,,10,,,,#d9d9d9,,,,16,,,,0.3,,,,bold,,,,13.33,,,,60,,,,#1f77b4,,,,-,,,,2,,,,5/1/2021,,,,cohort,,,,,,,,,FALSE,,,,0,Time,,,,0,,,,count,,,,1,,,,,,,,Facility Census,,,,fiscal
N,vis_08,vis_08,adf,adf.med.m.u55,medium.male.u55,Medium Custody Male Under 55,(((custody_class.isin(['MED']))) & (sex == 'M')) & (age_bracket == 'adult under 55'),adf,med.m.u55,,,,,,,,,,,,,,,,,,,,,,,,,,,,,,,,,,,,,,,,,,,,,,,,,,,,,,,,,,,,,,,,,,,,,,,,,#d62728,,,,,,,,1,,,,week,,,,0.2,,,,,,,,#1f77b4,,,,--,,,,1.25,,,,TRUE,,,,#000000,,,,:,,,,1.5,,,,#000000,,,,--,,,,1.5,,,,0.85,,,,,,,,,,,,subtract,,,,,,,,LC ADF,300,,,,FALSE,,,,1,12/31/2025,,,,,,,,,,,,,,,,,,,,,TRUE,,,,,,,,,,,,6,,,,14,,,,Segoe UI,,,,ols,,,,,,,,TRUE,,,,TRUE,,,,9,,,,10,,,,1,,,,,,,,4,,,,0.8,,,,,,,,,,,,,,,,,,,,,,,,,,,,,,,,,,,,,,,,vis_08_title,,,,vis_08_title,,,,vis_08_legend,,,,vis_08_legend,,,,vis_08_parameters,,,,vis_08_param,,,,vis_08_peak_projection_table,,,,vis_08_peak_projection_table,,,,vis_08__,,,,vis_08_image,,,,vis_08_projection_table,,,,vis_08_projection_table,,,,vis_08_peak_point,,,,vis_08_peak_point,,,,group1,,,,1,,,,pptx_template.vis_08.pptx,,,,1,,,,D,,,,#ff7f0e,,,,--,,,,2,,,,300,,,,6,,,,60,,,,5,,,,60,,,,,,,,TRUE,,,,TRUE,,,,TRUE,,,,1/1/2021,12,,,,10,,,,#d9d9d9,,,,16,,,,0.3,,,,bold,,,,13.33,,,,60,,,,#1f77b4,,,,-,,,,2,,,,5/1/2021,,,,cohort,,,,,,,,,FALSE,,,,0,Time,,,,0,,,,count,,,,1,,,,,,,,Facility Census,,,,fiscal
N,vis_08,vis_08,adf,adf.med.u55,medium.u55,Medium Custody Under 55,((custody_class.isin(['MED']))) & (age_bracket == 'adult under 55'),adf,med.u55,,,,,,,,,,,,,,,,,,,,,,,,,,,,,,,,,,,,,,,,,,,,,,,,,,,,,,,,,,,,,,,,,,,,,,,,,#d62728,,,,,,,,1,,,,week,,,,0.2,,,,,,,,#1f77b4,,,,--,,,,1.25,,,,TRUE,,,,#000000,,,,:,,,,1.5,,,,#000000,,,,--,,,,1.5,,,,0.85,,,,,,,,,,,,subtract,,,,,,,,LC ADF,300,,,,FALSE,,,,1,12/31/2025,,,,,,,,,,,,,,,,,,,,,TRUE,,,,,,,,,,,,6,,,,14,,,,Segoe UI,,,,ols,,,,,,,,TRUE,,,,TRUE,,,,9,,,,10,,,,1,,,,,,,,4,,,,0.8,,,,,,,,,,,,,,,,,,,,,,,,,,,,,,,,,,,,,,,,vis_08_title,,,,vis_08_title,,,,vis_08_legend,,,,vis_08_legend,,,,vis_08_parameters,,,,vis_08_param,,,,vis_08_peak_projection_table,,,,vis_08_peak_projection_table,,,,vis_08__,,,,vis_08_image,,,,vis_08_projection_table,,,,vis_08_projection_table,,,,vis_08_peak_point,,,,vis_08_peak_point,,,,group1,,,,1,,,,pptx_template.vis_08.pptx,,,,1,,,,D,,,,#ff7f0e,,,,--,,,,2,,,,300,,,,6,,,,60,,,,5,,,,60,,,,,,,,TRUE,,,,TRUE,,,,TRUE,,,,1/1/2021,12,,,,10,,,,#d9d9d9,,,,16,,,,0.3,,,,bold,,,,13.33,,,,60,,,,#1f77b4,,,,-,,,,2,,,,5/1/2021,,,,cohort,,,,,,,,,FALSE,,,,0,Time,,,,0,,,,count,,,,1,,,,,,,,Facility Census,,,,fiscal
N,vis_08,vis_08,adf,adf.min,minimum,Minimum Custody,"(custody_class.isin(['MIN', 'MINIMUM', 'MIIN']))",adf,min,,,,,,,,,,,,,,,,,,,,,,,,,,,,,,,,,,,,,,,,,,,,,,,,,,,,,,,,,,,,,,,,,,,,,,,,,#d62728,,,,,,,,1,,,,week,,,,0.2,,,,,,,,#1f77b4,,,,--,,,,1.25,,,,TRUE,,,,#000000,,,,:,,,,1.5,,,,#000000,,,,--,,,,1.5,,,,0.85,,,,,,,,,,,,subtract,,,,,,,,LC ADF,300,,,,FALSE,,,,1,12/31/2025,,,,,,,,,,,,,,,,,,,,,TRUE,,,,,,,,,,,,6,,,,14,,,,Segoe UI,,,,ols,,,,,,,,TRUE,,,,TRUE,,,,9,,,,10,,,,1,,,,,,,,4,,,,0.8,,,,,,,,,,,,,,,,,,,,,,,,,,,,,,,,,,,,,,,,vis_08_title,,,,vis_08_title,,,,vis_08_legend,,,,vis_08_legend,,,,vis_08_parameters,,,,vis_08_param,,,,vis_08_peak_projection_table,,,,vis_08_peak_projection_table,,,,vis_08__,,,,vis_08_image,,,,vis_08_projection_table,,,,vis_08_projection_table,,,,vis_08_peak_point,,,,vis_08_peak_point,,,,group1,,,,1,,,,pptx_template.vis_08.pptx,,,,1,,,,D,,,,#ff7f0e,,,,--,,,,2,,,,300,,,,6,,,,60,,,,5,,,,60,,,,,,,,TRUE,,,,TRUE,,,,TRUE,,,,1/1/2021,12,,,,10,,,,#d9d9d9,,,,16,,,,0.3,,,,bold,,,,13.33,,,,60,,,,#1f77b4,,,,-,,,,2,,,,5/1/2021,,,,cohort,,,,,,,,,FALSE,,,,0,Time,,,,0,,,,count,,,,1,,,,,,,,Facility Census,,,,fiscal
N,vis_08,vis_08,adf,adf.min.55plus,minimum.55plus,Minimum Custody 55+,"((custody_class.isin(['MIN', 'MINIMUM', 'MIIN']))) & (age_bracket == 'adult 55+')",adf,min.55plus,,,,,,,,,,,,,,,,,,,,,,,,,,,,,,,,,,,,,,,,,,,,,,,,,,,,,,,,,,,,,,,,,,,,,,,,,#d62728,,,,,,,,1,,,,week,,,,0.2,,,,,,,,#1f77b4,,,,--,,,,1.25,,,,TRUE,,,,#000000,,,,:,,,,1.5,,,,#000000,,,,--,,,,1.5,,,,0.85,,,,,,,,,,,,subtract,,,,,,,,LC ADF,300,,,,FALSE,,,,1,12/31/2025,,,,,,,,,,,,,,,,,,,,,TRUE,,,,,,,,,,,,6,,,,14,,,,Segoe UI,,,,ols,,,,,,,,TRUE,,,,TRUE,,,,9,,,,10,,,,1,,,,,,,,4,,,,0.8,,,,,,,,,,,,,,,,,,,,,,,,,,,,,,,,,,,,,,,,vis_08_title,,,,vis_08_title,,,,vis_08_legend,,,,vis_08_legend,,,,vis_08_parameters,,,,vis_08_param,,,,vis_08_peak_projection_table,,,,vis_08_peak_projection_table,,,,vis_08__,,,,vis_08_image,,,,vis_08_projection_table,,,,vis_08_projection_table,,,,vis_08_peak_point,,,,vis_08_peak_point,,,,group1,,,,1,,,,pptx_template.vis_08.pptx,,,,1,,,,D,,,,#ff7f0e,,,,--,,,,2,,,,300,,,,6,,,,60,,,,5,,,,60,,,,,,,,TRUE,,,,TRUE,,,,TRUE,,,,1/1/2021,12,,,,10,,,,#d9d9d9,,,,16,,,,0.3,,,,bold,,,,13.33,,,,60,,,,#1f77b4,,,,-,,,,2,,,,5/1/2021,,,,cohort,,,,,,,,,FALSE,,,,0,Time,,,,0,,,,count,,,,1,,,,,,,,Facility Census,,,,fiscal
N,vis_08,vis_08,adf,adf.min.ch_high,minimum.chronic_high,Minimum Custody Highly Severe Chronic Health Condition,"((custody_class.isin(['MIN', 'MINIMUM', 'MIIN']))) & (chronic_status == 'HIGH')",adf,min.ch_high,,,,,,,,,,,,,,,,,,,,,,,,,,,,,,,,,,,,,,,,,,,,,,,,,,,,,,,,,,,,,,,,,,,,,,,,,#d62728,,,,,,,,1,,,,week,,,,0.2,,,,,,,,#1f77b4,,,,--,,,,1.25,,,,TRUE,,,,#000000,,,,:,,,,1.5,,,,#000000,,,,--,,,,1.5,,,,0.85,,,,,,,,,,,,subtract,,,,,,,,LC ADF,300,,,,FALSE,,,,1,12/31/2025,,,,,,,,,,,,,,,,,,,,,TRUE,,,,,,,,,,,,6,,,,14,,,,Segoe UI,,,,ols,,,,,,,,TRUE,,,,TRUE,,,,9,,,,10,,,,1,,,,,,,,4,,,,0.8,,,,,,,,,,,,,,,,,,,,,,,,,,,,,,,,,,,,,,,,vis_08_title,,,,vis_08_title,,,,vis_08_legend,,,,vis_08_legend,,,,vis_08_parameters,,,,vis_08_param,,,,vis_08_peak_projection_table,,,,vis_08_peak_projection_table,,,,vis_08__,,,,vis_08_image,,,,vis_08_projection_table,,,,vis_08_projection_table,,,,vis_08_peak_point,,,,vis_08_peak_point,,,,group1,,,,1,,,,pptx_template.vis_08.pptx,,,,1,,,,D,,,,#ff7f0e,,,,--,,,,2,,,,300,,,,6,,,,60,,,,5,,,,60,,,,,,,,TRUE,,,,TRUE,,,,TRUE,,,,1/1/2021,12,,,,10,,,,#d9d9d9,,,,16,,,,0.3,,,,bold,,,,13.33,,,,60,,,,#1f77b4,,,,-,,,,2,,,,5/1/2021,,,,cohort,,,,,,,,,FALSE,,,,0,Time,,,,0,,,,count,,,,1,,,,,,,,Facility Census,,,,fiscal
N,vis_08,vis_08,adf,adf.min.ch_low_mod_no,minimum.chronic_low_moderate_no_chronic,Minimum Custody Low/Moderate/No Chronic Health Condition,"((custody_class.isin(['MIN', 'MINIMUM', 'MIIN']))) & (chronic_status .isin(['LOW','MODERATE','NO CHRONIC CONDITION']))",adf,min.ch_low_mod_no,,,,,,,,,,,,,,,,,,,,,,,,,,,,,,,,,,,,,,,,,,,,,,,,,,,,,,,,,,,,,,,,,,,,,,,,,#d62728,,,,,,,,1,,,,week,,,,0.2,,,,,,,,#1f77b4,,,,--,,,,1.25,,,,TRUE,,,,#000000,,,,:,,,,1.5,,,,#000000,,,,--,,,,1.5,,,,0.85,,,,,,,,,,,,subtract,,,,,,,,LC ADF,300,,,,FALSE,,,,1,12/31/2025,,,,,,,,,,,,,,,,,,,,,TRUE,,,,,,,,,,,,6,,,,14,,,,Segoe UI,,,,ols,,,,,,,,TRUE,,,,TRUE,,,,9,,,,10,,,,1,,,,,,,,4,,,,0.8,,,,,,,,,,,,,,,,,,,,,,,,,,,,,,,,,,,,,,,,vis_08_title,,,,vis_08_title,,,,vis_08_legend,,,,vis_08_legend,,,,vis_08_parameters,,,,vis_08_param,,,,vis_08_peak_projection_table,,,,vis_08_peak_projection_table,,,,vis_08__,,,,vis_08_image,,,,vis_08_projection_table,,,,vis_08_projection_table,,,,vis_08_peak_point,,,,vis_08_peak_point,,,,group1,,,,1,,,,pptx_template.vis_08.pptx,,,,1,,,,D,,,,#ff7f0e,,,,--,,,,2,,,,300,,,,6,,,,60,,,,5,,,,60,,,,,,,,TRUE,,,,TRUE,,,,TRUE,,,,1/1/2021,12,,,,10,,,,#d9d9d9,,,,16,,,,0.3,,,,bold,,,,13.33,,,,60,,,,#1f77b4,,,,-,,,,2,,,,5/1/2021,,,,cohort,,,,,,,,,FALSE,,,,0,Time,,,,0,,,,count,,,,1,,,,,,,,Facility Census,,,,fiscal
N,vis_08,vis_08,adf,adf.min.f,minimum.female,Minimum Custody Female,"((custody_class.isin(['MIN', 'MINIMUM', 'MIIN']))) & (sex == 'F')",adf,min.f,,,,,,,,,,,,,,,,,,,,,,,,,,,,,,,,,,,,,,,,,,,,,,,,,,,,,,,,,,,,,,,,,,,,,,,,,#d62728,,,,,,,,1,,,,week,,,,0.2,,,,,,,,#1f77b4,,,,--,,,,1.25,,,,TRUE,,,,#000000,,,,:,,,,1.5,,,,#000000,,,,--,,,,1.5,,,,0.85,,,,,,,,,,,,subtract,,,,,,,,LC ADF,300,,,,FALSE,,,,1,12/31/2025,,,,,,,,,,,,,,,,,,,,,TRUE,,,,,,,,,,,,6,,,,14,,,,Segoe UI,,,,ols,,,,,,,,TRUE,,,,TRUE,,,,9,,,,10,,,,1,,,,,,,,4,,,,0.8,,,,,,,,,,,,,,,,,,,,,,,,,,,,,,,,,,,,,,,,vis_08_title,,,,vis_08_title,,,,vis_08_legend,,,,vis_08_legend,,,,vis_08_parameters,,,,vis_08_param,,,,vis_08_peak_projection_table,,,,vis_08_peak_projection_table,,,,vis_08__,,,,vis_08_image,,,,vis_08_projection_table,,,,vis_08_projection_table,,,,vis_08_peak_point,,,,vis_08_peak_point,,,,group1,,,,1,,,,pptx_template.vis_08.pptx,,,,1,,,,D,,,,#ff7f0e,,,,--,,,,2,,,,300,,,,6,,,,60,,,,5,,,,60,,,,,,,,TRUE,,,,TRUE,,,,TRUE,,,,1/1/2021,12,,,,10,,,,#d9d9d9,,,,16,,,,0.3,,,,bold,,,,13.33,,,,60,,,,#1f77b4,,,,-,,,,2,,,,5/1/2021,,,,cohort,,,,,,,,,FALSE,,,,0,Time,,,,0,,,,count,,,,1,,,,,,,,Facility Census,,,,fiscal
N,vis_08,vis_08,adf,adf.min.f.55plus,minimum.female.55plus,Minimum Custody Female 55+,"(((custody_class.isin(['MIN', 'MINIMUM', 'MIIN']))) & (sex == 'F')) & (age_bracket == 'adult 55+')",adf,min.f.55plus,,,,,,,,,,,,,,,,,,,,,,,,,,,,,,,,,,,,,,,,,,,,,,,,,,,,,,,,,,,,,,,,,,,,,,,,,#d62728,,,,,,,,1,,,,week,,,,0.2,,,,,,,,#1f77b4,,,,--,,,,1.25,,,,TRUE,,,,#000000,,,,:,,,,1.5,,,,#000000,,,,--,,,,1.5,,,,0.85,,,,,,,,,,,,subtract,,,,,,,,LC ADF,300,,,,FALSE,,,,1,12/31/2025,,,,,,,,,,,,,,,,,,,,,TRUE,,,,,,,,,,,,6,,,,14,,,,Segoe UI,,,,ols,,,,,,,,TRUE,,,,TRUE,,,,9,,,,10,,,,1,,,,,,,,4,,,,0.8,,,,,,,,,,,,,,,,,,,,,,,,,,,,,,,,,,,,,,,,vis_08_title,,,,vis_08_title,,,,vis_08_legend,,,,vis_08_legend,,,,vis_08_parameters,,,,vis_08_param,,,,vis_08_peak_projection_table,,,,vis_08_peak_projection_table,,,,vis_08__,,,,vis_08_image,,,,vis_08_projection_table,,,,vis_08_projection_table,,,,vis_08_peak_point,,,,vis_08_peak_point,,,,group1,,,,1,,,,pptx_template.vis_08.pptx,,,,1,,,,D,,,,#ff7f0e,,,,--,,,,2,,,,300,,,,6,,,,60,,,,5,,,,60,,,,,,,,TRUE,,,,TRUE,,,,TRUE,,,,1/1/2021,12,,,,10,,,,#d9d9d9,,,,16,,,,0.3,,,,bold,,,,13.33,,,,60,,,,#1f77b4,,,,-,,,,2,,,,5/1/2021,,,,cohort,,,,,,,,,FALSE,,,,0,Time,,,,0,,,,count,,,,1,,,,,,,,Facility Census,,,,fiscal
N,vis_08,vis_08,adf,adf.min.f.ch_high,minimum.female.chronic_high,Minimum Custody Female Highly Severe Chronic Health Condition,"(((custody_class.isin(['MIN', 'MINIMUM', 'MIIN']))) & (sex == 'F')) & (chronic_status == 'HIGH')",adf,min.f.ch_high,,,,,,,,,,,,,,,,,,,,,,,,,,,,,,,,,,,,,,,,,,,,,,,,,,,,,,,,,,,,,,,,,,,,,,,,,#d62728,,,,,,,,1,,,,week,,,,0.2,,,,,,,,#1f77b4,,,,--,,,,1.25,,,,TRUE,,,,#000000,,,,:,,,,1.5,,,,#000000,,,,--,,,,1.5,,,,0.85,,,,,,,,,,,,subtract,,,,,,,,LC ADF,300,,,,FALSE,,,,1,12/31/2025,,,,,,,,,,,,,,,,,,,,,TRUE,,,,,,,,,,,,6,,,,14,,,,Segoe UI,,,,ols,,,,,,,,TRUE,,,,TRUE,,,,9,,,,10,,,,1,,,,,,,,4,,,,0.8,,,,,,,,,,,,,,,,,,,,,,,,,,,,,,,,,,,,,,,,vis_08_title,,,,vis_08_title,,,,vis_08_legend,,,,vis_08_legend,,,,vis_08_parameters,,,,vis_08_param,,,,vis_08_peak_projection_table,,,,vis_08_peak_projection_table,,,,vis_08__,,,,vis_08_image,,,,vis_08_projection_table,,,,vis_08_projection_table,,,,vis_08_peak_point,,,,vis_08_peak_point,,,,group1,,,,1,,,,pptx_template.vis_08.pptx,,,,1,,,,D,,,,#ff7f0e,,,,--,,,,2,,,,300,,,,6,,,,60,,,,5,,,,60,,,,,,,,TRUE,,,,TRUE,,,,TRUE,,,,1/1/2021,12,,,,10,,,,#d9d9d9,,,,16,,,,0.3,,,,bold,,,,13.33,,,,60,,,,#1f77b4,,,,-,,,,2,,,,5/1/2021,,,,cohort,,,,,,,,,FALSE,,,,0,Time,,,,0,,,,count,,,,1,,,,,,,,Facility Census,,,,fiscal
N,vis_08,vis_08,adf,adf.min.f.ch_low_mod_no,minimum.female.chronic_low_moderate_no_chronic,Minimum Custody Female Low/Moderate/No Chronic Health Condition,"(((custody_class.isin(['MIN', 'MINIMUM', 'MIIN']))) & (sex == 'F')) & (chronic_status .isin(['LOW','MODERATE','NO CHRONIC CONDITION']))",adf,min.f.ch_low_mod_no,,,,,,,,,,,,,,,,,,,,,,,,,,,,,,,,,,,,,,,,,,,,,,,,,,,,,,,,,,,,,,,,,,,,,,,,,#d62728,,,,,,,,1,,,,week,,,,0.2,,,,,,,,#1f77b4,,,,--,,,,1.25,,,,TRUE,,,,#000000,,,,:,,,,1.5,,,,#000000,,,,--,,,,1.5,,,,0.85,,,,,,,,,,,,subtract,,,,,,,,LC ADF,300,,,,FALSE,,,,1,12/31/2025,,,,,,,,,,,,,,,,,,,,,TRUE,,,,,,,,,,,,6,,,,14,,,,Segoe UI,,,,ols,,,,,,,,TRUE,,,,TRUE,,,,9,,,,10,,,,1,,,,,,,,4,,,,0.8,,,,,,,,,,,,,,,,,,,,,,,,,,,,,,,,,,,,,,,,vis_08_title,,,,vis_08_title,,,,vis_08_legend,,,,vis_08_legend,,,,vis_08_parameters,,,,vis_08_param,,,,vis_08_peak_projection_table,,,,vis_08_peak_projection_table,,,,vis_08__,,,,vis_08_image,,,,vis_08_projection_table,,,,vis_08_projection_table,,,,vis_08_peak_point,,,,vis_08_peak_point,,,,group1,,,,1,,,,pptx_template.vis_08.pptx,,,,1,,,,D,,,,#ff7f0e,,,,--,,,,2,,,,300,,,,6,,,,60,,,,5,,,,60,,,,,,,,TRUE,,,,TRUE,,,,TRUE,,,,1/1/2021,12,,,,10,,,,#d9d9d9,,,,16,,,,0.3,,,,bold,,,,13.33,,,,60,,,,#1f77b4,,,,-,,,,2,,,,5/1/2021,,,,cohort,,,,,,,,,FALSE,,,,0,Time,,,,0,,,,count,,,,1,,,,,,,,Facility Census,,,,fiscal
N,vis_08,vis_08,adf,adf.min.f.u55,minimum.female.u55,Minimum Custody Female Under 55,"(((custody_class.isin(['MIN', 'MINIMUM', 'MIIN']))) & (sex == 'F')) & (age_bracket == 'adult under 55')",adf,min.f.u55,,,,,,,,,,,,,,,,,,,,,,,,,,,,,,,,,,,,,,,,,,,,,,,,,,,,,,,,,,,,,,,,,,,,,,,,,#d62728,,,,,,,,1,,,,week,,,,0.2,,,,,,,,#1f77b4,,,,--,,,,1.25,,,,TRUE,,,,#000000,,,,:,,,,1.5,,,,#000000,,,,--,,,,1.5,,,,0.85,,,,,,,,,,,,subtract,,,,,,,,LC ADF,300,,,,FALSE,,,,1,12/31/2025,,,,,,,,,,,,,,,,,,,,,TRUE,,,,,,,,,,,,6,,,,14,,,,Segoe UI,,,,ols,,,,,,,,TRUE,,,,TRUE,,,,9,,,,10,,,,1,,,,,,,,4,,,,0.8,,,,,,,,,,,,,,,,,,,,,,,,,,,,,,,,,,,,,,,,vis_08_title,,,,vis_08_title,,,,vis_08_legend,,,,vis_08_legend,,,,vis_08_parameters,,,,vis_08_param,,,,vis_08_peak_projection_table,,,,vis_08_peak_projection_table,,,,vis_08__,,,,vis_08_image,,,,vis_08_projection_table,,,,vis_08_projection_table,,,,vis_08_peak_point,,,,vis_08_peak_point,,,,group1,,,,1,,,,pptx_template.vis_08.pptx,,,,1,,,,D,,,,#ff7f0e,,,,--,,,,2,,,,300,,,,6,,,,60,,,,5,,,,60,,,,,,,,TRUE,,,,TRUE,,,,TRUE,,,,1/1/2021,12,,,,10,,,,#d9d9d9,,,,16,,,,0.3,,,,bold,,,,13.33,,,,60,,,,#1f77b4,,,,-,,,,2,,,,5/1/2021,,,,cohort,,,,,,,,,FALSE,,,,0,Time,,,,0,,,,count,,,,1,,,,,,,,Facility Census,,,,fiscal
N,vis_08,vis_08,adf,adf.min.m,minimum.male,Minimum Custody Male,"((custody_class.isin(['MIN', 'MINIMUM', 'MIIN']))) & (sex == 'M')",adf,min.m,,,,,,,,,,,,,,,,,,,,,,,,,,,,,,,,,,,,,,,,,,,,,,,,,,,,,,,,,,,,,,,,,,,,,,,,,#d62728,,,,,,,,1,,,,week,,,,0.2,,,,,,,,#1f77b4,,,,--,,,,1.25,,,,TRUE,,,,#000000,,,,:,,,,1.5,,,,#000000,,,,--,,,,1.5,,,,0.85,,,,,,,,,,,,subtract,,,,,,,,LC ADF,300,,,,FALSE,,,,1,12/31/2025,,,,,,,,,,,,,,,,,,,,,TRUE,,,,,,,,,,,,6,,,,14,,,,Segoe UI,,,,ols,,,,,,,,TRUE,,,,TRUE,,,,9,,,,10,,,,1,,,,,,,,4,,,,0.8,,,,,,,,,,,,,,,,,,,,,,,,,,,,,,,,,,,,,,,,vis_08_title,,,,vis_08_title,,,,vis_08_legend,,,,vis_08_legend,,,,vis_08_parameters,,,,vis_08_param,,,,vis_08_peak_projection_table,,,,vis_08_peak_projection_table,,,,vis_08__,,,,vis_08_image,,,,vis_08_projection_table,,,,vis_08_projection_table,,,,vis_08_peak_point,,,,vis_08_peak_point,,,,group1,,,,1,,,,pptx_template.vis_08.pptx,,,,1,,,,D,,,,#ff7f0e,,,,--,,,,2,,,,300,,,,6,,,,60,,,,5,,,,60,,,,,,,,TRUE,,,,TRUE,,,,TRUE,,,,1/1/2021,12,,,,10,,,,#d9d9d9,,,,16,,,,0.3,,,,bold,,,,13.33,,,,60,,,,#1f77b4,,,,-,,,,2,,,,5/1/2021,,,,cohort,,,,,,,,,FALSE,,,,0,Time,,,,0,,,,count,,,,1,,,,,,,,Facility Census,,,,fiscal
N,vis_08,vis_08,adf,adf.min.m.55plus,minimum.male.55plus,Minimum Custody Male 55+,"(((custody_class.isin(['MIN', 'MINIMUM', 'MIIN']))) & (sex == 'M')) & (age_bracket == 'adult 55+')",adf,min.m.55plus,,,,,,,,,,,,,,,,,,,,,,,,,,,,,,,,,,,,,,,,,,,,,,,,,,,,,,,,,,,,,,,,,,,,,,,,,#d62728,,,,,,,,1,,,,week,,,,0.2,,,,,,,,#1f77b4,,,,--,,,,1.25,,,,TRUE,,,,#000000,,,,:,,,,1.5,,,,#000000,,,,--,,,,1.5,,,,0.85,,,,,,,,,,,,subtract,,,,,,,,LC ADF,300,,,,FALSE,,,,1,12/31/2025,,,,,,,,,,,,,,,,,,,,,TRUE,,,,,,,,,,,,6,,,,14,,,,Segoe UI,,,,ols,,,,,,,,TRUE,,,,TRUE,,,,9,,,,10,,,,1,,,,,,,,4,,,,0.8,,,,,,,,,,,,,,,,,,,,,,,,,,,,,,,,,,,,,,,,vis_08_title,,,,vis_08_title,,,,vis_08_legend,,,,vis_08_legend,,,,vis_08_parameters,,,,vis_08_param,,,,vis_08_peak_projection_table,,,,vis_08_peak_projection_table,,,,vis_08__,,,,vis_08_image,,,,vis_08_projection_table,,,,vis_08_projection_table,,,,vis_08_peak_point,,,,vis_08_peak_point,,,,group1,,,,1,,,,pptx_template.vis_08.pptx,,,,1,,,,D,,,,#ff7f0e,,,,--,,,,2,,,,300,,,,6,,,,60,,,,5,,,,60,,,,,,,,TRUE,,,,TRUE,,,,TRUE,,,,1/1/2021,12,,,,10,,,,#d9d9d9,,,,16,,,,0.3,,,,bold,,,,13.33,,,,60,,,,#1f77b4,,,,-,,,,2,,,,5/1/2021,,,,cohort,,,,,,,,,FALSE,,,,0,Time,,,,0,,,,count,,,,1,,,,,,,,Facility Census,,,,fiscal
N,vis_08,vis_08,adf,adf.min.m.ch_high,minimum.male.chronic_high,Minimum Custody Male Highly Severe Chronic Health Condition,"(((custody_class.isin(['MIN', 'MINIMUM', 'MIIN']))) & (sex == 'M')) & (chronic_status == 'HIGH')",adf,min.m.ch_high,,,,,,,,,,,,,,,,,,,,,,,,,,,,,,,,,,,,,,,,,,,,,,,,,,,,,,,,,,,,,,,,,,,,,,,,,#d62728,,,,,,,,1,,,,week,,,,0.2,,,,,,,,#1f77b4,,,,--,,,,1.25,,,,TRUE,,,,#000000,,,,:,,,,1.5,,,,#000000,,,,--,,,,1.5,,,,0.85,,,,,,,,,,,,subtract,,,,,,,,LC ADF,300,,,,FALSE,,,,1,12/31/2025,,,,,,,,,,,,,,,,,,,,,TRUE,,,,,,,,,,,,6,,,,14,,,,Segoe UI,,,,ols,,,,,,,,TRUE,,,,TRUE,,,,9,,,,10,,,,1,,,,,,,,4,,,,0.8,,,,,,,,,,,,,,,,,,,,,,,,,,,,,,,,,,,,,,,,vis_08_title,,,,vis_08_title,,,,vis_08_legend,,,,vis_08_legend,,,,vis_08_parameters,,,,vis_08_param,,,,vis_08_peak_projection_table,,,,vis_08_peak_projection_table,,,,vis_08__,,,,vis_08_image,,,,vis_08_projection_table,,,,vis_08_projection_table,,,,vis_08_peak_point,,,,vis_08_peak_point,,,,group1,,,,1,,,,pptx_template.vis_08.pptx,,,,1,,,,D,,,,#ff7f0e,,,,--,,,,2,,,,300,,,,6,,,,60,,,,5,,,,60,,,,,,,,TRUE,,,,TRUE,,,,TRUE,,,,1/1/2021,12,,,,10,,,,#d9d9d9,,,,16,,,,0.3,,,,bold,,,,13.33,,,,60,,,,#1f77b4,,,,-,,,,2,,,,5/1/2021,,,,cohort,,,,,,,,,FALSE,,,,0,Time,,,,0,,,,count,,,,1,,,,,,,,Facility Census,,,,fiscal
N,vis_08,vis_08,adf,adf.min.m.ch_low_mod_no,minimum.male.chronic_low_moderate_no_chronic,Minimum Custody Male Low/Moderate/No Chronic Health Condition,"(((custody_class.isin(['MIN', 'MINIMUM', 'MIIN']))) & (sex == 'M')) & (chronic_status .isin(['LOW','MODERATE','NO CHRONIC CONDITION']))",adf,min.m.ch_low_mod_no,,,,,,,,,,,,,,,,,,,,,,,,,,,,,,,,,,,,,,,,,,,,,,,,,,,,,,,,,,,,,,,,,,,,,,,,,#d62728,,,,,,,,1,,,,week,,,,0.2,,,,,,,,#1f77b4,,,,--,,,,1.25,,,,TRUE,,,,#000000,,,,:,,,,1.5,,,,#000000,,,,--,,,,1.5,,,,0.85,,,,,,,,,,,,subtract,,,,,,,,LC ADF,300,,,,FALSE,,,,1,12/31/2025,,,,,,,,,,,,,,,,,,,,,TRUE,,,,,,,,,,,,6,,,,14,,,,Segoe UI,,,,ols,,,,,,,,TRUE,,,,TRUE,,,,9,,,,10,,,,1,,,,,,,,4,,,,0.8,,,,,,,,,,,,,,,,,,,,,,,,,,,,,,,,,,,,,,,,vis_08_title,,,,vis_08_title,,,,vis_08_legend,,,,vis_08_legend,,,,vis_08_parameters,,,,vis_08_param,,,,vis_08_peak_projection_table,,,,vis_08_peak_projection_table,,,,vis_08__,,,,vis_08_image,,,,vis_08_projection_table,,,,vis_08_projection_table,,,,vis_08_peak_point,,,,vis_08_peak_point,,,,group1,,,,1,,,,pptx_template.vis_08.pptx,,,,1,,,,D,,,,#ff7f0e,,,,--,,,,2,,,,300,,,,6,,,,60,,,,5,,,,60,,,,,,,,TRUE,,,,TRUE,,,,TRUE,,,,1/1/2021,12,,,,10,,,,#d9d9d9,,,,16,,,,0.3,,,,bold,,,,13.33,,,,60,,,,#1f77b4,,,,-,,,,2,,,,5/1/2021,,,,cohort,,,,,,,,,FALSE,,,,0,Time,,,,0,,,,count,,,,1,,,,,,,,Facility Census,,,,fiscal
N,vis_08,vis_08,adf,adf.min.m.u55,minimum.male.u55,Minimum Custody Male Under 55,"(((custody_class.isin(['MIN', 'MINIMUM', 'MIIN']))) & (sex == 'M')) & (age_bracket == 'adult under 55')",adf,min.m.u55,,,,,,,,,,,,,,,,,,,,,,,,,,,,,,,,,,,,,,,,,,,,,,,,,,,,,,,,,,,,,,,,,,,,,,,,,#d62728,,,,,,,,1,,,,week,,,,0.2,,,,,,,,#1f77b4,,,,--,,,,1.25,,,,TRUE,,,,#000000,,,,:,,,,1.5,,,,#000000,,,,--,,,,1.5,,,,0.85,,,,,,,,,,,,subtract,,,,,,,,LC ADF,300,,,,FALSE,,,,1,12/31/2025,,,,,,,,,,,,,,,,,,,,,TRUE,,,,,,,,,,,,6,,,,14,,,,Segoe UI,,,,ols,,,,,,,,TRUE,,,,TRUE,,,,9,,,,10,,,,1,,,,,,,,4,,,,0.8,,,,,,,,,,,,,,,,,,,,,,,,,,,,,,,,,,,,,,,,vis_08_title,,,,vis_08_title,,,,vis_08_legend,,,,vis_08_legend,,,,vis_08_parameters,,,,vis_08_param,,,,vis_08_peak_projection_table,,,,vis_08_peak_projection_table,,,,vis_08__,,,,vis_08_image,,,,vis_08_projection_table,,,,vis_08_projection_table,,,,vis_08_peak_point,,,,vis_08_peak_point,,,,group1,,,,1,,,,pptx_template.vis_08.pptx,,,,1,,,,D,,,,#ff7f0e,,,,--,,,,2,,,,300,,,,6,,,,60,,,,5,,,,60,,,,,,,,TRUE,,,,TRUE,,,,TRUE,,,,1/1/2021,12,,,,10,,,,#d9d9d9,,,,16,,,,0.3,,,,bold,,,,13.33,,,,60,,,,#1f77b4,,,,-,,,,2,,,,5/1/2021,,,,cohort,,,,,,,,,FALSE,,,,0,Time,,,,0,,,,count,,,,1,,,,,,,,Facility Census,,,,fiscal
N,vis_08,vis_08,adf,adf.min.u55,minimum.u55,Minimum Custody Under 55,"((custody_class.isin(['MIN', 'MINIMUM', 'MIIN']))) & (age_bracket == 'adult under 55')",adf,min.u55,,,,,,,,,,,,,,,,,,,,,,,,,,,,,,,,,,,,,,,,,,,,,,,,,,,,,,,,,,,,,,,,,,,,,,,,,#d62728,,,,,,,,1,,,,week,,,,0.2,,,,,,,,#1f77b4,,,,--,,,,1.25,,,,TRUE,,,,#000000,,,,:,,,,1.5,,,,#000000,,,,--,,,,1.5,,,,0.85,,,,,,,,,,,,subtract,,,,,,,,LC ADF,300,,,,FALSE,,,,1,12/31/2025,,,,,,,,,,,,,,,,,,,,,TRUE,,,,,,,,,,,,6,,,,14,,,,Segoe UI,,,,ols,,,,,,,,TRUE,,,,TRUE,,,,9,,,,10,,,,1,,,,,,,,4,,,,0.8,,,,,,,,,,,,,,,,,,,,,,,,,,,,,,,,,,,,,,,,vis_08_title,,,,vis_08_title,,,,vis_08_legend,,,,vis_08_legend,,,,vis_08_parameters,,,,vis_08_param,,,,vis_08_peak_projection_table,,,,vis_08_peak_projection_table,,,,vis_08__,,,,vis_08_image,,,,vis_08_projection_table,,,,vis_08_projection_table,,,,vis_08_peak_point,,,,vis_08_peak_point,,,,group1,,,,1,,,,pptx_template.vis_08.pptx,,,,1,,,,D,,,,#ff7f0e,,,,--,,,,2,,,,300,,,,6,,,,60,,,,5,,,,60,,,,,,,,TRUE,,,,TRUE,,,,TRUE,,,,1/1/2021,12,,,,10,,,,#d9d9d9,,,,16,,,,0.3,,,,bold,,,,13.33,,,,60,,,,#1f77b4,,,,-,,,,2,,,,5/1/2021,,,,cohort,,,,,,,,,FALSE,,,,0,Time,,,,0,,,,count,,,,1,,,,,,,,Facility Census,,,,fiscal
N,vis_08,vis_08,adf,adf.pc,pc,Protective Custody,"(custody_class.str.contains('PC', na=False) | custody_class.isin(['PEND PC']))",adf,pc,,,,,,,,,,,,,,,,,,,,,,,,,,,,,,,,,,,,,,,,,,,,,,,,,,,,,,,,,,,,,,,,,,,,,,,,,#d62728,,,,,,,,1,,,,week,,,,0.2,,,,,,,,#1f77b4,,,,--,,,,1.25,,,,TRUE,,,,#000000,,,,:,,,,1.5,,,,#000000,,,,--,,,,1.5,,,,0.85,,,,,,,,,,,,subtract,,,,,,,,LC ADF,300,,,,FALSE,,,,1,12/31/2025,,,,,,,,,,,,,,,,,,,,,TRUE,,,,,,,,,,,,6,,,,14,,,,Segoe UI,,,,ols,,,,,,,,TRUE,,,,TRUE,,,,9,,,,10,,,,1,,,,,,,,4,,,,0.8,,,,,,,,,,,,,,,,,,,,,,,,,,,,,,,,,,,,,,,,vis_08_title,,,,vis_08_title,,,,vis_08_legend,,,,vis_08_legend,,,,vis_08_parameters,,,,vis_08_param,,,,vis_08_peak_projection_table,,,,vis_08_peak_projection_table,,,,vis_08__,,,,vis_08_image,,,,vis_08_projection_table,,,,vis_08_projection_table,,,,vis_08_peak_point,,,,vis_08_peak_point,,,,group1,,,,1,,,,pptx_template.vis_08.pptx,,,,1,,,,D,,,,#ff7f0e,,,,--,,,,2,,,,300,,,,6,,,,60,,,,5,,,,60,,,,,,,,TRUE,,,,TRUE,,,,TRUE,,,,1/1/2021,12,,,,10,,,,#d9d9d9,,,,16,,,,0.3,,,,bold,,,,13.33,,,,60,,,,#1f77b4,,,,-,,,,2,,,,5/1/2021,,,,cohort,,,,,,,,,FALSE,,,,0,Time,,,,0,,,,count,,,,1,,,,,,,,Facility Census,,,,fiscal
N,vis_08,vis_08,adf,adf.pc.55plus,pc.55plus,Protective Custody 55+,"((custody_class.str.contains('PC', na=False) | custody_class.isin(['PEND PC']))) & (age_bracket == 'adult 55+')",adf,pc.55plus,,,,,,,,,,,,,,,,,,,,,,,,,,,,,,,,,,,,,,,,,,,,,,,,,,,,,,,,,,,,,,,,,,,,,,,,,#d62728,,,,,,,,1,,,,week,,,,0.2,,,,,,,,#1f77b4,,,,--,,,,1.25,,,,TRUE,,,,#000000,,,,:,,,,1.5,,,,#000000,,,,--,,,,1.5,,,,0.85,,,,,,,,,,,,subtract,,,,,,,,LC ADF,300,,,,FALSE,,,,1,12/31/2025,,,,,,,,,,,,,,,,,,,,,TRUE,,,,,,,,,,,,6,,,,14,,,,Segoe UI,,,,ols,,,,,,,,TRUE,,,,TRUE,,,,9,,,,10,,,,1,,,,,,,,4,,,,0.8,,,,,,,,,,,,,,,,,,,,,,,,,,,,,,,,,,,,,,,,vis_08_title,,,,vis_08_title,,,,vis_08_legend,,,,vis_08_legend,,,,vis_08_parameters,,,,vis_08_param,,,,vis_08_peak_projection_table,,,,vis_08_peak_projection_table,,,,vis_08__,,,,vis_08_image,,,,vis_08_projection_table,,,,vis_08_projection_table,,,,vis_08_peak_point,,,,vis_08_peak_point,,,,group1,,,,1,,,,pptx_template.vis_08.pptx,,,,1,,,,D,,,,#ff7f0e,,,,--,,,,2,,,,300,,,,6,,,,60,,,,5,,,,60,,,,,,,,TRUE,,,,TRUE,,,,TRUE,,,,1/1/2021,12,,,,10,,,,#d9d9d9,,,,16,,,,0.3,,,,bold,,,,13.33,,,,60,,,,#1f77b4,,,,-,,,,2,,,,5/1/2021,,,,cohort,,,,,,,,,FALSE,,,,0,Time,,,,0,,,,count,,,,1,,,,,,,,Facility Census,,,,fiscal
N,vis_08,vis_08,adf,adf.pc.ch_high,pc.chronic_high,Protective Custody Highly Severe Chronic Health Condition,"((custody_class.str.contains('PC', na=False) | custody_class.isin(['PEND PC']))) & (chronic_status == 'HIGH')",adf,pc.ch_high,,,,,,,,,,,,,,,,,,,,,,,,,,,,,,,,,,,,,,,,,,,,,,,,,,,,,,,,,,,,,,,,,,,,,,,,,#d62728,,,,,,,,1,,,,week,,,,0.2,,,,,,,,#1f77b4,,,,--,,,,1.25,,,,TRUE,,,,#000000,,,,:,,,,1.5,,,,#000000,,,,--,,,,1.5,,,,0.85,,,,,,,,,,,,subtract,,,,,,,,LC ADF,300,,,,FALSE,,,,1,12/31/2025,,,,,,,,,,,,,,,,,,,,,TRUE,,,,,,,,,,,,6,,,,14,,,,Segoe UI,,,,ols,,,,,,,,TRUE,,,,TRUE,,,,9,,,,10,,,,1,,,,,,,,4,,,,0.8,,,,,,,,,,,,,,,,,,,,,,,,,,,,,,,,,,,,,,,,vis_08_title,,,,vis_08_title,,,,vis_08_legend,,,,vis_08_legend,,,,vis_08_parameters,,,,vis_08_param,,,,vis_08_peak_projection_table,,,,vis_08_peak_projection_table,,,,vis_08__,,,,vis_08_image,,,,vis_08_projection_table,,,,vis_08_projection_table,,,,vis_08_peak_point,,,,vis_08_peak_point,,,,group1,,,,1,,,,pptx_template.vis_08.pptx,,,,1,,,,D,,,,#ff7f0e,,,,--,,,,2,,,,300,,,,6,,,,60,,,,5,,,,60,,,,,,,,TRUE,,,,TRUE,,,,TRUE,,,,1/1/2021,12,,,,10,,,,#d9d9d9,,,,16,,,,0.3,,,,bold,,,,13.33,,,,60,,,,#1f77b4,,,,-,,,,2,,,,5/1/2021,,,,cohort,,,,,,,,,FALSE,,,,0,Time,,,,0,,,,count,,,,1,,,,,,,,Facility Census,,,,fiscal
N,vis_08,vis_08,adf,adf.pc.ch_low_mod_no,pc.chronic_low_moderate_no_chronic,Protective Custody Low/Moderate/No Chronic Health Condition,"((custody_class.str.contains('PC', na=False) | custody_class.isin(['PEND PC']))) & (chronic_status .isin(['LOW','MODERATE','NO CHRONIC CONDITION']))",adf,pc.ch_low_mod_no,,,,,,,,,,,,,,,,,,,,,,,,,,,,,,,,,,,,,,,,,,,,,,,,,,,,,,,,,,,,,,,,,,,,,,,,,#d62728,,,,,,,,1,,,,week,,,,0.2,,,,,,,,#1f77b4,,,,--,,,,1.25,,,,TRUE,,,,#000000,,,,:,,,,1.5,,,,#000000,,,,--,,,,1.5,,,,0.85,,,,,,,,,,,,subtract,,,,,,,,LC ADF,300,,,,FALSE,,,,1,12/31/2025,,,,,,,,,,,,,,,,,,,,,TRUE,,,,,,,,,,,,6,,,,14,,,,Segoe UI,,,,ols,,,,,,,,TRUE,,,,TRUE,,,,9,,,,10,,,,1,,,,,,,,4,,,,0.8,,,,,,,,,,,,,,,,,,,,,,,,,,,,,,,,,,,,,,,,vis_08_title,,,,vis_08_title,,,,vis_08_legend,,,,vis_08_legend,,,,vis_08_parameters,,,,vis_08_param,,,,vis_08_peak_projection_table,,,,vis_08_peak_projection_table,,,,vis_08__,,,,vis_08_image,,,,vis_08_projection_table,,,,vis_08_projection_table,,,,vis_08_peak_point,,,,vis_08_peak_point,,,,group1,,,,1,,,,pptx_template.vis_08.pptx,,,,1,,,,D,,,,#ff7f0e,,,,--,,,,2,,,,300,,,,6,,,,60,,,,5,,,,60,,,,,,,,TRUE,,,,TRUE,,,,TRUE,,,,1/1/2021,12,,,,10,,,,#d9d9d9,,,,16,,,,0.3,,,,bold,,,,13.33,,,,60,,,,#1f77b4,,,,-,,,,2,,,,5/1/2021,,,,cohort,,,,,,,,,FALSE,,,,0,Time,,,,0,,,,count,,,,1,,,,,,,,Facility Census,,,,fiscal
N,vis_08,vis_08,adf,adf.pc.f,pc.female,Protective Custody Female,"((custody_class.str.contains('PC', na=False) | custody_class.isin(['PEND PC']))) & (sex == 'F')",adf,pc.f,,,,,,,,,,,,,,,,,,,,,,,,,,,,,,,,,,,,,,,,,,,,,,,,,,,,,,,,,,,,,,,,,,,,,,,,,#d62728,,,,,,,,1,,,,week,,,,0.2,,,,,,,,#1f77b4,,,,--,,,,1.25,,,,TRUE,,,,#000000,,,,:,,,,1.5,,,,#000000,,,,--,,,,1.5,,,,0.85,,,,,,,,,,,,subtract,,,,,,,,LC ADF,300,,,,FALSE,,,,1,12/31/2025,,,,,,,,,,,,,,,,,,,,,TRUE,,,,,,,,,,,,6,,,,14,,,,Segoe UI,,,,ols,,,,,,,,TRUE,,,,TRUE,,,,9,,,,10,,,,1,,,,,,,,4,,,,0.8,,,,,,,,,,,,,,,,,,,,,,,,,,,,,,,,,,,,,,,,vis_08_title,,,,vis_08_title,,,,vis_08_legend,,,,vis_08_legend,,,,vis_08_parameters,,,,vis_08_param,,,,vis_08_peak_projection_table,,,,vis_08_peak_projection_table,,,,vis_08__,,,,vis_08_image,,,,vis_08_projection_table,,,,vis_08_projection_table,,,,vis_08_peak_point,,,,vis_08_peak_point,,,,group1,,,,1,,,,pptx_template.vis_08.pptx,,,,1,,,,D,,,,#ff7f0e,,,,--,,,,2,,,,300,,,,6,,,,60,,,,5,,,,60,,,,,,,,TRUE,,,,TRUE,,,,TRUE,,,,1/1/2021,12,,,,10,,,,#d9d9d9,,,,16,,,,0.3,,,,bold,,,,13.33,,,,60,,,,#1f77b4,,,,-,,,,2,,,,5/1/2021,,,,cohort,,,,,,,,,FALSE,,,,0,Time,,,,0,,,,count,,,,1,,,,,,,,Facility Census,,,,fiscal
N,vis_08,vis_08,adf,adf.pc.f.55plus,pc.female.55plus,Protective Custody Female 55+,"(((custody_class.str.contains('PC', na=False) | custody_class.isin(['PEND PC']))) & (sex == 'F')) & (age_bracket == 'adult 55+')",adf,pc.f.55plus,,,,,,,,,,,,,,,,,,,,,,,,,,,,,,,,,,,,,,,,,,,,,,,,,,,,,,,,,,,,,,,,,,,,,,,,,#d62728,,,,,,,,1,,,,week,,,,0.2,,,,,,,,#1f77b4,,,,--,,,,1.25,,,,TRUE,,,,#000000,,,,:,,,,1.5,,,,#000000,,,,--,,,,1.5,,,,0.85,,,,,,,,,,,,subtract,,,,,,,,LC ADF,300,,,,FALSE,,,,1,12/31/2025,,,,,,,,,,,,,,,,,,,,,TRUE,,,,,,,,,,,,6,,,,14,,,,Segoe UI,,,,ols,,,,,,,,TRUE,,,,TRUE,,,,9,,,,10,,,,1,,,,,,,,4,,,,0.8,,,,,,,,,,,,,,,,,,,,,,,,,,,,,,,,,,,,,,,,vis_08_title,,,,vis_08_title,,,,vis_08_legend,,,,vis_08_legend,,,,vis_08_parameters,,,,vis_08_param,,,,vis_08_peak_projection_table,,,,vis_08_peak_projection_table,,,,vis_08__,,,,vis_08_image,,,,vis_08_projection_table,,,,vis_08_projection_table,,,,vis_08_peak_point,,,,vis_08_peak_point,,,,group1,,,,1,,,,pptx_template.vis_08.pptx,,,,1,,,,D,,,,#ff7f0e,,,,--,,,,2,,,,300,,,,6,,,,60,,,,5,,,,60,,,,,,,,TRUE,,,,TRUE,,,,TRUE,,,,1/1/2021,12,,,,10,,,,#d9d9d9,,,,16,,,,0.3,,,,bold,,,,13.33,,,,60,,,,#1f77b4,,,,-,,,,2,,,,5/1/2021,,,,cohort,,,,,,,,,FALSE,,,,0,Time,,,,0,,,,count,,,,1,,,,,,,,Facility Census,,,,fiscal
N,vis_08,vis_08,adf,adf.pc.f.ch_high,pc.female.chronic_high,Protective Custody Female Highly Severe Chronic Health Condition,"(((custody_class.str.contains('PC', na=False) | custody_class.isin(['PEND PC']))) & (sex == 'F')) & (chronic_status == 'HIGH')",adf,pc.f.ch_high,,,,,,,,,,,,,,,,,,,,,,,,,,,,,,,,,,,,,,,,,,,,,,,,,,,,,,,,,,,,,,,,,,,,,,,,,#d62728,,,,,,,,1,,,,week,,,,0.2,,,,,,,,#1f77b4,,,,--,,,,1.25,,,,TRUE,,,,#000000,,,,:,,,,1.5,,,,#000000,,,,--,,,,1.5,,,,0.85,,,,,,,,,,,,subtract,,,,,,,,LC ADF,300,,,,FALSE,,,,1,12/31/2025,,,,,,,,,,,,,,,,,,,,,TRUE,,,,,,,,,,,,6,,,,14,,,,Segoe UI,,,,ols,,,,,,,,TRUE,,,,TRUE,,,,9,,,,10,,,,1,,,,,,,,4,,,,0.8,,,,,,,,,,,,,,,,,,,,,,,,,,,,,,,,,,,,,,,,vis_08_title,,,,vis_08_title,,,,vis_08_legend,,,,vis_08_legend,,,,vis_08_parameters,,,,vis_08_param,,,,vis_08_peak_projection_table,,,,vis_08_peak_projection_table,,,,vis_08__,,,,vis_08_image,,,,vis_08_projection_table,,,,vis_08_projection_table,,,,vis_08_peak_point,,,,vis_08_peak_point,,,,group1,,,,1,,,,pptx_template.vis_08.pptx,,,,1,,,,D,,,,#ff7f0e,,,,--,,,,2,,,,300,,,,6,,,,60,,,,5,,,,60,,,,,,,,TRUE,,,,TRUE,,,,TRUE,,,,1/1/2021,12,,,,10,,,,#d9d9d9,,,,16,,,,0.3,,,,bold,,,,13.33,,,,60,,,,#1f77b4,,,,-,,,,2,,,,5/1/2021,,,,cohort,,,,,,,,,FALSE,,,,0,Time,,,,0,,,,count,,,,1,,,,,,,,Facility Census,,,,fiscal
N,vis_08,vis_08,adf,adf.pc.f.ch_low_mod_no,pc.female.chronic_low_moderate_no_chronic,Protective Custody Female Low/Moderate/No Chronic Health Condition,"(((custody_class.str.contains('PC', na=False) | custody_class.isin(['PEND PC']))) & (sex == 'F')) & (chronic_status .isin(['LOW','MODERATE','NO CHRONIC CONDITION']))",adf,pc.f.ch_low_mod_no,,,,,,,,,,,,,,,,,,,,,,,,,,,,,,,,,,,,,,,,,,,,,,,,,,,,,,,,,,,,,,,,,,,,,,,,,#d62728,,,,,,,,1,,,,week,,,,0.2,,,,,,,,#1f77b4,,,,--,,,,1.25,,,,TRUE,,,,#000000,,,,:,,,,1.5,,,,#000000,,,,--,,,,1.5,,,,0.85,,,,,,,,,,,,subtract,,,,,,,,LC ADF,300,,,,FALSE,,,,1,12/31/2025,,,,,,,,,,,,,,,,,,,,,TRUE,,,,,,,,,,,,6,,,,14,,,,Segoe UI,,,,ols,,,,,,,,TRUE,,,,TRUE,,,,9,,,,10,,,,1,,,,,,,,4,,,,0.8,,,,,,,,,,,,,,,,,,,,,,,,,,,,,,,,,,,,,,,,vis_08_title,,,,vis_08_title,,,,vis_08_legend,,,,vis_08_legend,,,,vis_08_parameters,,,,vis_08_param,,,,vis_08_peak_projection_table,,,,vis_08_peak_projection_table,,,,vis_08__,,,,vis_08_image,,,,vis_08_projection_table,,,,vis_08_projection_table,,,,vis_08_peak_point,,,,vis_08_peak_point,,,,group1,,,,1,,,,pptx_template.vis_08.pptx,,,,1,,,,D,,,,#ff7f0e,,,,--,,,,2,,,,300,,,,6,,,,60,,,,5,,,,60,,,,,,,,TRUE,,,,TRUE,,,,TRUE,,,,1/1/2021,12,,,,10,,,,#d9d9d9,,,,16,,,,0.3,,,,bold,,,,13.33,,,,60,,,,#1f77b4,,,,-,,,,2,,,,5/1/2021,,,,cohort,,,,,,,,,FALSE,,,,0,Time,,,,0,,,,count,,,,1,,,,,,,,Facility Census,,,,fiscal
N,vis_08,vis_08,adf,adf.pc.f.u55,pc.female.u55,Protective Custody Female Under 55,"(((custody_class.str.contains('PC', na=False) | custody_class.isin(['PEND PC']))) & (sex == 'F')) & (age_bracket == 'adult under 55')",adf,pc.f.u55,,,,,,,,,,,,,,,,,,,,,,,,,,,,,,,,,,,,,,,,,,,,,,,,,,,,,,,,,,,,,,,,,,,,,,,,,#d62728,,,,,,,,1,,,,week,,,,0.2,,,,,,,,#1f77b4,,,,--,,,,1.25,,,,TRUE,,,,#000000,,,,:,,,,1.5,,,,#000000,,,,--,,,,1.5,,,,0.85,,,,,,,,,,,,subtract,,,,,,,,LC ADF,300,,,,FALSE,,,,1,12/31/2025,,,,,,,,,,,,,,,,,,,,,TRUE,,,,,,,,,,,,6,,,,14,,,,Segoe UI,,,,ols,,,,,,,,TRUE,,,,TRUE,,,,9,,,,10,,,,1,,,,,,,,4,,,,0.8,,,,,,,,,,,,,,,,,,,,,,,,,,,,,,,,,,,,,,,,vis_08_title,,,,vis_08_title,,,,vis_08_legend,,,,vis_08_legend,,,,vis_08_parameters,,,,vis_08_param,,,,vis_08_peak_projection_table,,,,vis_08_peak_projection_table,,,,vis_08__,,,,vis_08_image,,,,vis_08_projection_table,,,,vis_08_projection_table,,,,vis_08_peak_point,,,,vis_08_peak_point,,,,group1,,,,1,,,,pptx_template.vis_08.pptx,,,,1,,,,D,,,,#ff7f0e,,,,--,,,,2,,,,300,,,,6,,,,60,,,,5,,,,60,,,,,,,,TRUE,,,,TRUE,,,,TRUE,,,,1/1/2021,12,,,,10,,,,#d9d9d9,,,,16,,,,0.3,,,,bold,,,,13.33,,,,60,,,,#1f77b4,,,,-,,,,2,,,,5/1/2021,,,,cohort,,,,,,,,,FALSE,,,,0,Time,,,,0,,,,count,,,,1,,,,,,,,Facility Census,,,,fiscal
N,vis_08,vis_08,adf,adf.pc.m,pc.male,Protective Custody Male,"((custody_class.str.contains('PC', na=False) | custody_class.isin(['PEND PC']))) & (sex == 'M')",adf,pc.m,,,,,,,,,,,,,,,,,,,,,,,,,,,,,,,,,,,,,,,,,,,,,,,,,,,,,,,,,,,,,,,,,,,,,,,,,#d62728,,,,,,,,1,,,,week,,,,0.2,,,,,,,,#1f77b4,,,,--,,,,1.25,,,,TRUE,,,,#000000,,,,:,,,,1.5,,,,#000000,,,,--,,,,1.5,,,,0.85,,,,,,,,,,,,subtract,,,,,,,,LC ADF,300,,,,FALSE,,,,1,12/31/2025,,,,,,,,,,,,,,,,,,,,,TRUE,,,,,,,,,,,,6,,,,14,,,,Segoe UI,,,,ols,,,,,,,,TRUE,,,,TRUE,,,,9,,,,10,,,,1,,,,,,,,4,,,,0.8,,,,,,,,,,,,,,,,,,,,,,,,,,,,,,,,,,,,,,,,vis_08_title,,,,vis_08_title,,,,vis_08_legend,,,,vis_08_legend,,,,vis_08_parameters,,,,vis_08_param,,,,vis_08_peak_projection_table,,,,vis_08_peak_projection_table,,,,vis_08__,,,,vis_08_image,,,,vis_08_projection_table,,,,vis_08_projection_table,,,,vis_08_peak_point,,,,vis_08_peak_point,,,,group1,,,,1,,,,pptx_template.vis_08.pptx,,,,1,,,,D,,,,#ff7f0e,,,,--,,,,2,,,,300,,,,6,,,,60,,,,5,,,,60,,,,,,,,TRUE,,,,TRUE,,,,TRUE,,,,1/1/2021,12,,,,10,,,,#d9d9d9,,,,16,,,,0.3,,,,bold,,,,13.33,,,,60,,,,#1f77b4,,,,-,,,,2,,,,5/1/2021,,,,cohort,,,,,,,,,FALSE,,,,0,Time,,,,0,,,,count,,,,1,,,,,,,,Facility Census,,,,fiscal
N,vis_08,vis_08,adf,adf.pc.m.55plus,pc.male.55plus,Protective Custody Male 55+,"(((custody_class.str.contains('PC', na=False) | custody_class.isin(['PEND PC']))) & (sex == 'M')) & (age_bracket == 'adult 55+')",adf,pc.m.55plus,,,,,,,,,,,,,,,,,,,,,,,,,,,,,,,,,,,,,,,,,,,,,,,,,,,,,,,,,,,,,,,,,,,,,,,,,#d62728,,,,,,,,1,,,,week,,,,0.2,,,,,,,,#1f77b4,,,,--,,,,1.25,,,,TRUE,,,,#000000,,,,:,,,,1.5,,,,#000000,,,,--,,,,1.5,,,,0.85,,,,,,,,,,,,subtract,,,,,,,,LC ADF,300,,,,FALSE,,,,1,12/31/2025,,,,,,,,,,,,,,,,,,,,,TRUE,,,,,,,,,,,,6,,,,14,,,,Segoe UI,,,,ols,,,,,,,,TRUE,,,,TRUE,,,,9,,,,10,,,,1,,,,,,,,4,,,,0.8,,,,,,,,,,,,,,,,,,,,,,,,,,,,,,,,,,,,,,,,vis_08_title,,,,vis_08_title,,,,vis_08_legend,,,,vis_08_legend,,,,vis_08_parameters,,,,vis_08_param,,,,vis_08_peak_projection_table,,,,vis_08_peak_projection_table,,,,vis_08__,,,,vis_08_image,,,,vis_08_projection_table,,,,vis_08_projection_table,,,,vis_08_peak_point,,,,vis_08_peak_point,,,,group1,,,,1,,,,pptx_template.vis_08.pptx,,,,1,,,,D,,,,#ff7f0e,,,,--,,,,2,,,,300,,,,6,,,,60,,,,5,,,,60,,,,,,,,TRUE,,,,TRUE,,,,TRUE,,,,1/1/2021,12,,,,10,,,,#d9d9d9,,,,16,,,,0.3,,,,bold,,,,13.33,,,,60,,,,#1f77b4,,,,-,,,,2,,,,5/1/2021,,,,cohort,,,,,,,,,FALSE,,,,0,Time,,,,0,,,,count,,,,1,,,,,,,,Facility Census,,,,fiscal
N,vis_08,vis_08,adf,adf.pc.m.ch_high,pc.male.chronic_high,Protective Custody Male Highly Severe Chronic Health Condition,"(((custody_class.str.contains('PC', na=False) | custody_class.isin(['PEND PC']))) & (sex == 'M')) & (chronic_status == 'HIGH')",adf,pc.m.ch_high,,,,,,,,,,,,,,,,,,,,,,,,,,,,,,,,,,,,,,,,,,,,,,,,,,,,,,,,,,,,,,,,,,,,,,,,,#d62728,,,,,,,,1,,,,week,,,,0.2,,,,,,,,#1f77b4,,,,--,,,,1.25,,,,TRUE,,,,#000000,,,,:,,,,1.5,,,,#000000,,,,--,,,,1.5,,,,0.85,,,,,,,,,,,,subtract,,,,,,,,LC ADF,300,,,,FALSE,,,,1,12/31/2025,,,,,,,,,,,,,,,,,,,,,TRUE,,,,,,,,,,,,6,,,,14,,,,Segoe UI,,,,ols,,,,,,,,TRUE,,,,TRUE,,,,9,,,,10,,,,1,,,,,,,,4,,,,0.8,,,,,,,,,,,,,,,,,,,,,,,,,,,,,,,,,,,,,,,,vis_08_title,,,,vis_08_title,,,,vis_08_legend,,,,vis_08_legend,,,,vis_08_parameters,,,,vis_08_param,,,,vis_08_peak_projection_table,,,,vis_08_peak_projection_table,,,,vis_08__,,,,vis_08_image,,,,vis_08_projection_table,,,,vis_08_projection_table,,,,vis_08_peak_point,,,,vis_08_peak_point,,,,group1,,,,1,,,,pptx_template.vis_08.pptx,,,,1,,,,D,,,,#ff7f0e,,,,--,,,,2,,,,300,,,,6,,,,60,,,,5,,,,60,,,,,,,,TRUE,,,,TRUE,,,,TRUE,,,,1/1/2021,12,,,,10,,,,#d9d9d9,,,,16,,,,0.3,,,,bold,,,,13.33,,,,60,,,,#1f77b4,,,,-,,,,2,,,,5/1/2021,,,,cohort,,,,,,,,,FALSE,,,,0,Time,,,,0,,,,count,,,,1,,,,,,,,Facility Census,,,,fiscal
N,vis_08,vis_08,adf,adf.pc.m.ch_low_mod_no,pc.male.chronic_low_moderate_no_chronic,Protective Custody Male Low/Moderate/No Chronic Health Condition,"(((custody_class.str.contains('PC', na=False) | custody_class.isin(['PEND PC']))) & (sex == 'M')) & (chronic_status .isin(['LOW','MODERATE','NO CHRONIC CONDITION']))",adf,pc.m.ch_low_mod_no,,,,,,,,,,,,,,,,,,,,,,,,,,,,,,,,,,,,,,,,,,,,,,,,,,,,,,,,,,,,,,,,,,,,,,,,,#d62728,,,,,,,,1,,,,week,,,,0.2,,,,,,,,#1f77b4,,,,--,,,,1.25,,,,TRUE,,,,#000000,,,,:,,,,1.5,,,,#000000,,,,--,,,,1.5,,,,0.85,,,,,,,,,,,,subtract,,,,,,,,LC ADF,300,,,,FALSE,,,,1,12/31/2025,,,,,,,,,,,,,,,,,,,,,TRUE,,,,,,,,,,,,6,,,,14,,,,Segoe UI,,,,ols,,,,,,,,TRUE,,,,TRUE,,,,9,,,,10,,,,1,,,,,,,,4,,,,0.8,,,,,,,,,,,,,,,,,,,,,,,,,,,,,,,,,,,,,,,,vis_08_title,,,,vis_08_title,,,,vis_08_legend,,,,vis_08_legend,,,,vis_08_parameters,,,,vis_08_param,,,,vis_08_peak_projection_table,,,,vis_08_peak_projection_table,,,,vis_08__,,,,vis_08_image,,,,vis_08_projection_table,,,,vis_08_projection_table,,,,vis_08_peak_point,,,,vis_08_peak_point,,,,group1,,,,1,,,,pptx_template.vis_08.pptx,,,,1,,,,D,,,,#ff7f0e,,,,--,,,,2,,,,300,,,,6,,,,60,,,,5,,,,60,,,,,,,,TRUE,,,,TRUE,,,,TRUE,,,,1/1/2021,12,,,,10,,,,#d9d9d9,,,,16,,,,0.3,,,,bold,,,,13.33,,,,60,,,,#1f77b4,,,,-,,,,2,,,,5/1/2021,,,,cohort,,,,,,,,,FALSE,,,,0,Time,,,,0,,,,count,,,,1,,,,,,,,Facility Census,,,,fiscal
N,vis_08,vis_08,adf,adf.pc.m.u55,pc.male.u55,Protective Custody Male Under 55,"(((custody_class.str.contains('PC', na=False) | custody_class.isin(['PEND PC']))) & (sex == 'M')) & (age_bracket == 'adult under 55')",adf,pc.m.u55,,,,,,,,,,,,,,,,,,,,,,,,,,,,,,,,,,,,,,,,,,,,,,,,,,,,,,,,,,,,,,,,,,,,,,,,,#d62728,,,,,,,,1,,,,week,,,,0.2,,,,,,,,#1f77b4,,,,--,,,,1.25,,,,TRUE,,,,#000000,,,,:,,,,1.5,,,,#000000,,,,--,,,,1.5,,,,0.85,,,,,,,,,,,,subtract,,,,,,,,LC ADF,300,,,,FALSE,,,,1,12/31/2025,,,,,,,,,,,,,,,,,,,,,TRUE,,,,,,,,,,,,6,,,,14,,,,Segoe UI,,,,ols,,,,,,,,TRUE,,,,TRUE,,,,9,,,,10,,,,1,,,,,,,,4,,,,0.8,,,,,,,,,,,,,,,,,,,,,,,,,,,,,,,,,,,,,,,,vis_08_title,,,,vis_08_title,,,,vis_08_legend,,,,vis_08_legend,,,,vis_08_parameters,,,,vis_08_param,,,,vis_08_peak_projection_table,,,,vis_08_peak_projection_table,,,,vis_08__,,,,vis_08_image,,,,vis_08_projection_table,,,,vis_08_projection_table,,,,vis_08_peak_point,,,,vis_08_peak_point,,,,group1,,,,1,,,,pptx_template.vis_08.pptx,,,,1,,,,D,,,,#ff7f0e,,,,--,,,,2,,,,300,,,,6,,,,60,,,,5,,,,60,,,,,,,,TRUE,,,,TRUE,,,,TRUE,,,,1/1/2021,12,,,,10,,,,#d9d9d9,,,,16,,,,0.3,,,,bold,,,,13.33,,,,60,,,,#1f77b4,,,,-,,,,2,,,,5/1/2021,,,,cohort,,,,,,,,,FALSE,,,,0,Time,,,,0,,,,count,,,,1,,,,,,,,Facility Census,,,,fiscal
N,vis_08,vis_08,adf,adf.pc.u55,pc.u55,Protective Custody Under 55,"((custody_class.str.contains('PC', na=False) | custody_class.isin(['PEND PC']))) & (age_bracket == 'adult under 55')",adf,pc.u55,,,,,,,,,,,,,,,,,,,,,,,,,,,,,,,,,,,,,,,,,,,,,,,,,,,,,,,,,,,,,,,,,,,,,,,,,#d62728,,,,,,,,1,,,,week,,,,0.2,,,,,,,,#1f77b4,,,,--,,,,1.25,,,,TRUE,,,,#000000,,,,:,,,,1.5,,,,#000000,,,,--,,,,1.5,,,,0.85,,,,,,,,,,,,subtract,,,,,,,,LC ADF,300,,,,FALSE,,,,1,12/31/2025,,,,,,,,,,,,,,,,,,,,,TRUE,,,,,,,,,,,,6,,,,14,,,,Segoe UI,,,,ols,,,,,,,,TRUE,,,,TRUE,,,,9,,,,10,,,,1,,,,,,,,4,,,,0.8,,,,,,,,,,,,,,,,,,,,,,,,,,,,,,,,,,,,,,,,vis_08_title,,,,vis_08_title,,,,vis_08_legend,,,,vis_08_legend,,,,vis_08_parameters,,,,vis_08_param,,,,vis_08_peak_projection_table,,,,vis_08_peak_projection_table,,,,vis_08__,,,,vis_08_image,,,,vis_08_projection_table,,,,vis_08_projection_table,,,,vis_08_peak_point,,,,vis_08_peak_point,,,,group1,,,,1,,,,pptx_template.vis_08.pptx,,,,1,,,,D,,,,#ff7f0e,,,,--,,,,2,,,,300,,,,6,,,,60,,,,5,,,,60,,,,,,,,TRUE,,,,TRUE,,,,TRUE,,,,1/1/2021,12,,,,10,,,,#d9d9d9,,,,16,,,,0.3,,,,bold,,,,13.33,,,,60,,,,#1f77b4,,,,-,,,,2,,,,5/1/2021,,,,cohort,,,,,,,,,FALSE,,,,0,Time,,,,0,,,,count,,,,1,,,,,,,,Facility Census,,,,fiscal
N,vis_08,vis_08,adf,adf.sn,special_needs,Special Needs,"(custody_class.str.contains('SN', na=False) | custody_class.isin(['SN- HOUSE IN SUB', 'SN (IPOD SUBDAY)', 'SN J-POD']))",adf,sn,,,,,,,,,,,,,,,,,,,,,,,,,,,,,,,,,,,,,,,,,,,,,,,,,,,,,,,,,,,,,,,,,,,,,,,,,#d62728,,,,,,,,1,,,,week,,,,0.2,,,,,,,,#1f77b4,,,,--,,,,1.25,,,,TRUE,,,,#000000,,,,:,,,,1.5,,,,#000000,,,,--,,,,1.5,,,,0.85,,,,,,,,,,,,subtract,,,,,,,,LC ADF,300,,,,FALSE,,,,1,12/31/2025,,,,,,,,,,,,,,,,,,,,,TRUE,,,,,,,,,,,,6,,,,14,,,,Segoe UI,,,,ols,,,,,,,,TRUE,,,,TRUE,,,,9,,,,10,,,,1,,,,,,,,4,,,,0.8,,,,,,,,,,,,,,,,,,,,,,,,,,,,,,,,,,,,,,,,vis_08_title,,,,vis_08_title,,,,vis_08_legend,,,,vis_08_legend,,,,vis_08_parameters,,,,vis_08_param,,,,vis_08_peak_projection_table,,,,vis_08_peak_projection_table,,,,vis_08__,,,,vis_08_image,,,,vis_08_projection_table,,,,vis_08_projection_table,,,,vis_08_peak_point,,,,vis_08_peak_point,,,,group1,,,,1,,,,pptx_template.vis_08.pptx,,,,1,,,,D,,,,#ff7f0e,,,,--,,,,2,,,,300,,,,6,,,,60,,,,5,,,,60,,,,,,,,TRUE,,,,TRUE,,,,TRUE,,,,1/1/2021,12,,,,10,,,,#d9d9d9,,,,16,,,,0.3,,,,bold,,,,13.33,,,,60,,,,#1f77b4,,,,-,,,,2,,,,5/1/2021,,,,cohort,,,,,,,,,FALSE,,,,0,Time,,,,0,,,,count,,,,1,,,,,,,,Facility Census,,,,fiscal
N,vis_08,vis_08,adf,adf.sn.55plus,special_needs.55plus,Special Needs 55+,"((custody_class.str.contains('SN', na=False) | custody_class.isin(['SN- HOUSE IN SUB', 'SN (IPOD SUBDAY)', 'SN J-POD']))) & (age_bracket == 'adult 55+')",adf,sn.55plus,,,,,,,,,,,,,,,,,,,,,,,,,,,,,,,,,,,,,,,,,,,,,,,,,,,,,,,,,,,,,,,,,,,,,,,,,#d62728,,,,,,,,1,,,,week,,,,0.2,,,,,,,,#1f77b4,,,,--,,,,1.25,,,,TRUE,,,,#000000,,,,:,,,,1.5,,,,#000000,,,,--,,,,1.5,,,,0.85,,,,,,,,,,,,subtract,,,,,,,,LC ADF,300,,,,FALSE,,,,1,12/31/2025,,,,,,,,,,,,,,,,,,,,,TRUE,,,,,,,,,,,,6,,,,14,,,,Segoe UI,,,,ols,,,,,,,,TRUE,,,,TRUE,,,,9,,,,10,,,,1,,,,,,,,4,,,,0.8,,,,,,,,,,,,,,,,,,,,,,,,,,,,,,,,,,,,,,,,vis_08_title,,,,vis_08_title,,,,vis_08_legend,,,,vis_08_legend,,,,vis_08_parameters,,,,vis_08_param,,,,vis_08_peak_projection_table,,,,vis_08_peak_projection_table,,,,vis_08__,,,,vis_08_image,,,,vis_08_projection_table,,,,vis_08_projection_table,,,,vis_08_peak_point,,,,vis_08_peak_point,,,,group1,,,,1,,,,pptx_template.vis_08.pptx,,,,1,,,,D,,,,#ff7f0e,,,,--,,,,2,,,,300,,,,6,,,,60,,,,5,,,,60,,,,,,,,TRUE,,,,TRUE,,,,TRUE,,,,1/1/2021,12,,,,10,,,,#d9d9d9,,,,16,,,,0.3,,,,bold,,,,13.33,,,,60,,,,#1f77b4,,,,-,,,,2,,,,5/1/2021,,,,cohort,,,,,,,,,FALSE,,,,0,Time,,,,0,,,,count,,,,1,,,,,,,,Facility Census,,,,fiscal
N,vis_08,vis_08,adf,adf.sn.ch_high,special_needs.chronic_high,Special Needs Highly Severe Chronic Health Condition,"((custody_class.str.contains('SN', na=False) | custody_class.isin(['SN- HOUSE IN SUB', 'SN (IPOD SUBDAY)', 'SN J-POD']))) & (chronic_status == 'HIGH')",adf,sn.ch_high,,,,,,,,,,,,,,,,,,,,,,,,,,,,,,,,,,,,,,,,,,,,,,,,,,,,,,,,,,,,,,,,,,,,,,,,,#d62728,,,,,,,,1,,,,week,,,,0.2,,,,,,,,#1f77b4,,,,--,,,,1.25,,,,TRUE,,,,#000000,,,,:,,,,1.5,,,,#000000,,,,--,,,,1.5,,,,0.85,,,,,,,,,,,,subtract,,,,,,,,LC ADF,300,,,,FALSE,,,,1,12/31/2025,,,,,,,,,,,,,,,,,,,,,TRUE,,,,,,,,,,,,6,,,,14,,,,Segoe UI,,,,ols,,,,,,,,TRUE,,,,TRUE,,,,9,,,,10,,,,1,,,,,,,,4,,,,0.8,,,,,,,,,,,,,,,,,,,,,,,,,,,,,,,,,,,,,,,,vis_08_title,,,,vis_08_title,,,,vis_08_legend,,,,vis_08_legend,,,,vis_08_parameters,,,,vis_08_param,,,,vis_08_peak_projection_table,,,,vis_08_peak_projection_table,,,,vis_08__,,,,vis_08_image,,,,vis_08_projection_table,,,,vis_08_projection_table,,,,vis_08_peak_point,,,,vis_08_peak_point,,,,group1,,,,1,,,,pptx_template.vis_08.pptx,,,,1,,,,D,,,,#ff7f0e,,,,--,,,,2,,,,300,,,,6,,,,60,,,,5,,,,60,,,,,,,,TRUE,,,,TRUE,,,,TRUE,,,,1/1/2021,12,,,,10,,,,#d9d9d9,,,,16,,,,0.3,,,,bold,,,,13.33,,,,60,,,,#1f77b4,,,,-,,,,2,,,,5/1/2021,,,,cohort,,,,,,,,,FALSE,,,,0,Time,,,,0,,,,count,,,,1,,,,,,,,Facility Census,,,,fiscal
N,vis_08,vis_08,adf,adf.sn.ch_low_mod_no,special_needs.chronic_low_moderate_no_chronic,Special Needs Low/Moderate/No Chronic Health Condition,"((custody_class.str.contains('SN', na=False) | custody_class.isin(['SN- HOUSE IN SUB', 'SN (IPOD SUBDAY)', 'SN J-POD']))) & (chronic_status .isin(['LOW','MODERATE','NO CHRONIC CONDITION']))",adf,sn.ch_low_mod_no,,,,,,,,,,,,,,,,,,,,,,,,,,,,,,,,,,,,,,,,,,,,,,,,,,,,,,,,,,,,,,,,,,,,,,,,,#d62728,,,,,,,,1,,,,week,,,,0.2,,,,,,,,#1f77b4,,,,--,,,,1.25,,,,TRUE,,,,#000000,,,,:,,,,1.5,,,,#000000,,,,--,,,,1.5,,,,0.85,,,,,,,,,,,,subtract,,,,,,,,LC ADF,300,,,,FALSE,,,,1,12/31/2025,,,,,,,,,,,,,,,,,,,,,TRUE,,,,,,,,,,,,6,,,,14,,,,Segoe UI,,,,ols,,,,,,,,TRUE,,,,TRUE,,,,9,,,,10,,,,1,,,,,,,,4,,,,0.8,,,,,,,,,,,,,,,,,,,,,,,,,,,,,,,,,,,,,,,,vis_08_title,,,,vis_08_title,,,,vis_08_legend,,,,vis_08_legend,,,,vis_08_parameters,,,,vis_08_param,,,,vis_08_peak_projection_table,,,,vis_08_peak_projection_table,,,,vis_08__,,,,vis_08_image,,,,vis_08_projection_table,,,,vis_08_projection_table,,,,vis_08_peak_point,,,,vis_08_peak_point,,,,group1,,,,1,,,,pptx_template.vis_08.pptx,,,,1,,,,D,,,,#ff7f0e,,,,--,,,,2,,,,300,,,,6,,,,60,,,,5,,,,60,,,,,,,,TRUE,,,,TRUE,,,,TRUE,,,,1/1/2021,12,,,,10,,,,#d9d9d9,,,,16,,,,0.3,,,,bold,,,,13.33,,,,60,,,,#1f77b4,,,,-,,,,2,,,,5/1/2021,,,,cohort,,,,,,,,,FALSE,,,,0,Time,,,,0,,,,count,,,,1,,,,,,,,Facility Census,,,,fiscal
N,vis_08,vis_08,adf,adf.sn.f,special_needs.female,Special Needs Female,"((custody_class.str.contains('SN', na=False) | custody_class.isin(['SN- HOUSE IN SUB', 'SN (IPOD SUBDAY)', 'SN J-POD']))) & (sex == 'F')",adf,sn.f,,,,,,,,,,,,,,,,,,,,,,,,,,,,,,,,,,,,,,,,,,,,,,,,,,,,,,,,,,,,,,,,,,,,,,,,,#d62728,,,,,,,,1,,,,week,,,,0.2,,,,,,,,#1f77b4,,,,--,,,,1.25,,,,TRUE,,,,#000000,,,,:,,,,1.5,,,,#000000,,,,--,,,,1.5,,,,0.85,,,,,,,,,,,,subtract,,,,,,,,LC ADF,300,,,,FALSE,,,,1,12/31/2025,,,,,,,,,,,,,,,,,,,,,TRUE,,,,,,,,,,,,6,,,,14,,,,Segoe UI,,,,ols,,,,,,,,TRUE,,,,TRUE,,,,9,,,,10,,,,1,,,,,,,,4,,,,0.8,,,,,,,,,,,,,,,,,,,,,,,,,,,,,,,,,,,,,,,,vis_08_title,,,,vis_08_title,,,,vis_08_legend,,,,vis_08_legend,,,,vis_08_parameters,,,,vis_08_param,,,,vis_08_peak_projection_table,,,,vis_08_peak_projection_table,,,,vis_08__,,,,vis_08_image,,,,vis_08_projection_table,,,,vis_08_projection_table,,,,vis_08_peak_point,,,,vis_08_peak_point,,,,group1,,,,1,,,,pptx_template.vis_08.pptx,,,,1,,,,D,,,,#ff7f0e,,,,--,,,,2,,,,300,,,,6,,,,60,,,,5,,,,60,,,,,,,,TRUE,,,,TRUE,,,,TRUE,,,,1/1/2021,12,,,,10,,,,#d9d9d9,,,,16,,,,0.3,,,,bold,,,,13.33,,,,60,,,,#1f77b4,,,,-,,,,2,,,,5/1/2021,,,,cohort,,,,,,,,,FALSE,,,,0,Time,,,,0,,,,count,,,,1,,,,,,,,Facility Census,,,,fiscal
N,vis_08,vis_08,adf,adf.sn.f.55plus,special_needs.female.55plus,Special Needs Female 55+,"(((custody_class.str.contains('SN', na=False) | custody_class.isin(['SN- HOUSE IN SUB', 'SN (IPOD SUBDAY)', 'SN J-POD']))) & (sex == 'F')) & (age_bracket == 'adult 55+')",adf,sn.f.55plus,,,,,,,,,,,,,,,,,,,,,,,,,,,,,,,,,,,,,,,,,,,,,,,,,,,,,,,,,,,,,,,,,,,,,,,,,#d62728,,,,,,,,1,,,,week,,,,0.2,,,,,,,,#1f77b4,,,,--,,,,1.25,,,,TRUE,,,,#000000,,,,:,,,,1.5,,,,#000000,,,,--,,,,1.5,,,,0.85,,,,,,,,,,,,subtract,,,,,,,,LC ADF,300,,,,FALSE,,,,1,12/31/2025,,,,,,,,,,,,,,,,,,,,,TRUE,,,,,,,,,,,,6,,,,14,,,,Segoe UI,,,,ols,,,,,,,,TRUE,,,,TRUE,,,,9,,,,10,,,,1,,,,,,,,4,,,,0.8,,,,,,,,,,,,,,,,,,,,,,,,,,,,,,,,,,,,,,,,vis_08_title,,,,vis_08_title,,,,vis_08_legend,,,,vis_08_legend,,,,vis_08_parameters,,,,vis_08_param,,,,vis_08_peak_projection_table,,,,vis_08_peak_projection_table,,,,vis_08__,,,,vis_08_image,,,,vis_08_projection_table,,,,vis_08_projection_table,,,,vis_08_peak_point,,,,vis_08_peak_point,,,,group1,,,,1,,,,pptx_template.vis_08.pptx,,,,1,,,,D,,,,#ff7f0e,,,,--,,,,2,,,,300,,,,6,,,,60,,,,5,,,,60,,,,,,,,TRUE,,,,TRUE,,,,TRUE,,,,1/1/2021,12,,,,10,,,,#d9d9d9,,,,16,,,,0.3,,,,bold,,,,13.33,,,,60,,,,#1f77b4,,,,-,,,,2,,,,5/1/2021,,,,cohort,,,,,,,,,FALSE,,,,0,Time,,,,0,,,,count,,,,1,,,,,,,,Facility Census,,,,fiscal
N,vis_08,vis_08,adf,adf.sn.f.ch_high,special_needs.female.chronic_high,Special Needs Female Highly Severe Chronic Health Condition,"(((custody_class.str.contains('SN', na=False) | custody_class.isin(['SN- HOUSE IN SUB', 'SN (IPOD SUBDAY)', 'SN J-POD']))) & (sex == 'F')) & (chronic_status == 'HIGH')",adf,sn.f.ch_high,,,,,,,,,,,,,,,,,,,,,,,,,,,,,,,,,,,,,,,,,,,,,,,,,,,,,,,,,,,,,,,,,,,,,,,,,#d62728,,,,,,,,1,,,,week,,,,0.2,,,,,,,,#1f77b4,,,,--,,,,1.25,,,,TRUE,,,,#000000,,,,:,,,,1.5,,,,#000000,,,,--,,,,1.5,,,,0.85,,,,,,,,,,,,subtract,,,,,,,,LC ADF,300,,,,FALSE,,,,1,12/31/2025,,,,,,,,,,,,,,,,,,,,,TRUE,,,,,,,,,,,,6,,,,14,,,,Segoe UI,,,,ols,,,,,,,,TRUE,,,,TRUE,,,,9,,,,10,,,,1,,,,,,,,4,,,,0.8,,,,,,,,,,,,,,,,,,,,,,,,,,,,,,,,,,,,,,,,vis_08_title,,,,vis_08_title,,,,vis_08_legend,,,,vis_08_legend,,,,vis_08_parameters,,,,vis_08_param,,,,vis_08_peak_projection_table,,,,vis_08_peak_projection_table,,,,vis_08__,,,,vis_08_image,,,,vis_08_projection_table,,,,vis_08_projection_table,,,,vis_08_peak_point,,,,vis_08_peak_point,,,,group1,,,,1,,,,pptx_template.vis_08.pptx,,,,1,,,,D,,,,#ff7f0e,,,,--,,,,2,,,,300,,,,6,,,,60,,,,5,,,,60,,,,,,,,TRUE,,,,TRUE,,,,TRUE,,,,1/1/2021,12,,,,10,,,,#d9d9d9,,,,16,,,,0.3,,,,bold,,,,13.33,,,,60,,,,#1f77b4,,,,-,,,,2,,,,5/1/2021,,,,cohort,,,,,,,,,FALSE,,,,0,Time,,,,0,,,,count,,,,1,,,,,,,,Facility Census,,,,fiscal
N,vis_08,vis_08,adf,adf.sn.f.ch_low_mod_no,special_needs.female.chronic_low_moderate_no_chronic,Special Needs Female Low/Moderate/No Chronic Health Condition,"(((custody_class.str.contains('SN', na=False) | custody_class.isin(['SN- HOUSE IN SUB', 'SN (IPOD SUBDAY)', 'SN J-POD']))) & (sex == 'F')) & (chronic_status .isin(['LOW','MODERATE','NO CHRONIC CONDITION']))",adf,sn.f.ch_low_mod_no,,,,,,,,,,,,,,,,,,,,,,,,,,,,,,,,,,,,,,,,,,,,,,,,,,,,,,,,,,,,,,,,,,,,,,,,,#d62728,,,,,,,,1,,,,week,,,,0.2,,,,,,,,#1f77b4,,,,--,,,,1.25,,,,TRUE,,,,#000000,,,,:,,,,1.5,,,,#000000,,,,--,,,,1.5,,,,0.85,,,,,,,,,,,,subtract,,,,,,,,LC ADF,300,,,,FALSE,,,,1,12/31/2025,,,,,,,,,,,,,,,,,,,,,TRUE,,,,,,,,,,,,6,,,,14,,,,Segoe UI,,,,ols,,,,,,,,TRUE,,,,TRUE,,,,9,,,,10,,,,1,,,,,,,,4,,,,0.8,,,,,,,,,,,,,,,,,,,,,,,,,,,,,,,,,,,,,,,,vis_08_title,,,,vis_08_title,,,,vis_08_legend,,,,vis_08_legend,,,,vis_08_parameters,,,,vis_08_param,,,,vis_08_peak_projection_table,,,,vis_08_peak_projection_table,,,,vis_08__,,,,vis_08_image,,,,vis_08_projection_table,,,,vis_08_projection_table,,,,vis_08_peak_point,,,,vis_08_peak_point,,,,group1,,,,1,,,,pptx_template.vis_08.pptx,,,,1,,,,D,,,,#ff7f0e,,,,--,,,,2,,,,300,,,,6,,,,60,,,,5,,,,60,,,,,,,,TRUE,,,,TRUE,,,,TRUE,,,,1/1/2021,12,,,,10,,,,#d9d9d9,,,,16,,,,0.3,,,,bold,,,,13.33,,,,60,,,,#1f77b4,,,,-,,,,2,,,,5/1/2021,,,,cohort,,,,,,,,,FALSE,,,,0,Time,,,,0,,,,count,,,,1,,,,,,,,Facility Census,,,,fiscal
N,vis_08,vis_08,adf,adf.sn.f.u55,special_needs.female.u55,Special Needs Female Under 55,"(((custody_class.str.contains('SN', na=False) | custody_class.isin(['SN- HOUSE IN SUB', 'SN (IPOD SUBDAY)', 'SN J-POD']))) & (sex == 'F')) & (age_bracket == 'adult under 55')",adf,sn.f.u55,,,,,,,,,,,,,,,,,,,,,,,,,,,,,,,,,,,,,,,,,,,,,,,,,,,,,,,,,,,,,,,,,,,,,,,,,#d62728,,,,,,,,1,,,,week,,,,0.2,,,,,,,,#1f77b4,,,,--,,,,1.25,,,,TRUE,,,,#000000,,,,:,,,,1.5,,,,#000000,,,,--,,,,1.5,,,,0.85,,,,,,,,,,,,subtract,,,,,,,,LC ADF,300,,,,FALSE,,,,1,12/31/2025,,,,,,,,,,,,,,,,,,,,,TRUE,,,,,,,,,,,,6,,,,14,,,,Segoe UI,,,,ols,,,,,,,,TRUE,,,,TRUE,,,,9,,,,10,,,,1,,,,,,,,4,,,,0.8,,,,,,,,,,,,,,,,,,,,,,,,,,,,,,,,,,,,,,,,vis_08_title,,,,vis_08_title,,,,vis_08_legend,,,,vis_08_legend,,,,vis_08_parameters,,,,vis_08_param,,,,vis_08_peak_projection_table,,,,vis_08_peak_projection_table,,,,vis_08__,,,,vis_08_image,,,,vis_08_projection_table,,,,vis_08_projection_table,,,,vis_08_peak_point,,,,vis_08_peak_point,,,,group1,,,,1,,,,pptx_template.vis_08.pptx,,,,1,,,,D,,,,#ff7f0e,,,,--,,,,2,,,,300,,,,6,,,,60,,,,5,,,,60,,,,,,,,TRUE,,,,TRUE,,,,TRUE,,,,1/1/2021,12,,,,10,,,,#d9d9d9,,,,16,,,,0.3,,,,bold,,,,13.33,,,,60,,,,#1f77b4,,,,-,,,,2,,,,5/1/2021,,,,cohort,,,,,,,,,FALSE,,,,0,Time,,,,0,,,,count,,,,1,,,,,,,,Facility Census,,,,fiscal
N,vis_08,vis_08,adf,adf.sn.m,special_needs.male,Special Needs Male,"((custody_class.str.contains('SN', na=False) | custody_class.isin(['SN- HOUSE IN SUB', 'SN (IPOD SUBDAY)', 'SN J-POD']))) & (sex == 'M')",adf,sn.m,,,,,,,,,,,,,,,,,,,,,,,,,,,,,,,,,,,,,,,,,,,,,,,,,,,,,,,,,,,,,,,,,,,,,,,,,#d62728,,,,,,,,1,,,,week,,,,0.2,,,,,,,,#1f77b4,,,,--,,,,1.25,,,,TRUE,,,,#000000,,,,:,,,,1.5,,,,#000000,,,,--,,,,1.5,,,,0.85,,,,,,,,,,,,subtract,,,,,,,,LC ADF,300,,,,FALSE,,,,1,12/31/2025,,,,,,,,,,,,,,,,,,,,,TRUE,,,,,,,,,,,,6,,,,14,,,,Segoe UI,,,,ols,,,,,,,,TRUE,,,,TRUE,,,,9,,,,10,,,,1,,,,,,,,4,,,,0.8,,,,,,,,,,,,,,,,,,,,,,,,,,,,,,,,,,,,,,,,vis_08_title,,,,vis_08_title,,,,vis_08_legend,,,,vis_08_legend,,,,vis_08_parameters,,,,vis_08_param,,,,vis_08_peak_projection_table,,,,vis_08_peak_projection_table,,,,vis_08__,,,,vis_08_image,,,,vis_08_projection_table,,,,vis_08_projection_table,,,,vis_08_peak_point,,,,vis_08_peak_point,,,,group1,,,,1,,,,pptx_template.vis_08.pptx,,,,1,,,,D,,,,#ff7f0e,,,,--,,,,2,,,,300,,,,6,,,,60,,,,5,,,,60,,,,,,,,TRUE,,,,TRUE,,,,TRUE,,,,1/1/2021,12,,,,10,,,,#d9d9d9,,,,16,,,,0.3,,,,bold,,,,13.33,,,,60,,,,#1f77b4,,,,-,,,,2,,,,5/1/2021,,,,cohort,,,,,,,,,FALSE,,,,0,Time,,,,0,,,,count,,,,1,,,,,,,,Facility Census,,,,fiscal
N,vis_08,vis_08,adf,adf.sn.m.55plus,special_needs.male.55plus,Special Needs Male 55+,"(((custody_class.str.contains('SN', na=False) | custody_class.isin(['SN- HOUSE IN SUB', 'SN (IPOD SUBDAY)', 'SN J-POD']))) & (sex == 'M')) & (age_bracket == 'adult 55+')",adf,sn.m.55plus,,,,,,,,,,,,,,,,,,,,,,,,,,,,,,,,,,,,,,,,,,,,,,,,,,,,,,,,,,,,,,,,,,,,,,,,,#d62728,,,,,,,,1,,,,week,,,,0.2,,,,,,,,#1f77b4,,,,--,,,,1.25,,,,TRUE,,,,#000000,,,,:,,,,1.5,,,,#000000,,,,--,,,,1.5,,,,0.85,,,,,,,,,,,,subtract,,,,,,,,LC ADF,300,,,,FALSE,,,,1,12/31/2025,,,,,,,,,,,,,,,,,,,,,TRUE,,,,,,,,,,,,6,,,,14,,,,Segoe UI,,,,ols,,,,,,,,TRUE,,,,TRUE,,,,9,,,,10,,,,1,,,,,,,,4,,,,0.8,,,,,,,,,,,,,,,,,,,,,,,,,,,,,,,,,,,,,,,,vis_08_title,,,,vis_08_title,,,,vis_08_legend,,,,vis_08_legend,,,,vis_08_parameters,,,,vis_08_param,,,,vis_08_peak_projection_table,,,,vis_08_peak_projection_table,,,,vis_08__,,,,vis_08_image,,,,vis_08_projection_table,,,,vis_08_projection_table,,,,vis_08_peak_point,,,,vis_08_peak_point,,,,group1,,,,1,,,,pptx_template.vis_08.pptx,,,,1,,,,D,,,,#ff7f0e,,,,--,,,,2,,,,300,,,,6,,,,60,,,,5,,,,60,,,,,,,,TRUE,,,,TRUE,,,,TRUE,,,,1/1/2021,12,,,,10,,,,#d9d9d9,,,,16,,,,0.3,,,,bold,,,,13.33,,,,60,,,,#1f77b4,,,,-,,,,2,,,,5/1/2021,,,,cohort,,,,,,,,,FALSE,,,,0,Time,,,,0,,,,count,,,,1,,,,,,,,Facility Census,,,,fiscal
N,vis_08,vis_08,adf,adf.sn.m.ch_high,special_needs.male.chronic_high,Special Needs Male Highly Severe Chronic Health Condition,"(((custody_class.str.contains('SN', na=False) | custody_class.isin(['SN- HOUSE IN SUB', 'SN (IPOD SUBDAY)', 'SN J-POD']))) & (sex == 'M')) & (chronic_status == 'HIGH')",adf,sn.m.ch_high,,,,,,,,,,,,,,,,,,,,,,,,,,,,,,,,,,,,,,,,,,,,,,,,,,,,,,,,,,,,,,,,,,,,,,,,,#d62728,,,,,,,,1,,,,week,,,,0.2,,,,,,,,#1f77b4,,,,--,,,,1.25,,,,TRUE,,,,#000000,,,,:,,,,1.5,,,,#000000,,,,--,,,,1.5,,,,0.85,,,,,,,,,,,,subtract,,,,,,,,LC ADF,300,,,,FALSE,,,,1,12/31/2025,,,,,,,,,,,,,,,,,,,,,TRUE,,,,,,,,,,,,6,,,,14,,,,Segoe UI,,,,ols,,,,,,,,TRUE,,,,TRUE,,,,9,,,,10,,,,1,,,,,,,,4,,,,0.8,,,,,,,,,,,,,,,,,,,,,,,,,,,,,,,,,,,,,,,,vis_08_title,,,,vis_08_title,,,,vis_08_legend,,,,vis_08_legend,,,,vis_08_parameters,,,,vis_08_param,,,,vis_08_peak_projection_table,,,,vis_08_peak_projection_table,,,,vis_08__,,,,vis_08_image,,,,vis_08_projection_table,,,,vis_08_projection_table,,,,vis_08_peak_point,,,,vis_08_peak_point,,,,group1,,,,1,,,,pptx_template.vis_08.pptx,,,,1,,,,D,,,,#ff7f0e,,,,--,,,,2,,,,300,,,,6,,,,60,,,,5,,,,60,,,,,,,,TRUE,,,,TRUE,,,,TRUE,,,,1/1/2021,12,,,,10,,,,#d9d9d9,,,,16,,,,0.3,,,,bold,,,,13.33,,,,60,,,,#1f77b4,,,,-,,,,2,,,,5/1/2021,,,,cohort,,,,,,,,,FALSE,,,,0,Time,,,,0,,,,count,,,,1,,,,,,,,Facility Census,,,,fiscal
N,vis_08,vis_08,adf,adf.sn.m.ch_low_mod_no,special_needs.male.chronic_low_moderate_no_chronic,Special Needs Male Low/Moderate/No Chronic Health Condition,"(((custody_class.str.contains('SN', na=False) | custody_class.isin(['SN- HOUSE IN SUB', 'SN (IPOD SUBDAY)', 'SN J-POD']))) & (sex == 'M')) & (chronic_status .isin(['LOW','MODERATE','NO CHRONIC CONDITION']))",adf,sn.m.ch_low_mod_no,,,,,,,,,,,,,,,,,,,,,,,,,,,,,,,,,,,,,,,,,,,,,,,,,,,,,,,,,,,,,,,,,,,,,,,,,#d62728,,,,,,,,1,,,,week,,,,0.2,,,,,,,,#1f77b4,,,,--,,,,1.25,,,,TRUE,,,,#000000,,,,:,,,,1.5,,,,#000000,,,,--,,,,1.5,,,,0.85,,,,,,,,,,,,subtract,,,,,,,,LC ADF,300,,,,FALSE,,,,1,12/31/2025,,,,,,,,,,,,,,,,,,,,,TRUE,,,,,,,,,,,,6,,,,14,,,,Segoe UI,,,,ols,,,,,,,,TRUE,,,,TRUE,,,,9,,,,10,,,,1,,,,,,,,4,,,,0.8,,,,,,,,,,,,,,,,,,,,,,,,,,,,,,,,,,,,,,,,vis_08_title,,,,vis_08_title,,,,vis_08_legend,,,,vis_08_legend,,,,vis_08_parameters,,,,vis_08_param,,,,vis_08_peak_projection_table,,,,vis_08_peak_projection_table,,,,vis_08__,,,,vis_08_image,,,,vis_08_projection_table,,,,vis_08_projection_table,,,,vis_08_peak_point,,,,vis_08_peak_point,,,,group1,,,,1,,,,pptx_template.vis_08.pptx,,,,1,,,,D,,,,#ff7f0e,,,,--,,,,2,,,,300,,,,6,,,,60,,,,5,,,,60,,,,,,,,TRUE,,,,TRUE,,,,TRUE,,,,1/1/2021,12,,,,10,,,,#d9d9d9,,,,16,,,,0.3,,,,bold,,,,13.33,,,,60,,,,#1f77b4,,,,-,,,,2,,,,5/1/2021,,,,cohort,,,,,,,,,FALSE,,,,0,Time,,,,0,,,,count,,,,1,,,,,,,,Facility Census,,,,fiscal
N,vis_08,vis_08,adf,adf.sn.m.u55,special_needs.male.u55,Special Needs Male Under 55,"(((custody_class.str.contains('SN', na=False) | custody_class.isin(['SN- HOUSE IN SUB', 'SN (IPOD SUBDAY)', 'SN J-POD']))) & (sex == 'M')) & (age_bracket == 'adult under 55')",adf,sn.m.u55,,,,,,,,,,,,,,,,,,,,,,,,,,,,,,,,,,,,,,,,,,,,,,,,,,,,,,,,,,,,,,,,,,,,,,,,,#d62728,,,,,,,,1,,,,week,,,,0.2,,,,,,,,#1f77b4,,,,--,,,,1.25,,,,TRUE,,,,#000000,,,,:,,,,1.5,,,,#000000,,,,--,,,,1.5,,,,0.85,,,,,,,,,,,,subtract,,,,,,,,LC ADF,300,,,,FALSE,,,,1,12/31/2025,,,,,,,,,,,,,,,,,,,,,TRUE,,,,,,,,,,,,6,,,,14,,,,Segoe UI,,,,ols,,,,,,,,TRUE,,,,TRUE,,,,9,,,,10,,,,1,,,,,,,,4,,,,0.8,,,,,,,,,,,,,,,,,,,,,,,,,,,,,,,,,,,,,,,,vis_08_title,,,,vis_08_title,,,,vis_08_legend,,,,vis_08_legend,,,,vis_08_parameters,,,,vis_08_param,,,,vis_08_peak_projection_table,,,,vis_08_peak_projection_table,,,,vis_08__,,,,vis_08_image,,,,vis_08_projection_table,,,,vis_08_projection_table,,,,vis_08_peak_point,,,,vis_08_peak_point,,,,group1,,,,1,,,,pptx_template.vis_08.pptx,,,,1,,,,D,,,,#ff7f0e,,,,--,,,,2,,,,300,,,,6,,,,60,,,,5,,,,60,,,,,,,,TRUE,,,,TRUE,,,,TRUE,,,,1/1/2021,12,,,,10,,,,#d9d9d9,,,,16,,,,0.3,,,,bold,,,,13.33,,,,60,,,,#1f77b4,,,,-,,,,2,,,,5/1/2021,,,,cohort,,,,,,,,,FALSE,,,,0,Time,,,,0,,,,count,,,,1,,,,,,,,Facility Census,,,,fiscal
N,vis_08,vis_08,adf,adf.sn.u55,special_needs.u55,Special Needs Under 55,"((custody_class.str.contains('SN', na=False) | custody_class.isin(['SN- HOUSE IN SUB', 'SN (IPOD SUBDAY)', 'SN J-POD']))) & (age_bracket == 'adult under 55')",adf,sn.u55,,,,,,,,,,,,,,,,,,,,,,,,,,,,,,,,,,,,,,,,,,,,,,,,,,,,,,,,,,,,,,,,,,,,,,,,,#d62728,,,,,,,,1,,,,week,,,,0.2,,,,,,,,#1f77b4,,,,--,,,,1.25,,,,TRUE,,,,#000000,,,,:,,,,1.5,,,,#000000,,,,--,,,,1.5,,,,0.85,,,,,,,,,,,,subtract,,,,,,,,LC ADF,300,,,,FALSE,,,,1,12/31/2025,,,,,,,,,,,,,,,,,,,,,TRUE,,,,,,,,,,,,6,,,,14,,,,Segoe UI,,,,ols,,,,,,,,TRUE,,,,TRUE,,,,9,,,,10,,,,1,,,,,,,,4,,,,0.8,,,,,,,,,,,,,,,,,,,,,,,,,,,,,,,,,,,,,,,,vis_08_title,,,,vis_08_title,,,,vis_08_legend,,,,vis_08_legend,,,,vis_08_parameters,,,,vis_08_param,,,,vis_08_peak_projection_table,,,,vis_08_peak_projection_table,,,,vis_08__,,,,vis_08_image,,,,vis_08_projection_table,,,,vis_08_projection_table,,,,vis_08_peak_point,,,,vis_08_peak_point,,,,group1,,,,1,,,,pptx_template.vis_08.pptx,,,,1,,,,D,,,,#ff7f0e,,,,--,,,,2,,,,300,,,,6,,,,60,,,,5,,,,60,,,,,,,,TRUE,,,,TRUE,,,,TRUE,,,,1/1/2021,12,,,,10,,,,#d9d9d9,,,,16,,,,0.3,,,,bold,,,,13.33,,,,60,,,,#1f77b4,,,,-,,,,2,,,,5/1/2021,,,,cohort,,,,,,,,,FALSE,,,,0,Time,,,,0,,,,count,,,,1,,,,,,,,Facility Census,,,,fiscal
N,vis_08,vis_08,adf,adf.wr_m,work_release_male,Work Release Male,((sex == 'M') & (housing == 'A1')),adf,wr_m,,,,,,,,,,,,,,,,,,,,,,,,,,,,,,,,,,,,,,,,,,,,,,,,,,,,,,,,,,,,,,,,,,,,,,,,,#d62728,,,,,,,,1,,,,week,,,,0.2,,,,,,,,#1f77b4,,,,--,,,,1.25,,,,TRUE,,,,#000000,,,,:,,,,1.5,,,,#000000,,,,--,,,,1.5,,,,0.85,,,,,,,,,,,,subtract,,,,,,,,LC ADF,300,,,,FALSE,,,,1,12/31/2025,,,,,,,,,,,,,,,,,,,,,TRUE,,,,,,,,,,,,6,,,,14,,,,Segoe UI,,,,ols,,,,,,,,TRUE,,,,TRUE,,,,9,,,,10,,,,1,,,,,,,,4,,,,0.8,,,,,,,,,,,,,,,,,,,,,,,,,,,,,,,,,,,,,,,,vis_08_title,,,,vis_08_title,,,,vis_08_legend,,,,vis_08_legend,,,,vis_08_parameters,,,,vis_08_param,,,,vis_08_peak_projection_table,,,,vis_08_peak_projection_table,,,,vis_08__,,,,vis_08_image,,,,vis_08_projection_table,,,,vis_08_projection_table,,,,vis_08_peak_point,,,,vis_08_peak_point,,,,group1,,,,1,,,,pptx_template.vis_08.pptx,,,,1,,,,D,,,,#ff7f0e,,,,--,,,,2,,,,300,,,,6,,,,60,,,,5,,,,60,,,,,,,,TRUE,,,,TRUE,,,,TRUE,,,,1/1/2021,12,,,,10,,,,#d9d9d9,,,,16,,,,0.3,,,,bold,,,,13.33,,,,60,,,,#1f77b4,,,,-,,,,2,,,,5/1/2021,,,,cohort,,,,,,,,,FALSE,,,,0,Time,,,,0,,,,count,,,,1,,,,,,,,Facility Census,,,,fiscal
N,vis_08,vis_08,adf,adf.wr_m.55plus,work_release_male.55plus,Work Release Male 55+,(((sex == 'M') & (housing == 'A1'))) & (age_bracket == 'adult 55+'),adf,wr_m.55plus,,,,,,,,,,,,,,,,,,,,,,,,,,,,,,,,,,,,,,,,,,,,,,,,,,,,,,,,,,,,,,,,,,,,,,,,,#d62728,,,,,,,,1,,,,week,,,,0.2,,,,,,,,#1f77b4,,,,--,,,,1.25,,,,TRUE,,,,#000000,,,,:,,,,1.5,,,,#000000,,,,--,,,,1.5,,,,0.85,,,,,,,,,,,,subtract,,,,,,,,LC ADF,300,,,,FALSE,,,,1,12/31/2025,,,,,,,,,,,,,,,,,,,,,TRUE,,,,,,,,,,,,6,,,,14,,,,Segoe UI,,,,ols,,,,,,,,TRUE,,,,TRUE,,,,9,,,,10,,,,1,,,,,,,,4,,,,0.8,,,,,,,,,,,,,,,,,,,,,,,,,,,,,,,,,,,,,,,,vis_08_title,,,,vis_08_title,,,,vis_08_legend,,,,vis_08_legend,,,,vis_08_parameters,,,,vis_08_param,,,,vis_08_peak_projection_table,,,,vis_08_peak_projection_table,,,,vis_08__,,,,vis_08_image,,,,vis_08_projection_table,,,,vis_08_projection_table,,,,vis_08_peak_point,,,,vis_08_peak_point,,,,group1,,,,1,,,,pptx_template.vis_08.pptx,,,,1,,,,D,,,,#ff7f0e,,,,--,,,,2,,,,300,,,,6,,,,60,,,,5,,,,60,,,,,,,,TRUE,,,,TRUE,,,,TRUE,,,,1/1/2021,12,,,,10,,,,#d9d9d9,,,,16,,,,0.3,,,,bold,,,,13.33,,,,60,,,,#1f77b4,,,,-,,,,2,,,,5/1/2021,,,,cohort,,,,,,,,,FALSE,,,,0,Time,,,,0,,,,count,,,,1,,,,,,,,Facility Census,,,,fiscal
N,vis_08,vis_08,adf,adf.wr_m.ch_high,work_release_male.chronic_high,Work Release Male Highly Severe Chronic Health Condition,(((sex == 'M') & (housing == 'A1'))) & (chronic_status == 'HIGH'),adf,wr_m.ch_high,,,,,,,,,,,,,,,,,,,,,,,,,,,,,,,,,,,,,,,,,,,,,,,,,,,,,,,,,,,,,,,,,,,,,,,,,#d62728,,,,,,,,1,,,,week,,,,0.2,,,,,,,,#1f77b4,,,,--,,,,1.25,,,,TRUE,,,,#000000,,,,:,,,,1.5,,,,#000000,,,,--,,,,1.5,,,,0.85,,,,,,,,,,,,subtract,,,,,,,,LC ADF,300,,,,FALSE,,,,1,12/31/2025,,,,,,,,,,,,,,,,,,,,,TRUE,,,,,,,,,,,,6,,,,14,,,,Segoe UI,,,,ols,,,,,,,,TRUE,,,,TRUE,,,,9,,,,10,,,,1,,,,,,,,4,,,,0.8,,,,,,,,,,,,,,,,,,,,,,,,,,,,,,,,,,,,,,,,vis_08_title,,,,vis_08_title,,,,vis_08_legend,,,,vis_08_legend,,,,vis_08_parameters,,,,vis_08_param,,,,vis_08_peak_projection_table,,,,vis_08_peak_projection_table,,,,vis_08__,,,,vis_08_image,,,,vis_08_projection_table,,,,vis_08_projection_table,,,,vis_08_peak_point,,,,vis_08_peak_point,,,,group1,,,,1,,,,pptx_template.vis_08.pptx,,,,1,,,,D,,,,#ff7f0e,,,,--,,,,2,,,,300,,,,6,,,,60,,,,5,,,,60,,,,,,,,TRUE,,,,TRUE,,,,TRUE,,,,1/1/2021,12,,,,10,,,,#d9d9d9,,,,16,,,,0.3,,,,bold,,,,13.33,,,,60,,,,#1f77b4,,,,-,,,,2,,,,5/1/2021,,,,cohort,,,,,,,,,FALSE,,,,0,Time,,,,0,,,,count,,,,1,,,,,,,,Facility Census,,,,fiscal
N,vis_08,vis_08,adf,adf.wr_m.u55,work_release_male.u55,Work Release Male Under 55,(((sex == 'M') & (housing == 'A1'))) & (age_bracket == 'adult under 55'),adf,wr_m.u55,,,,,,,,,,,,,,,,,,,,,,,,,,,,,,,,,,,,,,,,,,,,,,,,,,,,,,,,,,,,,,,,,,,,,,,,,#d62728,,,,,,,,1,,,,week,,,,0.2,,,,,,,,#1f77b4,,,,--,,,,1.25,,,,TRUE,,,,#000000,,,,:,,,,1.5,,,,#000000,,,,--,,,,1.5,,,,0.85,,,,,,,,,,,,subtract,,,,,,,,LC ADF,300,,,,FALSE,,,,1,12/31/2025,,,,,,,,,,,,,,,,,,,,,TRUE,,,,,,,,,,,,6,,,,14,,,,Segoe UI,,,,ols,,,,,,,,TRUE,,,,TRUE,,,,9,,,,10,,,,1,,,,,,,,4,,,,0.8,,,,,,,,,,,,,,,,,,,,,,,,,,,,,,,,,,,,,,,,vis_08_title,,,,vis_08_title,,,,vis_08_legend,,,,vis_08_legend,,,,vis_08_parameters,,,,vis_08_param,,,,vis_08_peak_projection_table,,,,vis_08_peak_projection_table,,,,vis_08__,,,,vis_08_image,,,,vis_08_projection_table,,,,vis_08_projection_table,,,,vis_08_peak_point,,,,vis_08_peak_point,,,,group1,,,,1,,,,pptx_template.vis_08.pptx,,,,1,,,,D,,,,#ff7f0e,,,,--,,,,2,,,,300,,,,6,,,,60,,,,5,,,,60,,,,,,,,TRUE,,,,TRUE,,,,TRUE,,,,1/1/2021,12,,,,10,,,,#d9d9d9,,,,16,,,,0.3,,,,bold,,,,13.33,,,,60,,,,#1f77b4,,,,-,,,,2,,,,5/1/2021,,,,cohort,,,,,,,,,FALSE,,,,0,Time,,,,0,,,,count,,,,1,,,,,,,,Facility Census,,,,fiscal
N,vis_08,vis_08,adf,adf.mmc,max_med_clos,"Max, Medium, Close Custody","(custody_class.isin(['CLOS', 'CLO','MAX','MED'])) ",adf,mmc,,,,,,,,,,,,,,,,,,,,,,,,,,,,,,,,,,,,,,,,,,,,,,,,,,,,,,,,,,,,,,,,,,,,,,,,,#d62728,,,,,,,,1,,,,week,,,,0.2,,,,,,,,#1f77b4,,,,--,,,,1.25,,,,TRUE,,,,#000000,,,,:,,,,1.5,,,,#000000,,,,--,,,,1.5,,,,0.85,,,,,,,,,,,,subtract,,,,,,,,LC ADF,300,,,,FALSE,,,,1,12/31/2025,,,,,,,,,,,,,,,,,,,,,TRUE,,,,,,,,,,,,6,,,,14,,,,Segoe UI,,,,ols,,,,,,,,TRUE,,,,TRUE,,,,9,,,,10,,,,1,,,,,,,,4,,,,0.8,,,,,,,,,,,,,,,,,,,,,,,,,,,,,,,,,,,,,,,,vis_08_title,,,,vis_08_title,,,,vis_08_legend,,,,vis_08_legend,,,,vis_08_parameters,,,,vis_08_param,,,,vis_08_peak_projection_table,,,,vis_08_peak_projection_table,,,,vis_08__,,,,vis_08_image,,,,vis_08_projection_table,,,,vis_08_projection_table,,,,vis_08_peak_point,,,,vis_08_peak_point,,,,group1,,,,1,,,,pptx_template.vis_08.pptx,,,,1,,,,D,,,,#ff7f0e,,,,--,,,,2,,,,300,,,,6,,,,60,,,,5,,,,60,,,,,,,,TRUE,,,,TRUE,,,,TRUE,,,,1/1/2021,12,,,,10,,,,#d9d9d9,,,,16,,,,0.3,,,,bold,,,,13.33,,,,60,,,,#1f77b4,,,,-,,,,2,,,,5/1/2021,,,,cohort,,,,,,,,,FALSE,,,,0,Time,,,,0,,,,count,,,,1,,,,,,,,Facility Census,,,,fiscal
N,vis_08,vis_08,adf,adf.mmc.55plus,max_med_clos.55plus,"Max, Medium, Close Custody 55+","(custody_class.isin(['CLOS', 'CLO','MAX','MED'])) & (age_bracket == 'adult 55+')",adf,mmc.55plus,,,,,,,,,,,,,,,,,,,,,,,,,,,,,,,,,,,,,,,,,,,,,,,,,,,,,,,,,,,,,,,,,,,,,,,,,#d62728,,,,,,,,1,,,,week,,,,0.2,,,,,,,,#1f77b4,,,,--,,,,1.25,,,,TRUE,,,,#000000,,,,:,,,,1.5,,,,#000000,,,,--,,,,1.5,,,,0.85,,,,,,,,,,,,subtract,,,,,,,,LC ADF,300,,,,FALSE,,,,1,12/31/2025,,,,,,,,,,,,,,,,,,,,,TRUE,,,,,,,,,,,,6,,,,14,,,,Segoe UI,,,,ols,,,,,,,,TRUE,,,,TRUE,,,,9,,,,10,,,,1,,,,,,,,4,,,,0.8,,,,,,,,,,,,,,,,,,,,,,,,,,,,,,,,,,,,,,,,vis_08_title,,,,vis_08_title,,,,vis_08_legend,,,,vis_08_legend,,,,vis_08_parameters,,,,vis_08_param,,,,vis_08_peak_projection_table,,,,vis_08_peak_projection_table,,,,vis_08__,,,,vis_08_image,,,,vis_08_projection_table,,,,vis_08_projection_table,,,,vis_08_peak_point,,,,vis_08_peak_point,,,,group1,,,,1,,,,pptx_template.vis_08.pptx,,,,1,,,,D,,,,#ff7f0e,,,,--,,,,2,,,,300,,,,6,,,,60,,,,5,,,,60,,,,,,,,TRUE,,,,TRUE,,,,TRUE,,,,1/1/2021,12,,,,10,,,,#d9d9d9,,,,16,,,,0.3,,,,bold,,,,13.33,,,,60,,,,#1f77b4,,,,-,,,,2,,,,5/1/2021,,,,cohort,,,,,,,,,FALSE,,,,0,Time,,,,0,,,,count,,,,1,,,,,,,,Facility Census,,,,fiscal
N,vis_08,vis_08,adf,adf.mmc.ch_high,max_med_clos.chronic_high,"Max, Medium, Close Custody Highly Severe Chronic Health Condition","(custody_class.isin(['CLOS', 'CLO','MAX','MED'])) & (chronic_status == 'HIGH')",adf,mmc.ch_high,,,,,,,,,,,,,,,,,,,,,,,,,,,,,,,,,,,,,,,,,,,,,,,,,,,,,,,,,,,,,,,,,,,,,,,,,#d62728,,,,,,,,1,,,,week,,,,0.2,,,,,,,,#1f77b4,,,,--,,,,1.25,,,,TRUE,,,,#000000,,,,:,,,,1.5,,,,#000000,,,,--,,,,1.5,,,,0.85,,,,,,,,,,,,subtract,,,,,,,,LC ADF,300,,,,FALSE,,,,1,12/31/2025,,,,,,,,,,,,,,,,,,,,,TRUE,,,,,,,,,,,,6,,,,14,,,,Segoe UI,,,,ols,,,,,,,,TRUE,,,,TRUE,,,,9,,,,10,,,,1,,,,,,,,4,,,,0.8,,,,,,,,,,,,,,,,,,,,,,,,,,,,,,,,,,,,,,,,vis_08_title,,,,vis_08_title,,,,vis_08_legend,,,,vis_08_legend,,,,vis_08_parameters,,,,vis_08_param,,,,vis_08_peak_projection_table,,,,vis_08_peak_projection_table,,,,vis_08__,,,,vis_08_image,,,,vis_08_projection_table,,,,vis_08_projection_table,,,,vis_08_peak_point,,,,vis_08_peak_point,,,,group1,,,,1,,,,pptx_template.vis_08.pptx,,,,1,,,,D,,,,#ff7f0e,,,,--,,,,2,,,,300,,,,6,,,,60,,,,5,,,,60,,,,,,,,TRUE,,,,TRUE,,,,TRUE,,,,1/1/2021,12,,,,10,,,,#d9d9d9,,,,16,,,,0.3,,,,bold,,,,13.33,,,,60,,,,#1f77b4,,,,-,,,,2,,,,5/1/2021,,,,cohort,,,,,,,,,FALSE,,,,0,Time,,,,0,,,,count,,,,1,,,,,,,,Facility Census,,,,fiscal
N,vis_08,vis_08,adf,adf.mmc.ch_low_mod_no,max_med_clos.chronic_low_moderate_no_chronic,"Max, Medium, Close Custody Low/Moderate/No Chronic Health Condition","(custody_class.isin(['CLOS', 'CLO','MAX','MED'])) & (chronic_status .isin(['LOW','MODERATE','NO CHRONIC CONDITION']))",adf,mmc.ch_low_mod_no,,,,,,,,,,,,,,,,,,,,,,,,,,,,,,,,,,,,,,,,,,,,,,,,,,,,,,,,,,,,,,,,,,,,,,,,,#d62728,,,,,,,,1,,,,week,,,,0.2,,,,,,,,#1f77b4,,,,--,,,,1.25,,,,TRUE,,,,#000000,,,,:,,,,1.5,,,,#000000,,,,--,,,,1.5,,,,0.85,,,,,,,,,,,,subtract,,,,,,,,LC ADF,300,,,,FALSE,,,,1,12/31/2025,,,,,,,,,,,,,,,,,,,,,TRUE,,,,,,,,,,,,6,,,,14,,,,Segoe UI,,,,ols,,,,,,,,TRUE,,,,TRUE,,,,9,,,,10,,,,1,,,,,,,,4,,,,0.8,,,,,,,,,,,,,,,,,,,,,,,,,,,,,,,,,,,,,,,,vis_08_title,,,,vis_08_title,,,,vis_08_legend,,,,vis_08_legend,,,,vis_08_parameters,,,,vis_08_param,,,,vis_08_peak_projection_table,,,,vis_08_peak_projection_table,,,,vis_08__,,,,vis_08_image,,,,vis_08_projection_table,,,,vis_08_projection_table,,,,vis_08_peak_point,,,,vis_08_peak_point,,,,group1,,,,1,,,,pptx_template.vis_08.pptx,,,,1,,,,D,,,,#ff7f0e,,,,--,,,,2,,,,300,,,,6,,,,60,,,,5,,,,60,,,,,,,,TRUE,,,,TRUE,,,,TRUE,,,,1/1/2021,12,,,,10,,,,#d9d9d9,,,,16,,,,0.3,,,,bold,,,,13.33,,,,60,,,,#1f77b4,,,,-,,,,2,,,,5/1/2021,,,,cohort,,,,,,,,,FALSE,,,,0,Time,,,,0,,,,count,,,,1,,,,,,,,Facility Census,,,,fiscal
N,vis_08,vis_08,adf,adf.mmc.f,max_med_clos.female,"Max, Medium, Close Custody Female","((sex == 'F') & (custody_class.isin(['CLOS', 'CLO','MAX','MED'])) ",adf,mmc.f,,,,,,,,,,,,,,,,,,,,,,,,,,,,,,,,,,,,,,,,,,,,,,,,,,,,,,,,,,,,,,,,,,,,,,,,,#d62728,,,,,,,,1,,,,week,,,,0.2,,,,,,,,#1f77b4,,,,--,,,,1.25,,,,TRUE,,,,#000000,,,,:,,,,1.5,,,,#000000,,,,--,,,,1.5,,,,0.85,,,,,,,,,,,,subtract,,,,,,,,LC ADF,300,,,,FALSE,,,,1,12/31/2025,,,,,,,,,,,,,,,,,,,,,TRUE,,,,,,,,,,,,6,,,,14,,,,Segoe UI,,,,ols,,,,,,,,TRUE,,,,TRUE,,,,9,,,,10,,,,1,,,,,,,,4,,,,0.8,,,,,,,,,,,,,,,,,,,,,,,,,,,,,,,,,,,,,,,,vis_08_title,,,,vis_08_title,,,,vis_08_legend,,,,vis_08_legend,,,,vis_08_parameters,,,,vis_08_param,,,,vis_08_peak_projection_table,,,,vis_08_peak_projection_table,,,,vis_08__,,,,vis_08_image,,,,vis_08_projection_table,,,,vis_08_projection_table,,,,vis_08_peak_point,,,,vis_08_peak_point,,,,group1,,,,1,,,,pptx_template.vis_08.pptx,,,,1,,,,D,,,,#ff7f0e,,,,--,,,,2,,,,300,,,,6,,,,60,,,,5,,,,60,,,,,,,,TRUE,,,,TRUE,,,,TRUE,,,,1/1/2021,12,,,,10,,,,#d9d9d9,,,,16,,,,0.3,,,,bold,,,,13.33,,,,60,,,,#1f77b4,,,,-,,,,2,,,,5/1/2021,,,,cohort,,,,,,,,,FALSE,,,,0,Time,,,,0,,,,count,,,,1,,,,,,,,Facility Census,,,,fiscal
N,vis_08,vis_08,adf,adf.mmc.f.55plus,max_med_clos.female.55plus,"Max, Medium, Close Custody Female 55+","((sex == 'F') & (custody_class.isin(['CLOS', 'CLO','MAX','MED'])) & (age_bracket == 'adult 55+')",adf,mmc.f.55plus,,,,,,,,,,,,,,,,,,,,,,,,,,,,,,,,,,,,,,,,,,,,,,,,,,,,,,,,,,,,,,,,,,,,,,,,,#d62728,,,,,,,,1,,,,week,,,,0.2,,,,,,,,#1f77b4,,,,--,,,,1.25,,,,TRUE,,,,#000000,,,,:,,,,1.5,,,,#000000,,,,--,,,,1.5,,,,0.85,,,,,,,,,,,,subtract,,,,,,,,LC ADF,300,,,,FALSE,,,,1,12/31/2025,,,,,,,,,,,,,,,,,,,,,TRUE,,,,,,,,,,,,6,,,,14,,,,Segoe UI,,,,ols,,,,,,,,TRUE,,,,TRUE,,,,9,,,,10,,,,1,,,,,,,,4,,,,0.8,,,,,,,,,,,,,,,,,,,,,,,,,,,,,,,,,,,,,,,,vis_08_title,,,,vis_08_title,,,,vis_08_legend,,,,vis_08_legend,,,,vis_08_parameters,,,,vis_08_param,,,,vis_08_peak_projection_table,,,,vis_08_peak_projection_table,,,,vis_08__,,,,vis_08_image,,,,vis_08_projection_table,,,,vis_08_projection_table,,,,vis_08_peak_point,,,,vis_08_peak_point,,,,group1,,,,1,,,,pptx_template.vis_08.pptx,,,,1,,,,D,,,,#ff7f0e,,,,--,,,,2,,,,300,,,,6,,,,60,,,,5,,,,60,,,,,,,,TRUE,,,,TRUE,,,,TRUE,,,,1/1/2021,12,,,,10,,,,#d9d9d9,,,,16,,,,0.3,,,,bold,,,,13.33,,,,60,,,,#1f77b4,,,,-,,,,2,,,,5/1/2021,,,,cohort,,,,,,,,,FALSE,,,,0,Time,,,,0,,,,count,,,,1,,,,,,,,Facility Census,,,,fiscal
N,vis_08,vis_08,adf,adf.mmc.f.ch_high,max_med_clos.female.chronic_high,"Max, Medium, Close Custody Female Highly Severe Chronic Health Condition","((sex == 'F') & (custody_class.isin(['CLOS', 'CLO','MAX','MED'])) & (chronic_status == 'HIGH')",adf,mmc.f.ch_high,,,,,,,,,,,,,,,,,,,,,,,,,,,,,,,,,,,,,,,,,,,,,,,,,,,,,,,,,,,,,,,,,,,,,,,,,#d62728,,,,,,,,1,,,,week,,,,0.2,,,,,,,,#1f77b4,,,,--,,,,1.25,,,,TRUE,,,,#000000,,,,:,,,,1.5,,,,#000000,,,,--,,,,1.5,,,,0.85,,,,,,,,,,,,subtract,,,,,,,,LC ADF,300,,,,FALSE,,,,1,12/31/2025,,,,,,,,,,,,,,,,,,,,,TRUE,,,,,,,,,,,,6,,,,14,,,,Segoe UI,,,,ols,,,,,,,,TRUE,,,,TRUE,,,,9,,,,10,,,,1,,,,,,,,4,,,,0.8,,,,,,,,,,,,,,,,,,,,,,,,,,,,,,,,,,,,,,,,vis_08_title,,,,vis_08_title,,,,vis_08_legend,,,,vis_08_legend,,,,vis_08_parameters,,,,vis_08_param,,,,vis_08_peak_projection_table,,,,vis_08_peak_projection_table,,,,vis_08__,,,,vis_08_image,,,,vis_08_projection_table,,,,vis_08_projection_table,,,,vis_08_peak_point,,,,vis_08_peak_point,,,,group1,,,,1,,,,pptx_template.vis_08.pptx,,,,1,,,,D,,,,#ff7f0e,,,,--,,,,2,,,,300,,,,6,,,,60,,,,5,,,,60,,,,,,,,TRUE,,,,TRUE,,,,TRUE,,,,1/1/2021,12,,,,10,,,,#d9d9d9,,,,16,,,,0.3,,,,bold,,,,13.33,,,,60,,,,#1f77b4,,,,-,,,,2,,,,5/1/2021,,,,cohort,,,,,,,,,FALSE,,,,0,Time,,,,0,,,,count,,,,1,,,,,,,,Facility Census,,,,fiscal
N,vis_08,vis_08,adf,adf.mmc.f.ch_low_mod_no,max_med_clos.female.chronic_low_moderate_no_chronic,"Max, Medium, Close Custody Female Low/Moderate/No Chronic Health Condition","((sex == 'F') & (custody_class.isin(['CLOS', 'CLO','MAX','MED'])) & (chronic_status .isin(['LOW','MODERATE','NO CHRONIC CONDITION']))",adf,mmc.f.ch_low_mod_no,,,,,,,,,,,,,,,,,,,,,,,,,,,,,,,,,,,,,,,,,,,,,,,,,,,,,,,,,,,,,,,,,,,,,,,,,#d62728,,,,,,,,1,,,,week,,,,0.2,,,,,,,,#1f77b4,,,,--,,,,1.25,,,,TRUE,,,,#000000,,,,:,,,,1.5,,,,#000000,,,,--,,,,1.5,,,,0.85,,,,,,,,,,,,subtract,,,,,,,,LC ADF,300,,,,FALSE,,,,1,12/31/2025,,,,,,,,,,,,,,,,,,,,,TRUE,,,,,,,,,,,,6,,,,14,,,,Segoe UI,,,,ols,,,,,,,,TRUE,,,,TRUE,,,,9,,,,10,,,,1,,,,,,,,4,,,,0.8,,,,,,,,,,,,,,,,,,,,,,,,,,,,,,,,,,,,,,,,vis_08_title,,,,vis_08_title,,,,vis_08_legend,,,,vis_08_legend,,,,vis_08_parameters,,,,vis_08_param,,,,vis_08_peak_projection_table,,,,vis_08_peak_projection_table,,,,vis_08__,,,,vis_08_image,,,,vis_08_projection_table,,,,vis_08_projection_table,,,,vis_08_peak_point,,,,vis_08_peak_point,,,,group1,,,,1,,,,pptx_template.vis_08.pptx,,,,1,,,,D,,,,#ff7f0e,,,,--,,,,2,,,,300,,,,6,,,,60,,,,5,,,,60,,,,,,,,TRUE,,,,TRUE,,,,TRUE,,,,1/1/2021,12,,,,10,,,,#d9d9d9,,,,16,,,,0.3,,,,bold,,,,13.33,,,,60,,,,#1f77b4,,,,-,,,,2,,,,5/1/2021,,,,cohort,,,,,,,,,FALSE,,,,0,Time,,,,0,,,,count,,,,1,,,,,,,,Facility Census,,,,fiscal
N,vis_08,vis_08,adf,adf.mmc.f.u55,max_med_clos.female.u55,"Max, Medium, Close Custody Female Under 55","((sex == 'F') & (custody_class.isin(['CLOS', 'CLO','MAX','MED'])) & (age_bracket == 'adult under 55')",adf,mmc.f.u55,,,,,,,,,,,,,,,,,,,,,,,,,,,,,,,,,,,,,,,,,,,,,,,,,,,,,,,,,,,,,,,,,,,,,,,,,#d62728,,,,,,,,1,,,,week,,,,0.2,,,,,,,,#1f77b4,,,,--,,,,1.25,,,,TRUE,,,,#000000,,,,:,,,,1.5,,,,#000000,,,,--,,,,1.5,,,,0.85,,,,,,,,,,,,subtract,,,,,,,,LC ADF,300,,,,FALSE,,,,1,12/31/2025,,,,,,,,,,,,,,,,,,,,,TRUE,,,,,,,,,,,,6,,,,14,,,,Segoe UI,,,,ols,,,,,,,,TRUE,,,,TRUE,,,,9,,,,10,,,,1,,,,,,,,4,,,,0.8,,,,,,,,,,,,,,,,,,,,,,,,,,,,,,,,,,,,,,,,vis_08_title,,,,vis_08_title,,,,vis_08_legend,,,,vis_08_legend,,,,vis_08_parameters,,,,vis_08_param,,,,vis_08_peak_projection_table,,,,vis_08_peak_projection_table,,,,vis_08__,,,,vis_08_image,,,,vis_08_projection_table,,,,vis_08_projection_table,,,,vis_08_peak_point,,,,vis_08_peak_point,,,,group1,,,,1,,,,pptx_template.vis_08.pptx,,,,1,,,,D,,,,#ff7f0e,,,,--,,,,2,,,,300,,,,6,,,,60,,,,5,,,,60,,,,,,,,TRUE,,,,TRUE,,,,TRUE,,,,1/1/2021,12,,,,10,,,,#d9d9d9,,,,16,,,,0.3,,,,bold,,,,13.33,,,,60,,,,#1f77b4,,,,-,,,,2,,,,5/1/2021,,,,cohort,,,,,,,,,FALSE,,,,0,Time,,,,0,,,,count,,,,1,,,,,,,,Facility Census,,,,fiscal
N,vis_08,vis_08,adf,adf.mmc.m,max_med_clos.male,"Max, Medium, Close Custody Male","((sex == 'M') & (custody_class.isin(['CLOS', 'CLO','MAX','MED'])) ",adf,mmc.m,,,,,,,,,,,,,,,,,,,,,,,,,,,,,,,,,,,,,,,,,,,,,,,,,,,,,,,,,,,,,,,,,,,,,,,,,#d62728,,,,,,,,1,,,,week,,,,0.2,,,,,,,,#1f77b4,,,,--,,,,1.25,,,,TRUE,,,,#000000,,,,:,,,,1.5,,,,#000000,,,,--,,,,1.5,,,,0.85,,,,,,,,,,,,subtract,,,,,,,,LC ADF,300,,,,FALSE,,,,1,12/31/2025,,,,,,,,,,,,,,,,,,,,,TRUE,,,,,,,,,,,,6,,,,14,,,,Segoe UI,,,,ols,,,,,,,,TRUE,,,,TRUE,,,,9,,,,10,,,,1,,,,,,,,4,,,,0.8,,,,,,,,,,,,,,,,,,,,,,,,,,,,,,,,,,,,,,,,vis_08_title,,,,vis_08_title,,,,vis_08_legend,,,,vis_08_legend,,,,vis_08_parameters,,,,vis_08_param,,,,vis_08_peak_projection_table,,,,vis_08_peak_projection_table,,,,vis_08__,,,,vis_08_image,,,,vis_08_projection_table,,,,vis_08_projection_table,,,,vis_08_peak_point,,,,vis_08_peak_point,,,,group1,,,,1,,,,pptx_template.vis_08.pptx,,,,1,,,,D,,,,#ff7f0e,,,,--,,,,2,,,,300,,,,6,,,,60,,,,5,,,,60,,,,,,,,TRUE,,,,TRUE,,,,TRUE,,,,1/1/2021,12,,,,10,,,,#d9d9d9,,,,16,,,,0.3,,,,bold,,,,13.33,,,,60,,,,#1f77b4,,,,-,,,,2,,,,5/1/2021,,,,cohort,,,,,,,,,FALSE,,,,0,Time,,,,0,,,,count,,,,1,,,,,,,,Facility Census,,,,fiscal
N,vis_08,vis_08,adf,adf.mmc.m.55plus,max_med_clos.male.55plus,"Max, Medium, Close Custody Male 55+","((sex == 'M') & (custody_class.isin(['CLOS', 'CLO','MAX','MED'])) & (age_bracket == 'adult 55+')",adf,mmc.m.55plus,,,,,,,,,,,,,,,,,,,,,,,,,,,,,,,,,,,,,,,,,,,,,,,,,,,,,,,,,,,,,,,,,,,,,,,,,#d62728,,,,,,,,1,,,,week,,,,0.2,,,,,,,,#1f77b4,,,,--,,,,1.25,,,,TRUE,,,,#000000,,,,:,,,,1.5,,,,#000000,,,,--,,,,1.5,,,,0.85,,,,,,,,,,,,subtract,,,,,,,,LC ADF,300,,,,FALSE,,,,1,12/31/2025,,,,,,,,,,,,,,,,,,,,,TRUE,,,,,,,,,,,,6,,,,14,,,,Segoe UI,,,,ols,,,,,,,,TRUE,,,,TRUE,,,,9,,,,10,,,,1,,,,,,,,4,,,,0.8,,,,,,,,,,,,,,,,,,,,,,,,,,,,,,,,,,,,,,,,vis_08_title,,,,vis_08_title,,,,vis_08_legend,,,,vis_08_legend,,,,vis_08_parameters,,,,vis_08_param,,,,vis_08_peak_projection_table,,,,vis_08_peak_projection_table,,,,vis_08__,,,,vis_08_image,,,,vis_08_projection_table,,,,vis_08_projection_table,,,,vis_08_peak_point,,,,vis_08_peak_point,,,,group1,,,,1,,,,pptx_template.vis_08.pptx,,,,1,,,,D,,,,#ff7f0e,,,,--,,,,2,,,,300,,,,6,,,,60,,,,5,,,,60,,,,,,,,TRUE,,,,TRUE,,,,TRUE,,,,1/1/2021,12,,,,10,,,,#d9d9d9,,,,16,,,,0.3,,,,bold,,,,13.33,,,,60,,,,#1f77b4,,,,-,,,,2,,,,5/1/2021,,,,cohort,,,,,,,,,FALSE,,,,0,Time,,,,0,,,,count,,,,1,,,,,,,,Facility Census,,,,fiscal
N,vis_08,vis_08,adf,adf.mmc.m.ch_high,max_med_clos.male.chronic_high,"Max, Medium, Close Custody Male Highly Severe Chronic Health Condition","((sex == 'M') & (custody_class.isin(['CLOS', 'CLO','MAX','MED'])) & (chronic_status == 'HIGH')",adf,mmc.m.ch_high,,,,,,,,,,,,,,,,,,,,,,,,,,,,,,,,,,,,,,,,,,,,,,,,,,,,,,,,,,,,,,,,,,,,,,,,,#d62728,,,,,,,,1,,,,week,,,,0.2,,,,,,,,#1f77b4,,,,--,,,,1.25,,,,TRUE,,,,#000000,,,,:,,,,1.5,,,,#000000,,,,--,,,,1.5,,,,0.85,,,,,,,,,,,,subtract,,,,,,,,LC ADF,300,,,,FALSE,,,,1,12/31/2025,,,,,,,,,,,,,,,,,,,,,TRUE,,,,,,,,,,,,6,,,,14,,,,Segoe UI,,,,ols,,,,,,,,TRUE,,,,TRUE,,,,9,,,,10,,,,1,,,,,,,,4,,,,0.8,,,,,,,,,,,,,,,,,,,,,,,,,,,,,,,,,,,,,,,,vis_08_title,,,,vis_08_title,,,,vis_08_legend,,,,vis_08_legend,,,,vis_08_parameters,,,,vis_08_param,,,,vis_08_peak_projection_table,,,,vis_08_peak_projection_table,,,,vis_08__,,,,vis_08_image,,,,vis_08_projection_table,,,,vis_08_projection_table,,,,vis_08_peak_point,,,,vis_08_peak_point,,,,group1,,,,1,,,,pptx_template.vis_08.pptx,,,,1,,,,D,,,,#ff7f0e,,,,--,,,,2,,,,300,,,,6,,,,60,,,,5,,,,60,,,,,,,,TRUE,,,,TRUE,,,,TRUE,,,,1/1/2021,12,,,,10,,,,#d9d9d9,,,,16,,,,0.3,,,,bold,,,,13.33,,,,60,,,,#1f77b4,,,,-,,,,2,,,,5/1/2021,,,,cohort,,,,,,,,,FALSE,,,,0,Time,,,,0,,,,count,,,,1,,,,,,,,Facility Census,,,,fiscal
N,vis_08,vis_08,adf,adf.mmc.m.ch_low_mod_no,max_med_clos.male.chronic_low_moderate_no_chronic,"Max, Medium, Close Custody Male Low/Moderate/No Chronic Health Condition","((sex == 'M') & (custody_class.isin(['CLOS', 'CLO','MAX','MED'])) & (chronic_status .isin(['LOW','MODERATE','NO CHRONIC CONDITION']))",adf,mmc.m.ch_low_mod_no,,,,,,,,,,,,,,,,,,,,,,,,,,,,,,,,,,,,,,,,,,,,,,,,,,,,,,,,,,,,,,,,,,,,,,,,,#d62728,,,,,,,,1,,,,week,,,,0.2,,,,,,,,#1f77b4,,,,--,,,,1.25,,,,TRUE,,,,#000000,,,,:,,,,1.5,,,,#000000,,,,--,,,,1.5,,,,0.85,,,,,,,,,,,,subtract,,,,,,,,LC ADF,300,,,,FALSE,,,,1,12/31/2025,,,,,,,,,,,,,,,,,,,,,TRUE,,,,,,,,,,,,6,,,,14,,,,Segoe UI,,,,ols,,,,,,,,TRUE,,,,TRUE,,,,9,,,,10,,,,1,,,,,,,,4,,,,0.8,,,,,,,,,,,,,,,,,,,,,,,,,,,,,,,,,,,,,,,,vis_08_title,,,,vis_08_title,,,,vis_08_legend,,,,vis_08_legend,,,,vis_08_parameters,,,,vis_08_param,,,,vis_08_peak_projection_table,,,,vis_08_peak_projection_table,,,,vis_08__,,,,vis_08_image,,,,vis_08_projection_table,,,,vis_08_projection_table,,,,vis_08_peak_point,,,,vis_08_peak_point,,,,group1,,,,1,,,,pptx_template.vis_08.pptx,,,,1,,,,D,,,,#ff7f0e,,,,--,,,,2,,,,300,,,,6,,,,60,,,,5,,,,60,,,,,,,,TRUE,,,,TRUE,,,,TRUE,,,,1/1/2021,12,,,,10,,,,#d9d9d9,,,,16,,,,0.3,,,,bold,,,,13.33,,,,60,,,,#1f77b4,,,,-,,,,2,,,,5/1/2021,,,,cohort,,,,,,,,,FALSE,,,,0,Time,,,,0,,,,count,,,,1,,,,,,,,Facility Census,,,,fiscal
N,vis_08,vis_08,adf,adf.mmc.m.u55,max_med_clos.male.u55,"Max, Medium, Close Custody Male Under 55","((sex == 'M') & (custody_class.isin(['CLOS', 'CLO','MAX','MED'])) & (age_bracket == 'adult under 55')",adf,mmc.m.u55,,,,,,,,,,,,,,,,,,,,,,,,,,,,,,,,,,,,,,,,,,,,,,,,,,,,,,,,,,,,,,,,,,,,,,,,,#d62728,,,,,,,,1,,,,week,,,,0.2,,,,,,,,#1f77b4,,,,--,,,,1.25,,,,TRUE,,,,#000000,,,,:,,,,1.5,,,,#000000,,,,--,,,,1.5,,,,0.85,,,,,,,,,,,,subtract,,,,,,,,LC ADF,300,,,,FALSE,,,,1,12/31/2025,,,,,,,,,,,,,,,,,,,,,TRUE,,,,,,,,,,,,6,,,,14,,,,Segoe UI,,,,ols,,,,,,,,TRUE,,,,TRUE,,,,9,,,,10,,,,1,,,,,,,,4,,,,0.8,,,,,,,,,,,,,,,,,,,,,,,,,,,,,,,,,,,,,,,,vis_08_title,,,,vis_08_title,,,,vis_08_legend,,,,vis_08_legend,,,,vis_08_parameters,,,,vis_08_param,,,,vis_08_peak_projection_table,,,,vis_08_peak_projection_table,,,,vis_08__,,,,vis_08_image,,,,vis_08_projection_table,,,,vis_08_projection_table,,,,vis_08_peak_point,,,,vis_08_peak_point,,,,group1,,,,1,,,,pptx_template.vis_08.pptx,,,,1,,,,D,,,,#ff7f0e,,,,--,,,,2,,,,300,,,,6,,,,60,,,,5,,,,60,,,,,,,,TRUE,,,,TRUE,,,,TRUE,,,,1/1/2021,12,,,,10,,,,#d9d9d9,,,,16,,,,0.3,,,,bold,,,,13.33,,,,60,,,,#1f77b4,,,,-,,,,2,,,,5/1/2021,,,,cohort,,,,,,,,,FALSE,,,,0,Time,,,,0,,,,count,,,,1,,,,,,,,Facility Census,,,,fiscal
N,vis_08,vis_08,adf,adf.mmc.u55,max_med_clos.u55,"Max, Medium, Close Custody Under 55","((sex == 'M') & (custody_class.isin(['CLOS', 'CLO','MAX','MED'])) & (age_bracket == 'adult under 55')",adf,mmc.u55,,,,,,,,,,,,,,,,,,,,,,,,,,,,,,,,,,,,,,,,,,,,,,,,,,,,,,,,,,,,,,,,,,,,,,,,,#d62728,,,,,,,,1,,,,week,,,,0.2,,,,,,,,#1f77b4,,,,--,,,,1.25,,,,TRUE,,,,#000000,,,,:,,,,1.5,,,,#000000,,,,--,,,,1.5,,,,0.85,,,,,,,,,,,,subtract,,,,,,,,LC ADF,300,,,,FALSE,,,,1,12/31/2025,,,,,,,,,,,,,,,,,,,,,TRUE,,,,,,,,,,,,6,,,,14,,,,Segoe UI,,,,ols,,,,,,,,TRUE,,,,TRUE,,,,9,,,,10,,,,1,,,,,,,,4,,,,0.8,,,,,,,,,,,,,,,,,,,,,,,,,,,,,,,,,,,,,,,,vis_08_title,,,,vis_08_title,,,,vis_08_legend,,,,vis_08_legend,,,,vis_08_parameters,,,,vis_08_param,,,,vis_08_peak_projection_table,,,,vis_08_peak_projection_table,,,,vis_08__,,,,vis_08_image,,,,vis_08_projection_table,,,,vis_08_projection_table,,,,vis_08_peak_point,,,,vis_08_peak_point,,,,group1,,,,1,,,,pptx_template.vis_08.pptx,,,,1,,,,D,,,,#ff7f0e,,,,--,,,,2,,,,300,,,,6,,,,60,,,,5,,,,60,,,,,,,,TRUE,,,,TRUE,,,,TRUE,,,,1/1/2021,12,,,,10,,,,#d9d9d9,,,,16,,,,0.3,,,,bold,,,,13.33,,,,60,,,,#1f77b4,,,,-,,,,2,,,,5/1/2021,,,,cohort,,,,,,,,,FALSE,,,,0,Time,,,,0,,,,count,,,,1,,,,,,,,Facility Census,,,,fiscal
N,vis_10,vis_10,adf,adf.ad_c,admitted_classified,Admitted Classified,(custody_class.notna() & (custody_class.str.strip() != '')),adf,ad_c,,,,,,,,,,,,,,,,,,,,,,,,,,,,,,,,,,,,,,,,,,,,,,,,,,,,,,,,,,,,,,,,,,,,,,,,,,,,,week,Aggregation level (hour/day_of_week/month/week),0,,,,,,,,,,,,,,30,,,,#2ca02c,,,,--,,,,1.25,,,,TRUE,,,,,,,,,,,,,,,,,,,,,,,,,,,,,,,,,,,,,,,,,,,,,,,,LC ADF,300,Image resolution,0,,,,,,1,12/31/2025,1,ESI 1 volume multiplier,0,percent0,1,ESI 2 volume multiplier,0,percent0,1,ESI 3 volume multiplier,0,percent0,1,ESI 4 volume multiplier,0,percent0,1,ESI 5 volume multiplier,0,percent0,,,,,6,Figure height,0,,10,Figure width,0,,,,,,,,,,Segoe UI,Global font family,0,,,,,,0,Display start value for graph,0,hour12,TRUE,,,,,,,,,,,,10,Legend font size,0,,3,Legend height,0,,2,Legend columns,0,,4,Legend width,0,,,,,,#A7AAAD,Off-peak bars,0,,#6F994E,P70 line,0,,#F2B701,P80 line,0,,#F28E2B,P90 line,0,,#3E839E,Peak bars,0,,#0B4F79,Peak census line,0,,12,Length of peak period,0,integer,auto,Peak period parameter mode,0,,6,Start for peak period,0,integer,vis_10_title,,,,vis_10_title,,,,vis_10_legend,,,,vis_10_legend,,,,vis_10_parameters,,,,vis_10_param,,,,_room_need_,,,,vis_10_tbl01,,,,vis_10__,,,,vis_10_image,,,,,,,,,,,,,,,,,,,,group3,,,,3,,,,pptx_template.vis_10.test.pptx,,,,8,,,,,,,,,,,,,,,,,,,,,,,,,,,,,,,,,,,,,,,,#D40062,Room need line,0,,,,,,,,,,,,,,1/1/2021,12,Subtitle font size,0,,8,Axis tick label size,0,,#d9d9d9,Background color,0,,16,Title font size,0,,0.3,Title image height,0,,bold,Title font weight,0,,13.33,Title image width,0,,,,,,,,,,,,,,,,,,,,,,cohort,0.85,Capacity Utilization Factor,1,percent0,0,Growth adjustment factor,0,percent0,,,,,1,,,,,0,Axis decimal places,0,,raw,raw count percent formatting mode,0,,1,Axis multiplier,0,,,Axis suffix,0,,,,,,fiscal
N,vis_10,vis_10,adf,adf.ad_c.55plus,admitted_classified.55plus,Admitted Classified 55+,((custody_class.notna() & (custody_class.str.strip() != ''))) & (age_bracket == 'adult 55+'),adf,ad_c.55plus,,,,,,,,,,,,,,,,,,,,,,,,,,,,,,,,,,,,,,,,,,,,,,,,,,,,,,,,,,,,,,,,,,,,,,,,,,,,,week,Aggregation level (hour/day_of_week/month/week),0,,,,,,,,,,,,,,30,,,,#2ca02c,,,,--,,,,1.25,,,,TRUE,,,,,,,,,,,,,,,,,,,,,,,,,,,,,,,,,,,,,,,,,,,,,,,,LC ADF,300,Image resolution,0,,,,,,1,12/31/2025,1,ESI 1 volume multiplier,0,percent0,1,ESI 2 volume multiplier,0,percent0,1,ESI 3 volume multiplier,0,percent0,1,ESI 4 volume multiplier,0,percent0,1,ESI 5 volume multiplier,0,percent0,,,,,6,Figure height,0,,10,Figure width,0,,,,,,,,,,Segoe UI,Global font family,0,,,,,,0,Display start value for graph,0,hour12,TRUE,,,,,,,,,,,,10,Legend font size,0,,3,Legend height,0,,2,Legend columns,0,,4,Legend width,0,,,,,,#A7AAAD,Off-peak bars,0,,#6F994E,P70 line,0,,#F2B701,P80 line,0,,#F28E2B,P90 line,0,,#3E839E,Peak bars,0,,#0B4F79,Peak census line,0,,12,Length of peak period,0,integer,auto,Peak period parameter mode,0,,6,Start for peak period,0,integer,vis_10_title,,,,vis_10_title,,,,vis_10_legend,,,,vis_10_legend,,,,vis_10_parameters,,,,vis_10_param,,,,_room_need_,,,,vis_10_tbl01,,,,vis_10__,,,,vis_10_image,,,,,,,,,,,,,,,,,,,,group3,,,,3,,,,pptx_template.vis_10.test.pptx,,,,8,,,,,,,,,,,,,,,,,,,,,,,,,,,,,,,,,,,,,,,,#D40062,Room need line,0,,,,,,,,,,,,,,1/1/2021,12,Subtitle font size,0,,8,Axis tick label size,0,,#d9d9d9,Background color,0,,16,Title font size,0,,0.3,Title image height,0,,bold,Title font weight,0,,13.33,Title image width,0,,,,,,,,,,,,,,,,,,,,,,cohort,0.85,Capacity Utilization Factor,1,percent0,0,Growth adjustment factor,0,percent0,,,,,1,,,,,0,Axis decimal places,0,,raw,raw count percent formatting mode,0,,1,Axis multiplier,0,,,Axis suffix,0,,,,,,fiscal
N,vis_10,vis_10,adf,adf.ad_c.ch_high,admitted_classified.chronic_high,Admitted Classified Highly Severe Chronic Health Condition,((custody_class.notna() & (custody_class.str.strip() != ''))) & (chronic_status == 'HIGH'),adf,ad_c.ch_high,,,,,,,,,,,,,,,,,,,,,,,,,,,,,,,,,,,,,,,,,,,,,,,,,,,,,,,,,,,,,,,,,,,,,,,,,,,,,week,Aggregation level (hour/day_of_week/month/week),0,,,,,,,,,,,,,,30,,,,#2ca02c,,,,--,,,,1.25,,,,TRUE,,,,,,,,,,,,,,,,,,,,,,,,,,,,,,,,,,,,,,,,,,,,,,,,LC ADF,300,Image resolution,0,,,,,,1,12/31/2025,1,ESI 1 volume multiplier,0,percent0,1,ESI 2 volume multiplier,0,percent0,1,ESI 3 volume multiplier,0,percent0,1,ESI 4 volume multiplier,0,percent0,1,ESI 5 volume multiplier,0,percent0,,,,,6,Figure height,0,,10,Figure width,0,,,,,,,,,,Segoe UI,Global font family,0,,,,,,0,Display start value for graph,0,hour12,TRUE,,,,,,,,,,,,10,Legend font size,0,,3,Legend height,0,,2,Legend columns,0,,4,Legend width,0,,,,,,#A7AAAD,Off-peak bars,0,,#6F994E,P70 line,0,,#F2B701,P80 line,0,,#F28E2B,P90 line,0,,#3E839E,Peak bars,0,,#0B4F79,Peak census line,0,,12,Length of peak period,0,integer,auto,Peak period parameter mode,0,,6,Start for peak period,0,integer,vis_10_title,,,,vis_10_title,,,,vis_10_legend,,,,vis_10_legend,,,,vis_10_parameters,,,,vis_10_param,,,,_room_need_,,,,vis_10_tbl01,,,,vis_10__,,,,vis_10_image,,,,,,,,,,,,,,,,,,,,group3,,,,3,,,,pptx_template.vis_10.test.pptx,,,,8,,,,,,,,,,,,,,,,,,,,,,,,,,,,,,,,,,,,,,,,#D40062,Room need line,0,,,,,,,,,,,,,,1/1/2021,12,Subtitle font size,0,,8,Axis tick label size,0,,#d9d9d9,Background color,0,,16,Title font size,0,,0.3,Title image height,0,,bold,Title font weight,0,,13.33,Title image width,0,,,,,,,,,,,,,,,,,,,,,,cohort,0.85,Capacity Utilization Factor,1,percent0,0,Growth adjustment factor,0,percent0,,,,,1,,,,,0,Axis decimal places,0,,raw,raw count percent formatting mode,0,,1,Axis multiplier,0,,,Axis suffix,0,,,,,,fiscal
N,vis_10,vis_10,adf,adf.ad_c.ch_low_mod_no,admitted_classified.chronic_low_moderate_no_chronic,Admitted Classified Low/Moderate/No Chronic Health Condition,"((custody_class.notna() & (custody_class.str.strip() != ''))) & (chronic_status .isin(['LOW','MODERATE','NO CHRONIC CONDITION']))",adf,ad_c.ch_low_mod_no,,,,,,,,,,,,,,,,,,,,,,,,,,,,,,,,,,,,,,,,,,,,,,,,,,,,,,,,,,,,,,,,,,,,,,,,,,,,,week,Aggregation level (hour/day_of_week/month/week),0,,,,,,,,,,,,,,30,,,,#2ca02c,,,,--,,,,1.25,,,,TRUE,,,,,,,,,,,,,,,,,,,,,,,,,,,,,,,,,,,,,,,,,,,,,,,,LC ADF,300,Image resolution,0,,,,,,1,12/31/2025,1,ESI 1 volume multiplier,0,percent0,1,ESI 2 volume multiplier,0,percent0,1,ESI 3 volume multiplier,0,percent0,1,ESI 4 volume multiplier,0,percent0,1,ESI 5 volume multiplier,0,percent0,,,,,6,Figure height,0,,10,Figure width,0,,,,,,,,,,Segoe UI,Global font family,0,,,,,,0,Display start value for graph,0,hour12,TRUE,,,,,,,,,,,,10,Legend font size,0,,3,Legend height,0,,2,Legend columns,0,,4,Legend width,0,,,,,,#A7AAAD,Off-peak bars,0,,#6F994E,P70 line,0,,#F2B701,P80 line,0,,#F28E2B,P90 line,0,,#3E839E,Peak bars,0,,#0B4F79,Peak census line,0,,12,Length of peak period,0,integer,auto,Peak period parameter mode,0,,6,Start for peak period,0,integer,vis_10_title,,,,vis_10_title,,,,vis_10_legend,,,,vis_10_legend,,,,vis_10_parameters,,,,vis_10_param,,,,_room_need_,,,,vis_10_tbl01,,,,vis_10__,,,,vis_10_image,,,,,,,,,,,,,,,,,,,,group3,,,,3,,,,pptx_template.vis_10.test.pptx,,,,8,,,,,,,,,,,,,,,,,,,,,,,,,,,,,,,,,,,,,,,,#D40062,Room need line,0,,,,,,,,,,,,,,1/1/2021,12,Subtitle font size,0,,8,Axis tick label size,0,,#d9d9d9,Background color,0,,16,Title font size,0,,0.3,Title image height,0,,bold,Title font weight,0,,13.33,Title image width,0,,,,,,,,,,,,,,,,,,,,,,cohort,0.85,Capacity Utilization Factor,1,percent0,0,Growth adjustment factor,0,percent0,,,,,1,,,,,0,Axis decimal places,0,,raw,raw count percent formatting mode,0,,1,Axis multiplier,0,,,Axis suffix,0,,,,,,fiscal
N,vis_10,vis_10,adf,adf.ad_c.f,admitted_classified.female,Admitted Classified Female,((custody_class.notna() & (custody_class.str.strip() != ''))) & (sex == 'F'),adf,ad_c.f,,,,,,,,,,,,,,,,,,,,,,,,,,,,,,,,,,,,,,,,,,,,,,,,,,,,,,,,,,,,,,,,,,,,,,,,,,,,,week,Aggregation level (hour/day_of_week/month/week),0,,,,,,,,,,,,,,30,,,,#2ca02c,,,,--,,,,1.25,,,,TRUE,,,,,,,,,,,,,,,,,,,,,,,,,,,,,,,,,,,,,,,,,,,,,,,,LC ADF,300,Image resolution,0,,,,,,1,12/31/2025,1,ESI 1 volume multiplier,0,percent0,1,ESI 2 volume multiplier,0,percent0,1,ESI 3 volume multiplier,0,percent0,1,ESI 4 volume multiplier,0,percent0,1,ESI 5 volume multiplier,0,percent0,,,,,6,Figure height,0,,10,Figure width,0,,,,,,,,,,Segoe UI,Global font family,0,,,,,,0,Display start value for graph,0,hour12,TRUE,,,,,,,,,,,,10,Legend font size,0,,3,Legend height,0,,2,Legend columns,0,,4,Legend width,0,,,,,,#A7AAAD,Off-peak bars,0,,#6F994E,P70 line,0,,#F2B701,P80 line,0,,#F28E2B,P90 line,0,,#3E839E,Peak bars,0,,#0B4F79,Peak census line,0,,12,Length of peak period,0,integer,auto,Peak period parameter mode,0,,6,Start for peak period,0,integer,vis_10_title,,,,vis_10_title,,,,vis_10_legend,,,,vis_10_legend,,,,vis_10_parameters,,,,vis_10_param,,,,_room_need_,,,,vis_10_tbl01,,,,vis_10__,,,,vis_10_image,,,,,,,,,,,,,,,,,,,,group3,,,,3,,,,pptx_template.vis_10.test.pptx,,,,8,,,,,,,,,,,,,,,,,,,,,,,,,,,,,,,,,,,,,,,,#D40062,Room need line,0,,,,,,,,,,,,,,1/1/2021,12,Subtitle font size,0,,8,Axis tick label size,0,,#d9d9d9,Background color,0,,16,Title font size,0,,0.3,Title image height,0,,bold,Title font weight,0,,13.33,Title image width,0,,,,,,,,,,,,,,,,,,,,,,cohort,0.85,Capacity Utilization Factor,1,percent0,0,Growth adjustment factor,0,percent0,,,,,1,,,,,0,Axis decimal places,0,,raw,raw count percent formatting mode,0,,1,Axis multiplier,0,,,Axis suffix,0,,,,,,fiscal
N,vis_10,vis_10,adf,adf.ad_c.f.55plus,admitted_classified.female.55plus,Admitted Classified Female 55+,(((custody_class.notna() & (custody_class.str.strip() != ''))) & (sex == 'F')) & (age_bracket == 'adult 55+'),adf,ad_c.f.55plus,,,,,,,,,,,,,,,,,,,,,,,,,,,,,,,,,,,,,,,,,,,,,,,,,,,,,,,,,,,,,,,,,,,,,,,,,,,,,week,Aggregation level (hour/day_of_week/month/week),0,,,,,,,,,,,,,,30,,,,#2ca02c,,,,--,,,,1.25,,,,TRUE,,,,,,,,,,,,,,,,,,,,,,,,,,,,,,,,,,,,,,,,,,,,,,,,LC ADF,300,Image resolution,0,,,,,,1,12/31/2025,1,ESI 1 volume multiplier,0,percent0,1,ESI 2 volume multiplier,0,percent0,1,ESI 3 volume multiplier,0,percent0,1,ESI 4 volume multiplier,0,percent0,1,ESI 5 volume multiplier,0,percent0,,,,,6,Figure height,0,,10,Figure width,0,,,,,,,,,,Segoe UI,Global font family,0,,,,,,0,Display start value for graph,0,hour12,TRUE,,,,,,,,,,,,10,Legend font size,0,,3,Legend height,0,,2,Legend columns,0,,4,Legend width,0,,,,,,#A7AAAD,Off-peak bars,0,,#6F994E,P70 line,0,,#F2B701,P80 line,0,,#F28E2B,P90 line,0,,#3E839E,Peak bars,0,,#0B4F79,Peak census line,0,,12,Length of peak period,0,integer,auto,Peak period parameter mode,0,,6,Start for peak period,0,integer,vis_10_title,,,,vis_10_title,,,,vis_10_legend,,,,vis_10_legend,,,,vis_10_parameters,,,,vis_10_param,,,,_room_need_,,,,vis_10_tbl01,,,,vis_10__,,,,vis_10_image,,,,,,,,,,,,,,,,,,,,group3,,,,3,,,,pptx_template.vis_10.test.pptx,,,,8,,,,,,,,,,,,,,,,,,,,,,,,,,,,,,,,,,,,,,,,#D40062,Room need line,0,,,,,,,,,,,,,,1/1/2021,12,Subtitle font size,0,,8,Axis tick label size,0,,#d9d9d9,Background color,0,,16,Title font size,0,,0.3,Title image height,0,,bold,Title font weight,0,,13.33,Title image width,0,,,,,,,,,,,,,,,,,,,,,,cohort,0.85,Capacity Utilization Factor,1,percent0,0,Growth adjustment factor,0,percent0,,,,,1,,,,,0,Axis decimal places,0,,raw,raw count percent formatting mode,0,,1,Axis multiplier,0,,,Axis suffix,0,,,,,,fiscal
N,vis_10,vis_10,adf,adf.ad_c.f.ch_high,admitted_classified.female.chronic_high,Admitted Classified Female Highly Severe Chronic Health Condition,(((custody_class.notna() & (custody_class.str.strip() != ''))) & (sex == 'F')) & (chronic_status == 'HIGH'),adf,ad_c.f.ch_high,,,,,,,,,,,,,,,,,,,,,,,,,,,,,,,,,,,,,,,,,,,,,,,,,,,,,,,,,,,,,,,,,,,,,,,,,,,,,week,Aggregation level (hour/day_of_week/month/week),0,,,,,,,,,,,,,,30,,,,#2ca02c,,,,--,,,,1.25,,,,TRUE,,,,,,,,,,,,,,,,,,,,,,,,,,,,,,,,,,,,,,,,,,,,,,,,LC ADF,300,Image resolution,0,,,,,,1,12/31/2025,1,ESI 1 volume multiplier,0,percent0,1,ESI 2 volume multiplier,0,percent0,1,ESI 3 volume multiplier,0,percent0,1,ESI 4 volume multiplier,0,percent0,1,ESI 5 volume multiplier,0,percent0,,,,,6,Figure height,0,,10,Figure width,0,,,,,,,,,,Segoe UI,Global font family,0,,,,,,0,Display start value for graph,0,hour12,TRUE,,,,,,,,,,,,10,Legend font size,0,,3,Legend height,0,,2,Legend columns,0,,4,Legend width,0,,,,,,#A7AAAD,Off-peak bars,0,,#6F994E,P70 line,0,,#F2B701,P80 line,0,,#F28E2B,P90 line,0,,#3E839E,Peak bars,0,,#0B4F79,Peak census line,0,,12,Length of peak period,0,integer,auto,Peak period parameter mode,0,,6,Start for peak period,0,integer,vis_10_title,,,,vis_10_title,,,,vis_10_legend,,,,vis_10_legend,,,,vis_10_parameters,,,,vis_10_param,,,,_room_need_,,,,vis_10_tbl01,,,,vis_10__,,,,vis_10_image,,,,,,,,,,,,,,,,,,,,group3,,,,3,,,,pptx_template.vis_10.test.pptx,,,,8,,,,,,,,,,,,,,,,,,,,,,,,,,,,,,,,,,,,,,,,#D40062,Room need line,0,,,,,,,,,,,,,,1/1/2021,12,Subtitle font size,0,,8,Axis tick label size,0,,#d9d9d9,Background color,0,,16,Title font size,0,,0.3,Title image height,0,,bold,Title font weight,0,,13.33,Title image width,0,,,,,,,,,,,,,,,,,,,,,,cohort,0.85,Capacity Utilization Factor,1,percent0,0,Growth adjustment factor,0,percent0,,,,,1,,,,,0,Axis decimal places,0,,raw,raw count percent formatting mode,0,,1,Axis multiplier,0,,,Axis suffix,0,,,,,,fiscal
N,vis_10,vis_10,adf,adf.ad_c.f.ch_low_mod_no,admitted_classified.female.chronic_low_moderate_no_chronic,Admitted Classified Female Low/Moderate/No Chronic Health Condition,"(((custody_class.notna() & (custody_class.str.strip() != ''))) & (sex == 'F')) & (chronic_status .isin(['LOW','MODERATE','NO CHRONIC CONDITION']))",adf,ad_c.f.ch_low_mod_no,,,,,,,,,,,,,,,,,,,,,,,,,,,,,,,,,,,,,,,,,,,,,,,,,,,,,,,,,,,,,,,,,,,,,,,,,,,,,week,Aggregation level (hour/day_of_week/month/week),0,,,,,,,,,,,,,,30,,,,#2ca02c,,,,--,,,,1.25,,,,TRUE,,,,,,,,,,,,,,,,,,,,,,,,,,,,,,,,,,,,,,,,,,,,,,,,LC ADF,300,Image resolution,0,,,,,,1,12/31/2025,1,ESI 1 volume multiplier,0,percent0,1,ESI 2 volume multiplier,0,percent0,1,ESI 3 volume multiplier,0,percent0,1,ESI 4 volume multiplier,0,percent0,1,ESI 5 volume multiplier,0,percent0,,,,,6,Figure height,0,,10,Figure width,0,,,,,,,,,,Segoe UI,Global font family,0,,,,,,0,Display start value for graph,0,hour12,TRUE,,,,,,,,,,,,10,Legend font size,0,,3,Legend height,0,,2,Legend columns,0,,4,Legend width,0,,,,,,#A7AAAD,Off-peak bars,0,,#6F994E,P70 line,0,,#F2B701,P80 line,0,,#F28E2B,P90 line,0,,#3E839E,Peak bars,0,,#0B4F79,Peak census line,0,,12,Length of peak period,0,integer,auto,Peak period parameter mode,0,,6,Start for peak period,0,integer,vis_10_title,,,,vis_10_title,,,,vis_10_legend,,,,vis_10_legend,,,,vis_10_parameters,,,,vis_10_param,,,,_room_need_,,,,vis_10_tbl01,,,,vis_10__,,,,vis_10_image,,,,,,,,,,,,,,,,,,,,group3,,,,3,,,,pptx_template.vis_10.test.pptx,,,,8,,,,,,,,,,,,,,,,,,,,,,,,,,,,,,,,,,,,,,,,#D40062,Room need line,0,,,,,,,,,,,,,,1/1/2021,12,Subtitle font size,0,,8,Axis tick label size,0,,#d9d9d9,Background color,0,,16,Title font size,0,,0.3,Title image height,0,,bold,Title font weight,0,,13.33,Title image width,0,,,,,,,,,,,,,,,,,,,,,,cohort,0.85,Capacity Utilization Factor,1,percent0,0,Growth adjustment factor,0,percent0,,,,,1,,,,,0,Axis decimal places,0,,raw,raw count percent formatting mode,0,,1,Axis multiplier,0,,,Axis suffix,0,,,,,,fiscal
N,vis_10,vis_10,adf,adf.ad_c.f.u55,admitted_classified.female.u55,Admitted Classified Female Under 55,(((custody_class.notna() & (custody_class.str.strip() != ''))) & (sex == 'F')) & (age_bracket == 'adult under 55'),adf,ad_c.f.u55,,,,,,,,,,,,,,,,,,,,,,,,,,,,,,,,,,,,,,,,,,,,,,,,,,,,,,,,,,,,,,,,,,,,,,,,,,,,,week,Aggregation level (hour/day_of_week/month/week),0,,,,,,,,,,,,,,30,,,,#2ca02c,,,,--,,,,1.25,,,,TRUE,,,,,,,,,,,,,,,,,,,,,,,,,,,,,,,,,,,,,,,,,,,,,,,,LC ADF,300,Image resolution,0,,,,,,1,12/31/2025,1,ESI 1 volume multiplier,0,percent0,1,ESI 2 volume multiplier,0,percent0,1,ESI 3 volume multiplier,0,percent0,1,ESI 4 volume multiplier,0,percent0,1,ESI 5 volume multiplier,0,percent0,,,,,6,Figure height,0,,10,Figure width,0,,,,,,,,,,Segoe UI,Global font family,0,,,,,,0,Display start value for graph,0,hour12,TRUE,,,,,,,,,,,,10,Legend font size,0,,3,Legend height,0,,2,Legend columns,0,,4,Legend width,0,,,,,,#A7AAAD,Off-peak bars,0,,#6F994E,P70 line,0,,#F2B701,P80 line,0,,#F28E2B,P90 line,0,,#3E839E,Peak bars,0,,#0B4F79,Peak census line,0,,12,Length of peak period,0,integer,auto,Peak period parameter mode,0,,6,Start for peak period,0,integer,vis_10_title,,,,vis_10_title,,,,vis_10_legend,,,,vis_10_legend,,,,vis_10_parameters,,,,vis_10_param,,,,_room_need_,,,,vis_10_tbl01,,,,vis_10__,,,,vis_10_image,,,,,,,,,,,,,,,,,,,,group3,,,,3,,,,pptx_template.vis_10.test.pptx,,,,8,,,,,,,,,,,,,,,,,,,,,,,,,,,,,,,,,,,,,,,,#D40062,Room need line,0,,,,,,,,,,,,,,1/1/2021,12,Subtitle font size,0,,8,Axis tick label size,0,,#d9d9d9,Background color,0,,16,Title font size,0,,0.3,Title image height,0,,bold,Title font weight,0,,13.33,Title image width,0,,,,,,,,,,,,,,,,,,,,,,cohort,0.85,Capacity Utilization Factor,1,percent0,0,Growth adjustment factor,0,percent0,,,,,1,,,,,0,Axis decimal places,0,,raw,raw count percent formatting mode,0,,1,Axis multiplier,0,,,Axis suffix,0,,,,,,fiscal
N,vis_10,vis_10,adf,adf.ad_c.m,admitted_classified.male,Admitted Classified Male,((custody_class.notna() & (custody_class.str.strip() != ''))) & (sex == 'M'),adf,ad_c.m,,,,,,,,,,,,,,,,,,,,,,,,,,,,,,,,,,,,,,,,,,,,,,,,,,,,,,,,,,,,,,,,,,,,,,,,,,,,,week,Aggregation level (hour/day_of_week/month/week),0,,,,,,,,,,,,,,30,,,,#2ca02c,,,,--,,,,1.25,,,,TRUE,,,,,,,,,,,,,,,,,,,,,,,,,,,,,,,,,,,,,,,,,,,,,,,,LC ADF,300,Image resolution,0,,,,,,1,12/31/2025,1,ESI 1 volume multiplier,0,percent0,1,ESI 2 volume multiplier,0,percent0,1,ESI 3 volume multiplier,0,percent0,1,ESI 4 volume multiplier,0,percent0,1,ESI 5 volume multiplier,0,percent0,,,,,6,Figure height,0,,10,Figure width,0,,,,,,,,,,Segoe UI,Global font family,0,,,,,,0,Display start value for graph,0,hour12,TRUE,,,,,,,,,,,,10,Legend font size,0,,3,Legend height,0,,2,Legend columns,0,,4,Legend width,0,,,,,,#A7AAAD,Off-peak bars,0,,#6F994E,P70 line,0,,#F2B701,P80 line,0,,#F28E2B,P90 line,0,,#3E839E,Peak bars,0,,#0B4F79,Peak census line,0,,12,Length of peak period,0,integer,auto,Peak period parameter mode,0,,6,Start for peak period,0,integer,vis_10_title,,,,vis_10_title,,,,vis_10_legend,,,,vis_10_legend,,,,vis_10_parameters,,,,vis_10_param,,,,_room_need_,,,,vis_10_tbl01,,,,vis_10__,,,,vis_10_image,,,,,,,,,,,,,,,,,,,,group3,,,,3,,,,pptx_template.vis_10.test.pptx,,,,8,,,,,,,,,,,,,,,,,,,,,,,,,,,,,,,,,,,,,,,,#D40062,Room need line,0,,,,,,,,,,,,,,1/1/2021,12,Subtitle font size,0,,8,Axis tick label size,0,,#d9d9d9,Background color,0,,16,Title font size,0,,0.3,Title image height,0,,bold,Title font weight,0,,13.33,Title image width,0,,,,,,,,,,,,,,,,,,,,,,cohort,0.85,Capacity Utilization Factor,1,percent0,0,Growth adjustment factor,0,percent0,,,,,1,,,,,0,Axis decimal places,0,,raw,raw count percent formatting mode,0,,1,Axis multiplier,0,,,Axis suffix,0,,,,,,fiscal
N,vis_10,vis_10,adf,adf.ad_c.m.55plus,admitted_classified.male.55plus,Admitted Classified Male 55+,(((custody_class.notna() & (custody_class.str.strip() != ''))) & (sex == 'M')) & (age_bracket == 'adult 55+'),adf,ad_c.m.55plus,,,,,,,,,,,,,,,,,,,,,,,,,,,,,,,,,,,,,,,,,,,,,,,,,,,,,,,,,,,,,,,,,,,,,,,,,,,,,week,Aggregation level (hour/day_of_week/month/week),0,,,,,,,,,,,,,,30,,,,#2ca02c,,,,--,,,,1.25,,,,TRUE,,,,,,,,,,,,,,,,,,,,,,,,,,,,,,,,,,,,,,,,,,,,,,,,LC ADF,300,Image resolution,0,,,,,,1,12/31/2025,1,ESI 1 volume multiplier,0,percent0,1,ESI 2 volume multiplier,0,percent0,1,ESI 3 volume multiplier,0,percent0,1,ESI 4 volume multiplier,0,percent0,1,ESI 5 volume multiplier,0,percent0,,,,,6,Figure height,0,,10,Figure width,0,,,,,,,,,,Segoe UI,Global font family,0,,,,,,0,Display start value for graph,0,hour12,TRUE,,,,,,,,,,,,10,Legend font size,0,,3,Legend height,0,,2,Legend columns,0,,4,Legend width,0,,,,,,#A7AAAD,Off-peak bars,0,,#6F994E,P70 line,0,,#F2B701,P80 line,0,,#F28E2B,P90 line,0,,#3E839E,Peak bars,0,,#0B4F79,Peak census line,0,,12,Length of peak period,0,integer,auto,Peak period parameter mode,0,,6,Start for peak period,0,integer,vis_10_title,,,,vis_10_title,,,,vis_10_legend,,,,vis_10_legend,,,,vis_10_parameters,,,,vis_10_param,,,,_room_need_,,,,vis_10_tbl01,,,,vis_10__,,,,vis_10_image,,,,,,,,,,,,,,,,,,,,group3,,,,3,,,,pptx_template.vis_10.test.pptx,,,,8,,,,,,,,,,,,,,,,,,,,,,,,,,,,,,,,,,,,,,,,#D40062,Room need line,0,,,,,,,,,,,,,,1/1/2021,12,Subtitle font size,0,,8,Axis tick label size,0,,#d9d9d9,Background color,0,,16,Title font size,0,,0.3,Title image height,0,,bold,Title font weight,0,,13.33,Title image width,0,,,,,,,,,,,,,,,,,,,,,,cohort,0.85,Capacity Utilization Factor,1,percent0,0,Growth adjustment factor,0,percent0,,,,,1,,,,,0,Axis decimal places,0,,raw,raw count percent formatting mode,0,,1,Axis multiplier,0,,,Axis suffix,0,,,,,,fiscal
N,vis_10,vis_10,adf,adf.ad_c.m.ch_high,admitted_classified.male.chronic_high,Admitted Classified Male Highly Severe Chronic Health Condition,(((custody_class.notna() & (custody_class.str.strip() != ''))) & (sex == 'M')) & (chronic_status == 'HIGH'),adf,ad_c.m.ch_high,,,,,,,,,,,,,,,,,,,,,,,,,,,,,,,,,,,,,,,,,,,,,,,,,,,,,,,,,,,,,,,,,,,,,,,,,,,,,week,Aggregation level (hour/day_of_week/month/week),0,,,,,,,,,,,,,,30,,,,#2ca02c,,,,--,,,,1.25,,,,TRUE,,,,,,,,,,,,,,,,,,,,,,,,,,,,,,,,,,,,,,,,,,,,,,,,LC ADF,300,Image resolution,0,,,,,,1,12/31/2025,1,ESI 1 volume multiplier,0,percent0,1,ESI 2 volume multiplier,0,percent0,1,ESI 3 volume multiplier,0,percent0,1,ESI 4 volume multiplier,0,percent0,1,ESI 5 volume multiplier,0,percent0,,,,,6,Figure height,0,,10,Figure width,0,,,,,,,,,,Segoe UI,Global font family,0,,,,,,0,Display start value for graph,0,hour12,TRUE,,,,,,,,,,,,10,Legend font size,0,,3,Legend height,0,,2,Legend columns,0,,4,Legend width,0,,,,,,#A7AAAD,Off-peak bars,0,,#6F994E,P70 line,0,,#F2B701,P80 line,0,,#F28E2B,P90 line,0,,#3E839E,Peak bars,0,,#0B4F79,Peak census line,0,,12,Length of peak period,0,integer,auto,Peak period parameter mode,0,,6,Start for peak period,0,integer,vis_10_title,,,,vis_10_title,,,,vis_10_legend,,,,vis_10_legend,,,,vis_10_parameters,,,,vis_10_param,,,,_room_need_,,,,vis_10_tbl01,,,,vis_10__,,,,vis_10_image,,,,,,,,,,,,,,,,,,,,group3,,,,3,,,,pptx_template.vis_10.test.pptx,,,,8,,,,,,,,,,,,,,,,,,,,,,,,,,,,,,,,,,,,,,,,#D40062,Room need line,0,,,,,,,,,,,,,,1/1/2021,12,Subtitle font size,0,,8,Axis tick label size,0,,#d9d9d9,Background color,0,,16,Title font size,0,,0.3,Title image height,0,,bold,Title font weight,0,,13.33,Title image width,0,,,,,,,,,,,,,,,,,,,,,,cohort,0.85,Capacity Utilization Factor,1,percent0,0,Growth adjustment factor,0,percent0,,,,,1,,,,,0,Axis decimal places,0,,raw,raw count percent formatting mode,0,,1,Axis multiplier,0,,,Axis suffix,0,,,,,,fiscal
N,vis_10,vis_10,adf,adf.ad_c.m.ch_low_mod_no,admitted_classified.male.chronic_low_moderate_no_chronic,Admitted Classified Male Low/Moderate/No Chronic Health Condition,"(((custody_class.notna() & (custody_class.str.strip() != ''))) & (sex == 'M')) & (chronic_status .isin(['LOW','MODERATE','NO CHRONIC CONDITION']))",adf,ad_c.m.ch_low_mod_no,,,,,,,,,,,,,,,,,,,,,,,,,,,,,,,,,,,,,,,,,,,,,,,,,,,,,,,,,,,,,,,,,,,,,,,,,,,,,week,Aggregation level (hour/day_of_week/month/week),0,,,,,,,,,,,,,,30,,,,#2ca02c,,,,--,,,,1.25,,,,TRUE,,,,,,,,,,,,,,,,,,,,,,,,,,,,,,,,,,,,,,,,,,,,,,,,LC ADF,300,Image resolution,0,,,,,,1,12/31/2025,1,ESI 1 volume multiplier,0,percent0,1,ESI 2 volume multiplier,0,percent0,1,ESI 3 volume multiplier,0,percent0,1,ESI 4 volume multiplier,0,percent0,1,ESI 5 volume multiplier,0,percent0,,,,,6,Figure height,0,,10,Figure width,0,,,,,,,,,,Segoe UI,Global font family,0,,,,,,0,Display start value for graph,0,hour12,TRUE,,,,,,,,,,,,10,Legend font size,0,,3,Legend height,0,,2,Legend columns,0,,4,Legend width,0,,,,,,#A7AAAD,Off-peak bars,0,,#6F994E,P70 line,0,,#F2B701,P80 line,0,,#F28E2B,P90 line,0,,#3E839E,Peak bars,0,,#0B4F79,Peak census line,0,,12,Length of peak period,0,integer,auto,Peak period parameter mode,0,,6,Start for peak period,0,integer,vis_10_title,,,,vis_10_title,,,,vis_10_legend,,,,vis_10_legend,,,,vis_10_parameters,,,,vis_10_param,,,,_room_need_,,,,vis_10_tbl01,,,,vis_10__,,,,vis_10_image,,,,,,,,,,,,,,,,,,,,group3,,,,3,,,,pptx_template.vis_10.test.pptx,,,,8,,,,,,,,,,,,,,,,,,,,,,,,,,,,,,,,,,,,,,,,#D40062,Room need line,0,,,,,,,,,,,,,,1/1/2021,12,Subtitle font size,0,,8,Axis tick label size,0,,#d9d9d9,Background color,0,,16,Title font size,0,,0.3,Title image height,0,,bold,Title font weight,0,,13.33,Title image width,0,,,,,,,,,,,,,,,,,,,,,,cohort,0.85,Capacity Utilization Factor,1,percent0,0,Growth adjustment factor,0,percent0,,,,,1,,,,,0,Axis decimal places,0,,raw,raw count percent formatting mode,0,,1,Axis multiplier,0,,,Axis suffix,0,,,,,,fiscal
N,vis_10,vis_10,adf,adf.ad_c.m.u55,admitted_classified.male.u55,Admitted Classified Male Under 55,(((custody_class.notna() & (custody_class.str.strip() != ''))) & (sex == 'M')) & (age_bracket == 'adult under 55'),adf,ad_c.m.u55,,,,,,,,,,,,,,,,,,,,,,,,,,,,,,,,,,,,,,,,,,,,,,,,,,,,,,,,,,,,,,,,,,,,,,,,,,,,,week,Aggregation level (hour/day_of_week/month/week),0,,,,,,,,,,,,,,30,,,,#2ca02c,,,,--,,,,1.25,,,,TRUE,,,,,,,,,,,,,,,,,,,,,,,,,,,,,,,,,,,,,,,,,,,,,,,,LC ADF,300,Image resolution,0,,,,,,1,12/31/2025,1,ESI 1 volume multiplier,0,percent0,1,ESI 2 volume multiplier,0,percent0,1,ESI 3 volume multiplier,0,percent0,1,ESI 4 volume multiplier,0,percent0,1,ESI 5 volume multiplier,0,percent0,,,,,6,Figure height,0,,10,Figure width,0,,,,,,,,,,Segoe UI,Global font family,0,,,,,,0,Display start value for graph,0,hour12,TRUE,,,,,,,,,,,,10,Legend font size,0,,3,Legend height,0,,2,Legend columns,0,,4,Legend width,0,,,,,,#A7AAAD,Off-peak bars,0,,#6F994E,P70 line,0,,#F2B701,P80 line,0,,#F28E2B,P90 line,0,,#3E839E,Peak bars,0,,#0B4F79,Peak census line,0,,12,Length of peak period,0,integer,auto,Peak period parameter mode,0,,6,Start for peak period,0,integer,vis_10_title,,,,vis_10_title,,,,vis_10_legend,,,,vis_10_legend,,,,vis_10_parameters,,,,vis_10_param,,,,_room_need_,,,,vis_10_tbl01,,,,vis_10__,,,,vis_10_image,,,,,,,,,,,,,,,,,,,,group3,,,,3,,,,pptx_template.vis_10.test.pptx,,,,8,,,,,,,,,,,,,,,,,,,,,,,,,,,,,,,,,,,,,,,,#D40062,Room need line,0,,,,,,,,,,,,,,1/1/2021,12,Subtitle font size,0,,8,Axis tick label size,0,,#d9d9d9,Background color,0,,16,Title font size,0,,0.3,Title image height,0,,bold,Title font weight,0,,13.33,Title image width,0,,,,,,,,,,,,,,,,,,,,,,cohort,0.85,Capacity Utilization Factor,1,percent0,0,Growth adjustment factor,0,percent0,,,,,1,,,,,0,Axis decimal places,0,,raw,raw count percent formatting mode,0,,1,Axis multiplier,0,,,Axis suffix,0,,,,,,fiscal
N,vis_10,vis_10,adf,adf.ad_c.u55,admitted_classified.u55,Admitted Classified Under 55,((custody_class.notna() & (custody_class.str.strip() != ''))) & (age_bracket == 'adult under 55'),adf,ad_c.u55,,,,,,,,,,,,,,,,,,,,,,,,,,,,,,,,,,,,,,,,,,,,,,,,,,,,,,,,,,,,,,,,,,,,,,,,,,,,,week,Aggregation level (hour/day_of_week/month/week),0,,,,,,,,,,,,,,30,,,,#2ca02c,,,,--,,,,1.25,,,,TRUE,,,,,,,,,,,,,,,,,,,,,,,,,,,,,,,,,,,,,,,,,,,,,,,,LC ADF,300,Image resolution,0,,,,,,1,12/31/2025,1,ESI 1 volume multiplier,0,percent0,1,ESI 2 volume multiplier,0,percent0,1,ESI 3 volume multiplier,0,percent0,1,ESI 4 volume multiplier,0,percent0,1,ESI 5 volume multiplier,0,percent0,,,,,6,Figure height,0,,10,Figure width,0,,,,,,,,,,Segoe UI,Global font family,0,,,,,,0,Display start value for graph,0,hour12,TRUE,,,,,,,,,,,,10,Legend font size,0,,3,Legend height,0,,2,Legend columns,0,,4,Legend width,0,,,,,,#A7AAAD,Off-peak bars,0,,#6F994E,P70 line,0,,#F2B701,P80 line,0,,#F28E2B,P90 line,0,,#3E839E,Peak bars,0,,#0B4F79,Peak census line,0,,12,Length of peak period,0,integer,auto,Peak period parameter mode,0,,6,Start for peak period,0,integer,vis_10_title,,,,vis_10_title,,,,vis_10_legend,,,,vis_10_legend,,,,vis_10_parameters,,,,vis_10_param,,,,_room_need_,,,,vis_10_tbl01,,,,vis_10__,,,,vis_10_image,,,,,,,,,,,,,,,,,,,,group3,,,,3,,,,pptx_template.vis_10.test.pptx,,,,8,,,,,,,,,,,,,,,,,,,,,,,,,,,,,,,,,,,,,,,,#D40062,Room need line,0,,,,,,,,,,,,,,1/1/2021,12,Subtitle font size,0,,8,Axis tick label size,0,,#d9d9d9,Background color,0,,16,Title font size,0,,0.3,Title image height,0,,bold,Title font weight,0,,13.33,Title image width,0,,,,,,,,,,,,,,,,,,,,,,cohort,0.85,Capacity Utilization Factor,1,percent0,0,Growth adjustment factor,0,percent0,,,,,1,,,,,0,Axis decimal places,0,,raw,raw count percent formatting mode,0,,1,Axis multiplier,0,,,Axis suffix,0,,,,,,fiscal
N,vis_10,vis_10,adf,adf.ad_nc,admitted_not_classified,Admitted Not Classified,(custody_class.isna() | (custody_class.str.strip() == '')),adf,ad_nc,,,,,,,,,,,,,,,,,,,,,,,,,,,,,,,,,,,,,,,,,,,,,,,,,,,,,,,,,,,,,,,,,,,,,,,,,,,,,week,Aggregation level (hour/day_of_week/month/week),0,,,,,,,,,,,,,,30,,,,#2ca02c,,,,--,,,,1.25,,,,TRUE,,,,,,,,,,,,,,,,,,,,,,,,,,,,,,,,,,,,,,,,,,,,,,,,LC ADF,300,Image resolution,0,,,,,,1,12/31/2025,1,ESI 1 volume multiplier,0,percent0,1,ESI 2 volume multiplier,0,percent0,1,ESI 3 volume multiplier,0,percent0,1,ESI 4 volume multiplier,0,percent0,1,ESI 5 volume multiplier,0,percent0,,,,,6,Figure height,0,,10,Figure width,0,,,,,,,,,,Segoe UI,Global font family,0,,,,,,0,Display start value for graph,0,hour12,TRUE,,,,,,,,,,,,10,Legend font size,0,,3,Legend height,0,,2,Legend columns,0,,4,Legend width,0,,,,,,#A7AAAD,Off-peak bars,0,,#6F994E,P70 line,0,,#F2B701,P80 line,0,,#F28E2B,P90 line,0,,#3E839E,Peak bars,0,,#0B4F79,Peak census line,0,,12,Length of peak period,0,integer,auto,Peak period parameter mode,0,,6,Start for peak period,0,integer,vis_10_title,,,,vis_10_title,,,,vis_10_legend,,,,vis_10_legend,,,,vis_10_parameters,,,,vis_10_param,,,,_room_need_,,,,vis_10_tbl01,,,,vis_10__,,,,vis_10_image,,,,,,,,,,,,,,,,,,,,group3,,,,3,,,,pptx_template.vis_10.test.pptx,,,,8,,,,,,,,,,,,,,,,,,,,,,,,,,,,,,,,,,,,,,,,#D40062,Room need line,0,,,,,,,,,,,,,,1/1/2021,12,Subtitle font size,0,,8,Axis tick label size,0,,#d9d9d9,Background color,0,,16,Title font size,0,,0.3,Title image height,0,,bold,Title font weight,0,,13.33,Title image width,0,,,,,,,,,,,,,,,,,,,,,,cohort,0.85,Capacity Utilization Factor,1,percent0,0,Growth adjustment factor,0,percent0,,,,,1,,,,,0,Axis decimal places,0,,raw,raw count percent formatting mode,0,,1,Axis multiplier,0,,,Axis suffix,0,,,,,,fiscal
N,vis_10,vis_10,adf,adf.ad_nc.55plus,admitted_not_classified.55plus,Admitted Not Classified 55+,((custody_class.isna() | (custody_class.str.strip() == ''))) & (age_bracket == 'adult 55+'),adf,ad_nc.55plus,,,,,,,,,,,,,,,,,,,,,,,,,,,,,,,,,,,,,,,,,,,,,,,,,,,,,,,,,,,,,,,,,,,,,,,,,,,,,week,Aggregation level (hour/day_of_week/month/week),0,,,,,,,,,,,,,,30,,,,#2ca02c,,,,--,,,,1.25,,,,TRUE,,,,,,,,,,,,,,,,,,,,,,,,,,,,,,,,,,,,,,,,,,,,,,,,LC ADF,300,Image resolution,0,,,,,,1,12/31/2025,1,ESI 1 volume multiplier,0,percent0,1,ESI 2 volume multiplier,0,percent0,1,ESI 3 volume multiplier,0,percent0,1,ESI 4 volume multiplier,0,percent0,1,ESI 5 volume multiplier,0,percent0,,,,,6,Figure height,0,,10,Figure width,0,,,,,,,,,,Segoe UI,Global font family,0,,,,,,0,Display start value for graph,0,hour12,TRUE,,,,,,,,,,,,10,Legend font size,0,,3,Legend height,0,,2,Legend columns,0,,4,Legend width,0,,,,,,#A7AAAD,Off-peak bars,0,,#6F994E,P70 line,0,,#F2B701,P80 line,0,,#F28E2B,P90 line,0,,#3E839E,Peak bars,0,,#0B4F79,Peak census line,0,,12,Length of peak period,0,integer,auto,Peak period parameter mode,0,,6,Start for peak period,0,integer,vis_10_title,,,,vis_10_title,,,,vis_10_legend,,,,vis_10_legend,,,,vis_10_parameters,,,,vis_10_param,,,,_room_need_,,,,vis_10_tbl01,,,,vis_10__,,,,vis_10_image,,,,,,,,,,,,,,,,,,,,group3,,,,3,,,,pptx_template.vis_10.test.pptx,,,,8,,,,,,,,,,,,,,,,,,,,,,,,,,,,,,,,,,,,,,,,#D40062,Room need line,0,,,,,,,,,,,,,,1/1/2021,12,Subtitle font size,0,,8,Axis tick label size,0,,#d9d9d9,Background color,0,,16,Title font size,0,,0.3,Title image height,0,,bold,Title font weight,0,,13.33,Title image width,0,,,,,,,,,,,,,,,,,,,,,,cohort,0.85,Capacity Utilization Factor,1,percent0,0,Growth adjustment factor,0,percent0,,,,,1,,,,,0,Axis decimal places,0,,raw,raw count percent formatting mode,0,,1,Axis multiplier,0,,,Axis suffix,0,,,,,,fiscal
N,vis_10,vis_10,adf,adf.ad_nc.f,admitted_not_classified.female,Admitted Not Classified Female,((custody_class.isna() | (custody_class.str.strip() == ''))) & (sex == 'F'),adf,ad_nc.f,,,,,,,,,,,,,,,,,,,,,,,,,,,,,,,,,,,,,,,,,,,,,,,,,,,,,,,,,,,,,,,,,,,,,,,,,,,,,week,Aggregation level (hour/day_of_week/month/week),0,,,,,,,,,,,,,,30,,,,#2ca02c,,,,--,,,,1.25,,,,TRUE,,,,,,,,,,,,,,,,,,,,,,,,,,,,,,,,,,,,,,,,,,,,,,,,LC ADF,300,Image resolution,0,,,,,,1,12/31/2025,1,ESI 1 volume multiplier,0,percent0,1,ESI 2 volume multiplier,0,percent0,1,ESI 3 volume multiplier,0,percent0,1,ESI 4 volume multiplier,0,percent0,1,ESI 5 volume multiplier,0,percent0,,,,,6,Figure height,0,,10,Figure width,0,,,,,,,,,,Segoe UI,Global font family,0,,,,,,0,Display start value for graph,0,hour12,TRUE,,,,,,,,,,,,10,Legend font size,0,,3,Legend height,0,,2,Legend columns,0,,4,Legend width,0,,,,,,#A7AAAD,Off-peak bars,0,,#6F994E,P70 line,0,,#F2B701,P80 line,0,,#F28E2B,P90 line,0,,#3E839E,Peak bars,0,,#0B4F79,Peak census line,0,,12,Length of peak period,0,integer,auto,Peak period parameter mode,0,,6,Start for peak period,0,integer,vis_10_title,,,,vis_10_title,,,,vis_10_legend,,,,vis_10_legend,,,,vis_10_parameters,,,,vis_10_param,,,,_room_need_,,,,vis_10_tbl01,,,,vis_10__,,,,vis_10_image,,,,,,,,,,,,,,,,,,,,group3,,,,3,,,,pptx_template.vis_10.test.pptx,,,,8,,,,,,,,,,,,,,,,,,,,,,,,,,,,,,,,,,,,,,,,#D40062,Room need line,0,,,,,,,,,,,,,,1/1/2021,12,Subtitle font size,0,,8,Axis tick label size,0,,#d9d9d9,Background color,0,,16,Title font size,0,,0.3,Title image height,0,,bold,Title font weight,0,,13.33,Title image width,0,,,,,,,,,,,,,,,,,,,,,,cohort,0.85,Capacity Utilization Factor,1,percent0,0,Growth adjustment factor,0,percent0,,,,,1,,,,,0,Axis decimal places,0,,raw,raw count percent formatting mode,0,,1,Axis multiplier,0,,,Axis suffix,0,,,,,,fiscal
N,vis_10,vis_10,adf,adf.ad_nc.f.55plus,admitted_not_classified.female.55plus,Admitted Not Classified Female 55+,(((custody_class.isna() | (custody_class.str.strip() == ''))) & (sex == 'F')) & (age_bracket == 'adult 55+'),adf,ad_nc.f.55plus,,,,,,,,,,,,,,,,,,,,,,,,,,,,,,,,,,,,,,,,,,,,,,,,,,,,,,,,,,,,,,,,,,,,,,,,,,,,,week,Aggregation level (hour/day_of_week/month/week),0,,,,,,,,,,,,,,30,,,,#2ca02c,,,,--,,,,1.25,,,,TRUE,,,,,,,,,,,,,,,,,,,,,,,,,,,,,,,,,,,,,,,,,,,,,,,,LC ADF,300,Image resolution,0,,,,,,1,12/31/2025,1,ESI 1 volume multiplier,0,percent0,1,ESI 2 volume multiplier,0,percent0,1,ESI 3 volume multiplier,0,percent0,1,ESI 4 volume multiplier,0,percent0,1,ESI 5 volume multiplier,0,percent0,,,,,6,Figure height,0,,10,Figure width,0,,,,,,,,,,Segoe UI,Global font family,0,,,,,,0,Display start value for graph,0,hour12,TRUE,,,,,,,,,,,,10,Legend font size,0,,3,Legend height,0,,2,Legend columns,0,,4,Legend width,0,,,,,,#A7AAAD,Off-peak bars,0,,#6F994E,P70 line,0,,#F2B701,P80 line,0,,#F28E2B,P90 line,0,,#3E839E,Peak bars,0,,#0B4F79,Peak census line,0,,12,Length of peak period,0,integer,auto,Peak period parameter mode,0,,6,Start for peak period,0,integer,vis_10_title,,,,vis_10_title,,,,vis_10_legend,,,,vis_10_legend,,,,vis_10_parameters,,,,vis_10_param,,,,_room_need_,,,,vis_10_tbl01,,,,vis_10__,,,,vis_10_image,,,,,,,,,,,,,,,,,,,,group3,,,,3,,,,pptx_template.vis_10.test.pptx,,,,8,,,,,,,,,,,,,,,,,,,,,,,,,,,,,,,,,,,,,,,,#D40062,Room need line,0,,,,,,,,,,,,,,1/1/2021,12,Subtitle font size,0,,8,Axis tick label size,0,,#d9d9d9,Background color,0,,16,Title font size,0,,0.3,Title image height,0,,bold,Title font weight,0,,13.33,Title image width,0,,,,,,,,,,,,,,,,,,,,,,cohort,0.85,Capacity Utilization Factor,1,percent0,0,Growth adjustment factor,0,percent0,,,,,1,,,,,0,Axis decimal places,0,,raw,raw count percent formatting mode,0,,1,Axis multiplier,0,,,Axis suffix,0,,,,,,fiscal
N,vis_10,vis_10,adf,adf.ad_nc.f.u55,admitted_not_classified.female.u55,Admitted Not Classified Female Under 55,(((custody_class.isna() | (custody_class.str.strip() == ''))) & (sex == 'F')) & (age_bracket == 'adult under 55'),adf,ad_nc.f.u55,,,,,,,,,,,,,,,,,,,,,,,,,,,,,,,,,,,,,,,,,,,,,,,,,,,,,,,,,,,,,,,,,,,,,,,,,,,,,week,Aggregation level (hour/day_of_week/month/week),0,,,,,,,,,,,,,,30,,,,#2ca02c,,,,--,,,,1.25,,,,TRUE,,,,,,,,,,,,,,,,,,,,,,,,,,,,,,,,,,,,,,,,,,,,,,,,LC ADF,300,Image resolution,0,,,,,,1,12/31/2025,1,ESI 1 volume multiplier,0,percent0,1,ESI 2 volume multiplier,0,percent0,1,ESI 3 volume multiplier,0,percent0,1,ESI 4 volume multiplier,0,percent0,1,ESI 5 volume multiplier,0,percent0,,,,,6,Figure height,0,,10,Figure width,0,,,,,,,,,,Segoe UI,Global font family,0,,,,,,0,Display start value for graph,0,hour12,TRUE,,,,,,,,,,,,10,Legend font size,0,,3,Legend height,0,,2,Legend columns,0,,4,Legend width,0,,,,,,#A7AAAD,Off-peak bars,0,,#6F994E,P70 line,0,,#F2B701,P80 line,0,,#F28E2B,P90 line,0,,#3E839E,Peak bars,0,,#0B4F79,Peak census line,0,,12,Length of peak period,0,integer,auto,Peak period parameter mode,0,,6,Start for peak period,0,integer,vis_10_title,,,,vis_10_title,,,,vis_10_legend,,,,vis_10_legend,,,,vis_10_parameters,,,,vis_10_param,,,,_room_need_,,,,vis_10_tbl01,,,,vis_10__,,,,vis_10_image,,,,,,,,,,,,,,,,,,,,group3,,,,3,,,,pptx_template.vis_10.test.pptx,,,,8,,,,,,,,,,,,,,,,,,,,,,,,,,,,,,,,,,,,,,,,#D40062,Room need line,0,,,,,,,,,,,,,,1/1/2021,12,Subtitle font size,0,,8,Axis tick label size,0,,#d9d9d9,Background color,0,,16,Title font size,0,,0.3,Title image height,0,,bold,Title font weight,0,,13.33,Title image width,0,,,,,,,,,,,,,,,,,,,,,,cohort,0.85,Capacity Utilization Factor,1,percent0,0,Growth adjustment factor,0,percent0,,,,,1,,,,,0,Axis decimal places,0,,raw,raw count percent formatting mode,0,,1,Axis multiplier,0,,,Axis suffix,0,,,,,,fiscal
N,vis_10,vis_10,adf,adf.ad_nc.m,admitted_not_classified.male,Admitted Not Classified Male,((custody_class.isna() | (custody_class.str.strip() == ''))) & (sex == 'M'),adf,ad_nc.m,,,,,,,,,,,,,,,,,,,,,,,,,,,,,,,,,,,,,,,,,,,,,,,,,,,,,,,,,,,,,,,,,,,,,,,,,,,,,week,Aggregation level (hour/day_of_week/month/week),0,,,,,,,,,,,,,,30,,,,#2ca02c,,,,--,,,,1.25,,,,TRUE,,,,,,,,,,,,,,,,,,,,,,,,,,,,,,,,,,,,,,,,,,,,,,,,LC ADF,300,Image resolution,0,,,,,,1,12/31/2025,1,ESI 1 volume multiplier,0,percent0,1,ESI 2 volume multiplier,0,percent0,1,ESI 3 volume multiplier,0,percent0,1,ESI 4 volume multiplier,0,percent0,1,ESI 5 volume multiplier,0,percent0,,,,,6,Figure height,0,,10,Figure width,0,,,,,,,,,,Segoe UI,Global font family,0,,,,,,0,Display start value for graph,0,hour12,TRUE,,,,,,,,,,,,10,Legend font size,0,,3,Legend height,0,,2,Legend columns,0,,4,Legend width,0,,,,,,#A7AAAD,Off-peak bars,0,,#6F994E,P70 line,0,,#F2B701,P80 line,0,,#F28E2B,P90 line,0,,#3E839E,Peak bars,0,,#0B4F79,Peak census line,0,,12,Length of peak period,0,integer,auto,Peak period parameter mode,0,,6,Start for peak period,0,integer,vis_10_title,,,,vis_10_title,,,,vis_10_legend,,,,vis_10_legend,,,,vis_10_parameters,,,,vis_10_param,,,,_room_need_,,,,vis_10_tbl01,,,,vis_10__,,,,vis_10_image,,,,,,,,,,,,,,,,,,,,group3,,,,3,,,,pptx_template.vis_10.test.pptx,,,,8,,,,,,,,,,,,,,,,,,,,,,,,,,,,,,,,,,,,,,,,#D40062,Room need line,0,,,,,,,,,,,,,,1/1/2021,12,Subtitle font size,0,,8,Axis tick label size,0,,#d9d9d9,Background color,0,,16,Title font size,0,,0.3,Title image height,0,,bold,Title font weight,0,,13.33,Title image width,0,,,,,,,,,,,,,,,,,,,,,,cohort,0.85,Capacity Utilization Factor,1,percent0,0,Growth adjustment factor,0,percent0,,,,,1,,,,,0,Axis decimal places,0,,raw,raw count percent formatting mode,0,,1,Axis multiplier,0,,,Axis suffix,0,,,,,,fiscal
N,vis_10,vis_10,adf,adf.ad_nc.m.55plus,admitted_not_classified.male.55plus,Admitted Not Classified Male 55+,(((custody_class.isna() | (custody_class.str.strip() == ''))) & (sex == 'M')) & (age_bracket == 'adult 55+'),adf,ad_nc.m.55plus,,,,,,,,,,,,,,,,,,,,,,,,,,,,,,,,,,,,,,,,,,,,,,,,,,,,,,,,,,,,,,,,,,,,,,,,,,,,,week,Aggregation level (hour/day_of_week/month/week),0,,,,,,,,,,,,,,30,,,,#2ca02c,,,,--,,,,1.25,,,,TRUE,,,,,,,,,,,,,,,,,,,,,,,,,,,,,,,,,,,,,,,,,,,,,,,,LC ADF,300,Image resolution,0,,,,,,1,12/31/2025,1,ESI 1 volume multiplier,0,percent0,1,ESI 2 volume multiplier,0,percent0,1,ESI 3 volume multiplier,0,percent0,1,ESI 4 volume multiplier,0,percent0,1,ESI 5 volume multiplier,0,percent0,,,,,6,Figure height,0,,10,Figure width,0,,,,,,,,,,Segoe UI,Global font family,0,,,,,,0,Display start value for graph,0,hour12,TRUE,,,,,,,,,,,,10,Legend font size,0,,3,Legend height,0,,2,Legend columns,0,,4,Legend width,0,,,,,,#A7AAAD,Off-peak bars,0,,#6F994E,P70 line,0,,#F2B701,P80 line,0,,#F28E2B,P90 line,0,,#3E839E,Peak bars,0,,#0B4F79,Peak census line,0,,12,Length of peak period,0,integer,auto,Peak period parameter mode,0,,6,Start for peak period,0,integer,vis_10_title,,,,vis_10_title,,,,vis_10_legend,,,,vis_10_legend,,,,vis_10_parameters,,,,vis_10_param,,,,_room_need_,,,,vis_10_tbl01,,,,vis_10__,,,,vis_10_image,,,,,,,,,,,,,,,,,,,,group3,,,,3,,,,pptx_template.vis_10.test.pptx,,,,8,,,,,,,,,,,,,,,,,,,,,,,,,,,,,,,,,,,,,,,,#D40062,Room need line,0,,,,,,,,,,,,,,1/1/2021,12,Subtitle font size,0,,8,Axis tick label size,0,,#d9d9d9,Background color,0,,16,Title font size,0,,0.3,Title image height,0,,bold,Title font weight,0,,13.33,Title image width,0,,,,,,,,,,,,,,,,,,,,,,cohort,0.85,Capacity Utilization Factor,1,percent0,0,Growth adjustment factor,0,percent0,,,,,1,,,,,0,Axis decimal places,0,,raw,raw count percent formatting mode,0,,1,Axis multiplier,0,,,Axis suffix,0,,,,,,fiscal
N,vis_10,vis_10,adf,adf.ad_nc.m.u55,admitted_not_classified.male.u55,Admitted Not Classified Male Under 55,(((custody_class.isna() | (custody_class.str.strip() == ''))) & (sex == 'M')) & (age_bracket == 'adult under 55'),adf,ad_nc.m.u55,,,,,,,,,,,,,,,,,,,,,,,,,,,,,,,,,,,,,,,,,,,,,,,,,,,,,,,,,,,,,,,,,,,,,,,,,,,,,week,Aggregation level (hour/day_of_week/month/week),0,,,,,,,,,,,,,,30,,,,#2ca02c,,,,--,,,,1.25,,,,TRUE,,,,,,,,,,,,,,,,,,,,,,,,,,,,,,,,,,,,,,,,,,,,,,,,LC ADF,300,Image resolution,0,,,,,,1,12/31/2025,1,ESI 1 volume multiplier,0,percent0,1,ESI 2 volume multiplier,0,percent0,1,ESI 3 volume multiplier,0,percent0,1,ESI 4 volume multiplier,0,percent0,1,ESI 5 volume multiplier,0,percent0,,,,,6,Figure height,0,,10,Figure width,0,,,,,,,,,,Segoe UI,Global font family,0,,,,,,0,Display start value for graph,0,hour12,TRUE,,,,,,,,,,,,10,Legend font size,0,,3,Legend height,0,,2,Legend columns,0,,4,Legend width,0,,,,,,#A7AAAD,Off-peak bars,0,,#6F994E,P70 line,0,,#F2B701,P80 line,0,,#F28E2B,P90 line,0,,#3E839E,Peak bars,0,,#0B4F79,Peak census line,0,,12,Length of peak period,0,integer,auto,Peak period parameter mode,0,,6,Start for peak period,0,integer,vis_10_title,,,,vis_10_title,,,,vis_10_legend,,,,vis_10_legend,,,,vis_10_parameters,,,,vis_10_param,,,,_room_need_,,,,vis_10_tbl01,,,,vis_10__,,,,vis_10_image,,,,,,,,,,,,,,,,,,,,group3,,,,3,,,,pptx_template.vis_10.test.pptx,,,,8,,,,,,,,,,,,,,,,,,,,,,,,,,,,,,,,,,,,,,,,#D40062,Room need line,0,,,,,,,,,,,,,,1/1/2021,12,Subtitle font size,0,,8,Axis tick label size,0,,#d9d9d9,Background color,0,,16,Title font size,0,,0.3,Title image height,0,,bold,Title font weight,0,,13.33,Title image width,0,,,,,,,,,,,,,,,,,,,,,,cohort,0.85,Capacity Utilization Factor,1,percent0,0,Growth adjustment factor,0,percent0,,,,,1,,,,,0,Axis decimal places,0,,raw,raw count percent formatting mode,0,,1,Axis multiplier,0,,,Axis suffix,0,,,,,,fiscal
N,vis_10,vis_10,adf,adf.ad_nc.u55,admitted_not_classified.u55,Admitted Not Classified Under 55,((custody_class.isna() | (custody_class.str.strip() == ''))) & (age_bracket == 'adult under 55'),adf,ad_nc.u55,,,,,,,,,,,,,,,,,,,,,,,,,,,,,,,,,,,,,,,,,,,,,,,,,,,,,,,,,,,,,,,,,,,,,,,,,,,,,week,Aggregation level (hour/day_of_week/month/week),0,,,,,,,,,,,,,,30,,,,#2ca02c,,,,--,,,,1.25,,,,TRUE,,,,,,,,,,,,,,,,,,,,,,,,,,,,,,,,,,,,,,,,,,,,,,,,LC ADF,300,Image resolution,0,,,,,,1,12/31/2025,1,ESI 1 volume multiplier,0,percent0,1,ESI 2 volume multiplier,0,percent0,1,ESI 3 volume multiplier,0,percent0,1,ESI 4 volume multiplier,0,percent0,1,ESI 5 volume multiplier,0,percent0,,,,,6,Figure height,0,,10,Figure width,0,,,,,,,,,,Segoe UI,Global font family,0,,,,,,0,Display start value for graph,0,hour12,TRUE,,,,,,,,,,,,10,Legend font size,0,,3,Legend height,0,,2,Legend columns,0,,4,Legend width,0,,,,,,#A7AAAD,Off-peak bars,0,,#6F994E,P70 line,0,,#F2B701,P80 line,0,,#F28E2B,P90 line,0,,#3E839E,Peak bars,0,,#0B4F79,Peak census line,0,,12,Length of peak period,0,integer,auto,Peak period parameter mode,0,,6,Start for peak period,0,integer,vis_10_title,,,,vis_10_title,,,,vis_10_legend,,,,vis_10_legend,,,,vis_10_parameters,,,,vis_10_param,,,,_room_need_,,,,vis_10_tbl01,,,,vis_10__,,,,vis_10_image,,,,,,,,,,,,,,,,,,,,group3,,,,3,,,,pptx_template.vis_10.test.pptx,,,,8,,,,,,,,,,,,,,,,,,,,,,,,,,,,,,,,,,,,,,,,#D40062,Room need line,0,,,,,,,,,,,,,,1/1/2021,12,Subtitle font size,0,,8,Axis tick label size,0,,#d9d9d9,Background color,0,,16,Title font size,0,,0.3,Title image height,0,,bold,Title font weight,0,,13.33,Title image width,0,,,,,,,,,,,,,,,,,,,,,,cohort,0.85,Capacity Utilization Factor,1,percent0,0,Growth adjustment factor,0,percent0,,,,,1,,,,,0,Axis decimal places,0,,raw,raw count percent formatting mode,0,,1,Axis multiplier,0,,,Axis suffix,0,,,,,,fiscal
Y,vis_10,vis_10,adf,adf.all,all,All Detainees,(BookNumber.notna()),adf,all,,,,,,,,,,,,,,,,,,,,,,,,,,,,,,,,,,,,,,,,,,,,,,,,,,,,,,,,,,,,,,,,,,,,,,,,,,,,,week,Aggregation level (hour/day_of_week/month/week),0,,,,,,,,,,,,,,30,,,,#2ca02c,,,,--,,,,1.25,,,,TRUE,,,,,,,,,,,,,,,,,,,,,,,,,,,,,,,,,,,,,,,,,,,,,,,,LC ADF,300,Image resolution,0,,,,,,1,12/31/2025,1,ESI 1 volume multiplier,0,percent0,1,ESI 2 volume multiplier,0,percent0,1,ESI 3 volume multiplier,0,percent0,1,ESI 4 volume multiplier,0,percent0,1,ESI 5 volume multiplier,0,percent0,,,,,6,Figure height,0,,10,Figure width,0,,,,,,,,,,Segoe UI,Global font family,0,,,,,,0,Display start value for graph,0,hour12,TRUE,,,,,,,,,,,,10,Legend font size,0,,3,Legend height,0,,2,Legend columns,0,,4,Legend width,0,,,,,,#A7AAAD,Off-peak bars,0,,#6F994E,P70 line,0,,#F2B701,P80 line,0,,#F28E2B,P90 line,0,,#3E839E,Peak bars,0,,#0B4F79,Peak census line,0,,12,Length of peak period,0,integer,auto,Peak period parameter mode,0,,6,Start for peak period,0,integer,vis_10_title,,,,vis_10_title,,,,vis_10_legend,,,,vis_10_legend,,,,vis_10_parameters,,,,vis_10_param,,,,_room_need_,,,,vis_10_tbl01,,,,vis_10__,,,,vis_10_image,,,,,,,,,,,,,,,,,,,,group3,,,,3,,,,pptx_template.vis_10.test.pptx,,,,8,,,,,,,,,,,,,,,,,,,,,,,,,,,,,,,,,,,,,,,,#D40062,Room need line,0,,,,,,,,,,,,,,1/1/2021,12,Subtitle font size,0,,8,Axis tick label size,0,,#d9d9d9,Background color,0,,16,Title font size,0,,0.3,Title image height,0,,bold,Title font weight,0,,13.33,Title image width,0,,,,,,,,,,,,,,,,,,,,,,cohort,0.85,Capacity Utilization Factor,1,percent0,0,Growth adjustment factor,0,percent0,,,,,1,,,,,0,Axis decimal places,0,,raw,raw count percent formatting mode,0,,1,Axis multiplier,0,,,Axis suffix,0,,,,,,fiscal
N,vis_10,vis_10,adf,adf.all.55plus,all.55plus,All Detainees 55+,(True) & (age_bracket == 'adult 55+'),adf,all.55plus,,,,,,,,,,,,,,,,,,,,,,,,,,,,,,,,,,,,,,,,,,,,,,,,,,,,,,,,,,,,,,,,,,,,,,,,,,,,,week,Aggregation level (hour/day_of_week/month/week),0,,,,,,,,,,,,,,30,,,,#2ca02c,,,,--,,,,1.25,,,,TRUE,,,,,,,,,,,,,,,,,,,,,,,,,,,,,,,,,,,,,,,,,,,,,,,,LC ADF,300,Image resolution,0,,,,,,1,12/31/2025,1,ESI 1 volume multiplier,0,percent0,1,ESI 2 volume multiplier,0,percent0,1,ESI 3 volume multiplier,0,percent0,1,ESI 4 volume multiplier,0,percent0,1,ESI 5 volume multiplier,0,percent0,,,,,6,Figure height,0,,10,Figure width,0,,,,,,,,,,Segoe UI,Global font family,0,,,,,,0,Display start value for graph,0,hour12,TRUE,,,,,,,,,,,,10,Legend font size,0,,3,Legend height,0,,2,Legend columns,0,,4,Legend width,0,,,,,,#A7AAAD,Off-peak bars,0,,#6F994E,P70 line,0,,#F2B701,P80 line,0,,#F28E2B,P90 line,0,,#3E839E,Peak bars,0,,#0B4F79,Peak census line,0,,12,Length of peak period,0,integer,auto,Peak period parameter mode,0,,6,Start for peak period,0,integer,vis_10_title,,,,vis_10_title,,,,vis_10_legend,,,,vis_10_legend,,,,vis_10_parameters,,,,vis_10_param,,,,_room_need_,,,,vis_10_tbl01,,,,vis_10__,,,,vis_10_image,,,,,,,,,,,,,,,,,,,,group3,,,,3,,,,pptx_template.vis_10.test.pptx,,,,8,,,,,,,,,,,,,,,,,,,,,,,,,,,,,,,,,,,,,,,,#D40062,Room need line,0,,,,,,,,,,,,,,1/1/2021,12,Subtitle font size,0,,8,Axis tick label size,0,,#d9d9d9,Background color,0,,16,Title font size,0,,0.3,Title image height,0,,bold,Title font weight,0,,13.33,Title image width,0,,,,,,,,,,,,,,,,,,,,,,cohort,0.85,Capacity Utilization Factor,1,percent0,0,Growth adjustment factor,0,percent0,,,,,1,,,,,0,Axis decimal places,0,,raw,raw count percent formatting mode,0,,1,Axis multiplier,0,,,Axis suffix,0,,,,,,fiscal
N,vis_10,vis_10,adf,adf.all.ch_high,all.chronic_high,All Detainees Highly Severe Chronic Health Condition,(True) & (chronic_status == 'HIGH'),adf,all.ch_high,,,,,,,,,,,,,,,,,,,,,,,,,,,,,,,,,,,,,,,,,,,,,,,,,,,,,,,,,,,,,,,,,,,,,,,,,,,,,week,Aggregation level (hour/day_of_week/month/week),0,,,,,,,,,,,,,,30,,,,#2ca02c,,,,--,,,,1.25,,,,TRUE,,,,,,,,,,,,,,,,,,,,,,,,,,,,,,,,,,,,,,,,,,,,,,,,LC ADF,300,Image resolution,0,,,,,,1,12/31/2025,1,ESI 1 volume multiplier,0,percent0,1,ESI 2 volume multiplier,0,percent0,1,ESI 3 volume multiplier,0,percent0,1,ESI 4 volume multiplier,0,percent0,1,ESI 5 volume multiplier,0,percent0,,,,,6,Figure height,0,,10,Figure width,0,,,,,,,,,,Segoe UI,Global font family,0,,,,,,0,Display start value for graph,0,hour12,TRUE,,,,,,,,,,,,10,Legend font size,0,,3,Legend height,0,,2,Legend columns,0,,4,Legend width,0,,,,,,#A7AAAD,Off-peak bars,0,,#6F994E,P70 line,0,,#F2B701,P80 line,0,,#F28E2B,P90 line,0,,#3E839E,Peak bars,0,,#0B4F79,Peak census line,0,,12,Length of peak period,0,integer,auto,Peak period parameter mode,0,,6,Start for peak period,0,integer,vis_10_title,,,,vis_10_title,,,,vis_10_legend,,,,vis_10_legend,,,,vis_10_parameters,,,,vis_10_param,,,,_room_need_,,,,vis_10_tbl01,,,,vis_10__,,,,vis_10_image,,,,,,,,,,,,,,,,,,,,group3,,,,3,,,,pptx_template.vis_10.test.pptx,,,,8,,,,,,,,,,,,,,,,,,,,,,,,,,,,,,,,,,,,,,,,#D40062,Room need line,0,,,,,,,,,,,,,,1/1/2021,12,Subtitle font size,0,,8,Axis tick label size,0,,#d9d9d9,Background color,0,,16,Title font size,0,,0.3,Title image height,0,,bold,Title font weight,0,,13.33,Title image width,0,,,,,,,,,,,,,,,,,,,,,,cohort,0.85,Capacity Utilization Factor,1,percent0,0,Growth adjustment factor,0,percent0,,,,,1,,,,,0,Axis decimal places,0,,raw,raw count percent formatting mode,0,,1,Axis multiplier,0,,,Axis suffix,0,,,,,,fiscal
N,vis_10,vis_10,adf,adf.all.ch_low_mod_no,all.chronic_low_moderate_no_chronic,All Detainees Low/Moderate/No Chronic Health Condition,"(True) & (chronic_status .isin(['LOW','MODERATE','NO CHRONIC CONDITION']))",adf,all.ch_low_mod_no,,,,,,,,,,,,,,,,,,,,,,,,,,,,,,,,,,,,,,,,,,,,,,,,,,,,,,,,,,,,,,,,,,,,,,,,,,,,,week,Aggregation level (hour/day_of_week/month/week),0,,,,,,,,,,,,,,30,,,,#2ca02c,,,,--,,,,1.25,,,,TRUE,,,,,,,,,,,,,,,,,,,,,,,,,,,,,,,,,,,,,,,,,,,,,,,,LC ADF,300,Image resolution,0,,,,,,1,12/31/2025,1,ESI 1 volume multiplier,0,percent0,1,ESI 2 volume multiplier,0,percent0,1,ESI 3 volume multiplier,0,percent0,1,ESI 4 volume multiplier,0,percent0,1,ESI 5 volume multiplier,0,percent0,,,,,6,Figure height,0,,10,Figure width,0,,,,,,,,,,Segoe UI,Global font family,0,,,,,,0,Display start value for graph,0,hour12,TRUE,,,,,,,,,,,,10,Legend font size,0,,3,Legend height,0,,2,Legend columns,0,,4,Legend width,0,,,,,,#A7AAAD,Off-peak bars,0,,#6F994E,P70 line,0,,#F2B701,P80 line,0,,#F28E2B,P90 line,0,,#3E839E,Peak bars,0,,#0B4F79,Peak census line,0,,12,Length of peak period,0,integer,auto,Peak period parameter mode,0,,6,Start for peak period,0,integer,vis_10_title,,,,vis_10_title,,,,vis_10_legend,,,,vis_10_legend,,,,vis_10_parameters,,,,vis_10_param,,,,_room_need_,,,,vis_10_tbl01,,,,vis_10__,,,,vis_10_image,,,,,,,,,,,,,,,,,,,,group3,,,,3,,,,pptx_template.vis_10.test.pptx,,,,8,,,,,,,,,,,,,,,,,,,,,,,,,,,,,,,,,,,,,,,,#D40062,Room need line,0,,,,,,,,,,,,,,1/1/2021,12,Subtitle font size,0,,8,Axis tick label size,0,,#d9d9d9,Background color,0,,16,Title font size,0,,0.3,Title image height,0,,bold,Title font weight,0,,13.33,Title image width,0,,,,,,,,,,,,,,,,,,,,,,cohort,0.85,Capacity Utilization Factor,1,percent0,0,Growth adjustment factor,0,percent0,,,,,1,,,,,0,Axis decimal places,0,,raw,raw count percent formatting mode,0,,1,Axis multiplier,0,,,Axis suffix,0,,,,,,fiscal
N,vis_10,vis_10,adf,adf.all.u55,all.u55,All Detainees Under 55,(True) & (age_bracket == 'adult under 55'),adf,all.u55,,,,,,,,,,,,,,,,,,,,,,,,,,,,,,,,,,,,,,,,,,,,,,,,,,,,,,,,,,,,,,,,,,,,,,,,,,,,,week,Aggregation level (hour/day_of_week/month/week),0,,,,,,,,,,,,,,30,,,,#2ca02c,,,,--,,,,1.25,,,,TRUE,,,,,,,,,,,,,,,,,,,,,,,,,,,,,,,,,,,,,,,,,,,,,,,,LC ADF,300,Image resolution,0,,,,,,1,12/31/2025,1,ESI 1 volume multiplier,0,percent0,1,ESI 2 volume multiplier,0,percent0,1,ESI 3 volume multiplier,0,percent0,1,ESI 4 volume multiplier,0,percent0,1,ESI 5 volume multiplier,0,percent0,,,,,6,Figure height,0,,10,Figure width,0,,,,,,,,,,Segoe UI,Global font family,0,,,,,,0,Display start value for graph,0,hour12,TRUE,,,,,,,,,,,,10,Legend font size,0,,3,Legend height,0,,2,Legend columns,0,,4,Legend width,0,,,,,,#A7AAAD,Off-peak bars,0,,#6F994E,P70 line,0,,#F2B701,P80 line,0,,#F28E2B,P90 line,0,,#3E839E,Peak bars,0,,#0B4F79,Peak census line,0,,12,Length of peak period,0,integer,auto,Peak period parameter mode,0,,6,Start for peak period,0,integer,vis_10_title,,,,vis_10_title,,,,vis_10_legend,,,,vis_10_legend,,,,vis_10_parameters,,,,vis_10_param,,,,_room_need_,,,,vis_10_tbl01,,,,vis_10__,,,,vis_10_image,,,,,,,,,,,,,,,,,,,,group3,,,,3,,,,pptx_template.vis_10.test.pptx,,,,8,,,,,,,,,,,,,,,,,,,,,,,,,,,,,,,,,,,,,,,,#D40062,Room need line,0,,,,,,,,,,,,,,1/1/2021,12,Subtitle font size,0,,8,Axis tick label size,0,,#d9d9d9,Background color,0,,16,Title font size,0,,0.3,Title image height,0,,bold,Title font weight,0,,13.33,Title image width,0,,,,,,,,,,,,,,,,,,,,,,cohort,0.85,Capacity Utilization Factor,1,percent0,0,Growth adjustment factor,0,percent0,,,,,1,,,,,0,Axis decimal places,0,,raw,raw count percent formatting mode,0,,1,Axis multiplier,0,,,Axis suffix,0,,,,,,fiscal
N,vis_10,vis_10,adf,adf.as,as,Administrative Segregation,"((custody_class.str.contains('AS', na=False)) | custody_class.isin(['AS/KS', 'S3 AS/KS', 'S3- AS/KS'])) & (housing != 'S2')",adf,as,,,,,,,,,,,,,,,,,,,,,,,,,,,,,,,,,,,,,,,,,,,,,,,,,,,,,,,,,,,,,,,,,,,,,,,,,,,,,week,Aggregation level (hour/day_of_week/month/week),0,,,,,,,,,,,,,,30,,,,#2ca02c,,,,--,,,,1.25,,,,TRUE,,,,,,,,,,,,,,,,,,,,,,,,,,,,,,,,,,,,,,,,,,,,,,,,LC ADF,300,Image resolution,0,,,,,,1,12/31/2025,1,ESI 1 volume multiplier,0,percent0,1,ESI 2 volume multiplier,0,percent0,1,ESI 3 volume multiplier,0,percent0,1,ESI 4 volume multiplier,0,percent0,1,ESI 5 volume multiplier,0,percent0,,,,,6,Figure height,0,,10,Figure width,0,,,,,,,,,,Segoe UI,Global font family,0,,,,,,0,Display start value for graph,0,hour12,TRUE,,,,,,,,,,,,10,Legend font size,0,,3,Legend height,0,,2,Legend columns,0,,4,Legend width,0,,,,,,#A7AAAD,Off-peak bars,0,,#6F994E,P70 line,0,,#F2B701,P80 line,0,,#F28E2B,P90 line,0,,#3E839E,Peak bars,0,,#0B4F79,Peak census line,0,,12,Length of peak period,0,integer,auto,Peak period parameter mode,0,,6,Start for peak period,0,integer,vis_10_title,,,,vis_10_title,,,,vis_10_legend,,,,vis_10_legend,,,,vis_10_parameters,,,,vis_10_param,,,,_room_need_,,,,vis_10_tbl01,,,,vis_10__,,,,vis_10_image,,,,,,,,,,,,,,,,,,,,group3,,,,3,,,,pptx_template.vis_10.test.pptx,,,,8,,,,,,,,,,,,,,,,,,,,,,,,,,,,,,,,,,,,,,,,#D40062,Room need line,0,,,,,,,,,,,,,,1/1/2021,12,Subtitle font size,0,,8,Axis tick label size,0,,#d9d9d9,Background color,0,,16,Title font size,0,,0.3,Title image height,0,,bold,Title font weight,0,,13.33,Title image width,0,,,,,,,,,,,,,,,,,,,,,,cohort,0.85,Capacity Utilization Factor,1,percent0,0,Growth adjustment factor,0,percent0,,,,,1,,,,,0,Axis decimal places,0,,raw,raw count percent formatting mode,0,,1,Axis multiplier,0,,,Axis suffix,0,,,,,,fiscal
N,vis_10,vis_10,adf,adf.as.55plus,as.55plus,Administrative Segregation 55+,"(((custody_class.str.contains('AS', na=False)) | custody_class.isin(['AS/KS', 'S3 AS/KS', 'S3- AS/KS'])) & (housing != 'S2')) & (age_bracket == 'adult 55+')",adf,as.55plus,,,,,,,,,,,,,,,,,,,,,,,,,,,,,,,,,,,,,,,,,,,,,,,,,,,,,,,,,,,,,,,,,,,,,,,,,,,,,week,Aggregation level (hour/day_of_week/month/week),0,,,,,,,,,,,,,,30,,,,#2ca02c,,,,--,,,,1.25,,,,TRUE,,,,,,,,,,,,,,,,,,,,,,,,,,,,,,,,,,,,,,,,,,,,,,,,LC ADF,300,Image resolution,0,,,,,,1,12/31/2025,1,ESI 1 volume multiplier,0,percent0,1,ESI 2 volume multiplier,0,percent0,1,ESI 3 volume multiplier,0,percent0,1,ESI 4 volume multiplier,0,percent0,1,ESI 5 volume multiplier,0,percent0,,,,,6,Figure height,0,,10,Figure width,0,,,,,,,,,,Segoe UI,Global font family,0,,,,,,0,Display start value for graph,0,hour12,TRUE,,,,,,,,,,,,10,Legend font size,0,,3,Legend height,0,,2,Legend columns,0,,4,Legend width,0,,,,,,#A7AAAD,Off-peak bars,0,,#6F994E,P70 line,0,,#F2B701,P80 line,0,,#F28E2B,P90 line,0,,#3E839E,Peak bars,0,,#0B4F79,Peak census line,0,,12,Length of peak period,0,integer,auto,Peak period parameter mode,0,,6,Start for peak period,0,integer,vis_10_title,,,,vis_10_title,,,,vis_10_legend,,,,vis_10_legend,,,,vis_10_parameters,,,,vis_10_param,,,,_room_need_,,,,vis_10_tbl01,,,,vis_10__,,,,vis_10_image,,,,,,,,,,,,,,,,,,,,group3,,,,3,,,,pptx_template.vis_10.test.pptx,,,,8,,,,,,,,,,,,,,,,,,,,,,,,,,,,,,,,,,,,,,,,#D40062,Room need line,0,,,,,,,,,,,,,,1/1/2021,12,Subtitle font size,0,,8,Axis tick label size,0,,#d9d9d9,Background color,0,,16,Title font size,0,,0.3,Title image height,0,,bold,Title font weight,0,,13.33,Title image width,0,,,,,,,,,,,,,,,,,,,,,,cohort,0.85,Capacity Utilization Factor,1,percent0,0,Growth adjustment factor,0,percent0,,,,,1,,,,,0,Axis decimal places,0,,raw,raw count percent formatting mode,0,,1,Axis multiplier,0,,,Axis suffix,0,,,,,,fiscal
N,vis_10,vis_10,adf,adf.as.ch_high,as.chronic_high,Administrative Segregation Highly Severe Chronic Health Condition,"(((custody_class.str.contains('AS', na=False)) | custody_class.isin(['AS/KS', 'S3 AS/KS', 'S3- AS/KS'])) & (housing != 'S2')) & (chronic_status == 'HIGH')",adf,as.ch_high,,,,,,,,,,,,,,,,,,,,,,,,,,,,,,,,,,,,,,,,,,,,,,,,,,,,,,,,,,,,,,,,,,,,,,,,,,,,,week,Aggregation level (hour/day_of_week/month/week),0,,,,,,,,,,,,,,30,,,,#2ca02c,,,,--,,,,1.25,,,,TRUE,,,,,,,,,,,,,,,,,,,,,,,,,,,,,,,,,,,,,,,,,,,,,,,,LC ADF,300,Image resolution,0,,,,,,1,12/31/2025,1,ESI 1 volume multiplier,0,percent0,1,ESI 2 volume multiplier,0,percent0,1,ESI 3 volume multiplier,0,percent0,1,ESI 4 volume multiplier,0,percent0,1,ESI 5 volume multiplier,0,percent0,,,,,6,Figure height,0,,10,Figure width,0,,,,,,,,,,Segoe UI,Global font family,0,,,,,,0,Display start value for graph,0,hour12,TRUE,,,,,,,,,,,,10,Legend font size,0,,3,Legend height,0,,2,Legend columns,0,,4,Legend width,0,,,,,,#A7AAAD,Off-peak bars,0,,#6F994E,P70 line,0,,#F2B701,P80 line,0,,#F28E2B,P90 line,0,,#3E839E,Peak bars,0,,#0B4F79,Peak census line,0,,12,Length of peak period,0,integer,auto,Peak period parameter mode,0,,6,Start for peak period,0,integer,vis_10_title,,,,vis_10_title,,,,vis_10_legend,,,,vis_10_legend,,,,vis_10_parameters,,,,vis_10_param,,,,_room_need_,,,,vis_10_tbl01,,,,vis_10__,,,,vis_10_image,,,,,,,,,,,,,,,,,,,,group3,,,,3,,,,pptx_template.vis_10.test.pptx,,,,8,,,,,,,,,,,,,,,,,,,,,,,,,,,,,,,,,,,,,,,,#D40062,Room need line,0,,,,,,,,,,,,,,1/1/2021,12,Subtitle font size,0,,8,Axis tick label size,0,,#d9d9d9,Background color,0,,16,Title font size,0,,0.3,Title image height,0,,bold,Title font weight,0,,13.33,Title image width,0,,,,,,,,,,,,,,,,,,,,,,cohort,0.85,Capacity Utilization Factor,1,percent0,0,Growth adjustment factor,0,percent0,,,,,1,,,,,0,Axis decimal places,0,,raw,raw count percent formatting mode,0,,1,Axis multiplier,0,,,Axis suffix,0,,,,,,fiscal
N,vis_10,vis_10,adf,adf.as.ch_low_mod_no,as.chronic_low_moderate_no_chronic,Administrative Segregation Low/Moderate/No Chronic Health Condition,"(((custody_class.str.contains('AS', na=False)) | custody_class.isin(['AS/KS', 'S3 AS/KS', 'S3- AS/KS'])) & (housing != 'S2')) & (chronic_status .isin(['LOW','MODERATE','NO CHRONIC CONDITION']))",adf,as.ch_low_mod_no,,,,,,,,,,,,,,,,,,,,,,,,,,,,,,,,,,,,,,,,,,,,,,,,,,,,,,,,,,,,,,,,,,,,,,,,,,,,,week,Aggregation level (hour/day_of_week/month/week),0,,,,,,,,,,,,,,30,,,,#2ca02c,,,,--,,,,1.25,,,,TRUE,,,,,,,,,,,,,,,,,,,,,,,,,,,,,,,,,,,,,,,,,,,,,,,,LC ADF,300,Image resolution,0,,,,,,1,12/31/2025,1,ESI 1 volume multiplier,0,percent0,1,ESI 2 volume multiplier,0,percent0,1,ESI 3 volume multiplier,0,percent0,1,ESI 4 volume multiplier,0,percent0,1,ESI 5 volume multiplier,0,percent0,,,,,6,Figure height,0,,10,Figure width,0,,,,,,,,,,Segoe UI,Global font family,0,,,,,,0,Display start value for graph,0,hour12,TRUE,,,,,,,,,,,,10,Legend font size,0,,3,Legend height,0,,2,Legend columns,0,,4,Legend width,0,,,,,,#A7AAAD,Off-peak bars,0,,#6F994E,P70 line,0,,#F2B701,P80 line,0,,#F28E2B,P90 line,0,,#3E839E,Peak bars,0,,#0B4F79,Peak census line,0,,12,Length of peak period,0,integer,auto,Peak period parameter mode,0,,6,Start for peak period,0,integer,vis_10_title,,,,vis_10_title,,,,vis_10_legend,,,,vis_10_legend,,,,vis_10_parameters,,,,vis_10_param,,,,_room_need_,,,,vis_10_tbl01,,,,vis_10__,,,,vis_10_image,,,,,,,,,,,,,,,,,,,,group3,,,,3,,,,pptx_template.vis_10.test.pptx,,,,8,,,,,,,,,,,,,,,,,,,,,,,,,,,,,,,,,,,,,,,,#D40062,Room need line,0,,,,,,,,,,,,,,1/1/2021,12,Subtitle font size,0,,8,Axis tick label size,0,,#d9d9d9,Background color,0,,16,Title font size,0,,0.3,Title image height,0,,bold,Title font weight,0,,13.33,Title image width,0,,,,,,,,,,,,,,,,,,,,,,cohort,0.85,Capacity Utilization Factor,1,percent0,0,Growth adjustment factor,0,percent0,,,,,1,,,,,0,Axis decimal places,0,,raw,raw count percent formatting mode,0,,1,Axis multiplier,0,,,Axis suffix,0,,,,,,fiscal
N,vis_10,vis_10,adf,adf.as.f,as.female,Administrative Segregation Female,"(((custody_class.str.contains('AS', na=False)) | custody_class.isin(['AS/KS', 'S3 AS/KS', 'S3- AS/KS'])) & (housing != 'S2')) & (sex == 'F')",adf,as.f,,,,,,,,,,,,,,,,,,,,,,,,,,,,,,,,,,,,,,,,,,,,,,,,,,,,,,,,,,,,,,,,,,,,,,,,,,,,,week,Aggregation level (hour/day_of_week/month/week),0,,,,,,,,,,,,,,30,,,,#2ca02c,,,,--,,,,1.25,,,,TRUE,,,,,,,,,,,,,,,,,,,,,,,,,,,,,,,,,,,,,,,,,,,,,,,,LC ADF,300,Image resolution,0,,,,,,1,12/31/2025,1,ESI 1 volume multiplier,0,percent0,1,ESI 2 volume multiplier,0,percent0,1,ESI 3 volume multiplier,0,percent0,1,ESI 4 volume multiplier,0,percent0,1,ESI 5 volume multiplier,0,percent0,,,,,6,Figure height,0,,10,Figure width,0,,,,,,,,,,Segoe UI,Global font family,0,,,,,,0,Display start value for graph,0,hour12,TRUE,,,,,,,,,,,,10,Legend font size,0,,3,Legend height,0,,2,Legend columns,0,,4,Legend width,0,,,,,,#A7AAAD,Off-peak bars,0,,#6F994E,P70 line,0,,#F2B701,P80 line,0,,#F28E2B,P90 line,0,,#3E839E,Peak bars,0,,#0B4F79,Peak census line,0,,12,Length of peak period,0,integer,auto,Peak period parameter mode,0,,6,Start for peak period,0,integer,vis_10_title,,,,vis_10_title,,,,vis_10_legend,,,,vis_10_legend,,,,vis_10_parameters,,,,vis_10_param,,,,_room_need_,,,,vis_10_tbl01,,,,vis_10__,,,,vis_10_image,,,,,,,,,,,,,,,,,,,,group3,,,,3,,,,pptx_template.vis_10.test.pptx,,,,8,,,,,,,,,,,,,,,,,,,,,,,,,,,,,,,,,,,,,,,,#D40062,Room need line,0,,,,,,,,,,,,,,1/1/2021,12,Subtitle font size,0,,8,Axis tick label size,0,,#d9d9d9,Background color,0,,16,Title font size,0,,0.3,Title image height,0,,bold,Title font weight,0,,13.33,Title image width,0,,,,,,,,,,,,,,,,,,,,,,cohort,0.85,Capacity Utilization Factor,1,percent0,0,Growth adjustment factor,0,percent0,,,,,1,,,,,0,Axis decimal places,0,,raw,raw count percent formatting mode,0,,1,Axis multiplier,0,,,Axis suffix,0,,,,,,fiscal
N,vis_10,vis_10,adf,adf.as.f.55plus,as.female.55plus,Administrative Segregation Female 55+,"((((custody_class.str.contains('AS', na=False)) | custody_class.isin(['AS/KS', 'S3 AS/KS', 'S3- AS/KS'])) & (housing != 'S2')) & (sex == 'F')) & (age_bracket == 'adult 55+')",adf,as.f.55plus,,,,,,,,,,,,,,,,,,,,,,,,,,,,,,,,,,,,,,,,,,,,,,,,,,,,,,,,,,,,,,,,,,,,,,,,,,,,,week,Aggregation level (hour/day_of_week/month/week),0,,,,,,,,,,,,,,30,,,,#2ca02c,,,,--,,,,1.25,,,,TRUE,,,,,,,,,,,,,,,,,,,,,,,,,,,,,,,,,,,,,,,,,,,,,,,,LC ADF,300,Image resolution,0,,,,,,1,12/31/2025,1,ESI 1 volume multiplier,0,percent0,1,ESI 2 volume multiplier,0,percent0,1,ESI 3 volume multiplier,0,percent0,1,ESI 4 volume multiplier,0,percent0,1,ESI 5 volume multiplier,0,percent0,,,,,6,Figure height,0,,10,Figure width,0,,,,,,,,,,Segoe UI,Global font family,0,,,,,,0,Display start value for graph,0,hour12,TRUE,,,,,,,,,,,,10,Legend font size,0,,3,Legend height,0,,2,Legend columns,0,,4,Legend width,0,,,,,,#A7AAAD,Off-peak bars,0,,#6F994E,P70 line,0,,#F2B701,P80 line,0,,#F28E2B,P90 line,0,,#3E839E,Peak bars,0,,#0B4F79,Peak census line,0,,12,Length of peak period,0,integer,auto,Peak period parameter mode,0,,6,Start for peak period,0,integer,vis_10_title,,,,vis_10_title,,,,vis_10_legend,,,,vis_10_legend,,,,vis_10_parameters,,,,vis_10_param,,,,_room_need_,,,,vis_10_tbl01,,,,vis_10__,,,,vis_10_image,,,,,,,,,,,,,,,,,,,,group3,,,,3,,,,pptx_template.vis_10.test.pptx,,,,8,,,,,,,,,,,,,,,,,,,,,,,,,,,,,,,,,,,,,,,,#D40062,Room need line,0,,,,,,,,,,,,,,1/1/2021,12,Subtitle font size,0,,8,Axis tick label size,0,,#d9d9d9,Background color,0,,16,Title font size,0,,0.3,Title image height,0,,bold,Title font weight,0,,13.33,Title image width,0,,,,,,,,,,,,,,,,,,,,,,cohort,0.85,Capacity Utilization Factor,1,percent0,0,Growth adjustment factor,0,percent0,,,,,1,,,,,0,Axis decimal places,0,,raw,raw count percent formatting mode,0,,1,Axis multiplier,0,,,Axis suffix,0,,,,,,fiscal
N,vis_10,vis_10,adf,adf.as.f.ch_high,as.female.chronic_high,Administrative Segregation Female Highly Severe Chronic Health Condition,"((((custody_class.str.contains('AS', na=False)) | custody_class.isin(['AS/KS', 'S3 AS/KS', 'S3- AS/KS'])) & (housing != 'S2')) & (sex == 'F')) & (chronic_status == 'HIGH')",adf,as.f.ch_high,,,,,,,,,,,,,,,,,,,,,,,,,,,,,,,,,,,,,,,,,,,,,,,,,,,,,,,,,,,,,,,,,,,,,,,,,,,,,week,Aggregation level (hour/day_of_week/month/week),0,,,,,,,,,,,,,,30,,,,#2ca02c,,,,--,,,,1.25,,,,TRUE,,,,,,,,,,,,,,,,,,,,,,,,,,,,,,,,,,,,,,,,,,,,,,,,LC ADF,300,Image resolution,0,,,,,,1,12/31/2025,1,ESI 1 volume multiplier,0,percent0,1,ESI 2 volume multiplier,0,percent0,1,ESI 3 volume multiplier,0,percent0,1,ESI 4 volume multiplier,0,percent0,1,ESI 5 volume multiplier,0,percent0,,,,,6,Figure height,0,,10,Figure width,0,,,,,,,,,,Segoe UI,Global font family,0,,,,,,0,Display start value for graph,0,hour12,TRUE,,,,,,,,,,,,10,Legend font size,0,,3,Legend height,0,,2,Legend columns,0,,4,Legend width,0,,,,,,#A7AAAD,Off-peak bars,0,,#6F994E,P70 line,0,,#F2B701,P80 line,0,,#F28E2B,P90 line,0,,#3E839E,Peak bars,0,,#0B4F79,Peak census line,0,,12,Length of peak period,0,integer,auto,Peak period parameter mode,0,,6,Start for peak period,0,integer,vis_10_title,,,,vis_10_title,,,,vis_10_legend,,,,vis_10_legend,,,,vis_10_parameters,,,,vis_10_param,,,,_room_need_,,,,vis_10_tbl01,,,,vis_10__,,,,vis_10_image,,,,,,,,,,,,,,,,,,,,group3,,,,3,,,,pptx_template.vis_10.test.pptx,,,,8,,,,,,,,,,,,,,,,,,,,,,,,,,,,,,,,,,,,,,,,#D40062,Room need line,0,,,,,,,,,,,,,,1/1/2021,12,Subtitle font size,0,,8,Axis tick label size,0,,#d9d9d9,Background color,0,,16,Title font size,0,,0.3,Title image height,0,,bold,Title font weight,0,,13.33,Title image width,0,,,,,,,,,,,,,,,,,,,,,,cohort,0.85,Capacity Utilization Factor,1,percent0,0,Growth adjustment factor,0,percent0,,,,,1,,,,,0,Axis decimal places,0,,raw,raw count percent formatting mode,0,,1,Axis multiplier,0,,,Axis suffix,0,,,,,,fiscal
N,vis_10,vis_10,adf,adf.as.f.ch_low_mod_no,as.female.chronic_low_moderate_no_chronic,Administrative Segregation Female Low/Moderate/No Chronic Health Condition,"((((custody_class.str.contains('AS', na=False)) | custody_class.isin(['AS/KS', 'S3 AS/KS', 'S3- AS/KS'])) & (housing != 'S2')) & (sex == 'F')) & (chronic_status .isin(['LOW','MODERATE','NO CHRONIC CONDITION']))",adf,as.f.ch_low_mod_no,,,,,,,,,,,,,,,,,,,,,,,,,,,,,,,,,,,,,,,,,,,,,,,,,,,,,,,,,,,,,,,,,,,,,,,,,,,,,week,Aggregation level (hour/day_of_week/month/week),0,,,,,,,,,,,,,,30,,,,#2ca02c,,,,--,,,,1.25,,,,TRUE,,,,,,,,,,,,,,,,,,,,,,,,,,,,,,,,,,,,,,,,,,,,,,,,LC ADF,300,Image resolution,0,,,,,,1,12/31/2025,1,ESI 1 volume multiplier,0,percent0,1,ESI 2 volume multiplier,0,percent0,1,ESI 3 volume multiplier,0,percent0,1,ESI 4 volume multiplier,0,percent0,1,ESI 5 volume multiplier,0,percent0,,,,,6,Figure height,0,,10,Figure width,0,,,,,,,,,,Segoe UI,Global font family,0,,,,,,0,Display start value for graph,0,hour12,TRUE,,,,,,,,,,,,10,Legend font size,0,,3,Legend height,0,,2,Legend columns,0,,4,Legend width,0,,,,,,#A7AAAD,Off-peak bars,0,,#6F994E,P70 line,0,,#F2B701,P80 line,0,,#F28E2B,P90 line,0,,#3E839E,Peak bars,0,,#0B4F79,Peak census line,0,,12,Length of peak period,0,integer,auto,Peak period parameter mode,0,,6,Start for peak period,0,integer,vis_10_title,,,,vis_10_title,,,,vis_10_legend,,,,vis_10_legend,,,,vis_10_parameters,,,,vis_10_param,,,,_room_need_,,,,vis_10_tbl01,,,,vis_10__,,,,vis_10_image,,,,,,,,,,,,,,,,,,,,group3,,,,3,,,,pptx_template.vis_10.test.pptx,,,,8,,,,,,,,,,,,,,,,,,,,,,,,,,,,,,,,,,,,,,,,#D40062,Room need line,0,,,,,,,,,,,,,,1/1/2021,12,Subtitle font size,0,,8,Axis tick label size,0,,#d9d9d9,Background color,0,,16,Title font size,0,,0.3,Title image height,0,,bold,Title font weight,0,,13.33,Title image width,0,,,,,,,,,,,,,,,,,,,,,,cohort,0.85,Capacity Utilization Factor,1,percent0,0,Growth adjustment factor,0,percent0,,,,,1,,,,,0,Axis decimal places,0,,raw,raw count percent formatting mode,0,,1,Axis multiplier,0,,,Axis suffix,0,,,,,,fiscal
N,vis_10,vis_10,adf,adf.as.f.u55,as.female.u55,Administrative Segregation Female Under 55,"((((custody_class.str.contains('AS', na=False)) | custody_class.isin(['AS/KS', 'S3 AS/KS', 'S3- AS/KS'])) & (housing != 'S2')) & (sex == 'F')) & (age_bracket == 'adult under 55')",adf,as.f.u55,,,,,,,,,,,,,,,,,,,,,,,,,,,,,,,,,,,,,,,,,,,,,,,,,,,,,,,,,,,,,,,,,,,,,,,,,,,,,week,Aggregation level (hour/day_of_week/month/week),0,,,,,,,,,,,,,,30,,,,#2ca02c,,,,--,,,,1.25,,,,TRUE,,,,,,,,,,,,,,,,,,,,,,,,,,,,,,,,,,,,,,,,,,,,,,,,LC ADF,300,Image resolution,0,,,,,,1,12/31/2025,1,ESI 1 volume multiplier,0,percent0,1,ESI 2 volume multiplier,0,percent0,1,ESI 3 volume multiplier,0,percent0,1,ESI 4 volume multiplier,0,percent0,1,ESI 5 volume multiplier,0,percent0,,,,,6,Figure height,0,,10,Figure width,0,,,,,,,,,,Segoe UI,Global font family,0,,,,,,0,Display start value for graph,0,hour12,TRUE,,,,,,,,,,,,10,Legend font size,0,,3,Legend height,0,,2,Legend columns,0,,4,Legend width,0,,,,,,#A7AAAD,Off-peak bars,0,,#6F994E,P70 line,0,,#F2B701,P80 line,0,,#F28E2B,P90 line,0,,#3E839E,Peak bars,0,,#0B4F79,Peak census line,0,,12,Length of peak period,0,integer,auto,Peak period parameter mode,0,,6,Start for peak period,0,integer,vis_10_title,,,,vis_10_title,,,,vis_10_legend,,,,vis_10_legend,,,,vis_10_parameters,,,,vis_10_param,,,,_room_need_,,,,vis_10_tbl01,,,,vis_10__,,,,vis_10_image,,,,,,,,,,,,,,,,,,,,group3,,,,3,,,,pptx_template.vis_10.test.pptx,,,,8,,,,,,,,,,,,,,,,,,,,,,,,,,,,,,,,,,,,,,,,#D40062,Room need line,0,,,,,,,,,,,,,,1/1/2021,12,Subtitle font size,0,,8,Axis tick label size,0,,#d9d9d9,Background color,0,,16,Title font size,0,,0.3,Title image height,0,,bold,Title font weight,0,,13.33,Title image width,0,,,,,,,,,,,,,,,,,,,,,,cohort,0.85,Capacity Utilization Factor,1,percent0,0,Growth adjustment factor,0,percent0,,,,,1,,,,,0,Axis decimal places,0,,raw,raw count percent formatting mode,0,,1,Axis multiplier,0,,,Axis suffix,0,,,,,,fiscal
N,vis_10,vis_10,adf,adf.as.m,as.male,Administrative Segregation Male,"(((custody_class.str.contains('AS', na=False)) | custody_class.isin(['AS/KS', 'S3 AS/KS', 'S3- AS/KS'])) & (housing != 'S2')) & (sex == 'M')",adf,as.m,,,,,,,,,,,,,,,,,,,,,,,,,,,,,,,,,,,,,,,,,,,,,,,,,,,,,,,,,,,,,,,,,,,,,,,,,,,,,week,Aggregation level (hour/day_of_week/month/week),0,,,,,,,,,,,,,,30,,,,#2ca02c,,,,--,,,,1.25,,,,TRUE,,,,,,,,,,,,,,,,,,,,,,,,,,,,,,,,,,,,,,,,,,,,,,,,LC ADF,300,Image resolution,0,,,,,,1,12/31/2025,1,ESI 1 volume multiplier,0,percent0,1,ESI 2 volume multiplier,0,percent0,1,ESI 3 volume multiplier,0,percent0,1,ESI 4 volume multiplier,0,percent0,1,ESI 5 volume multiplier,0,percent0,,,,,6,Figure height,0,,10,Figure width,0,,,,,,,,,,Segoe UI,Global font family,0,,,,,,0,Display start value for graph,0,hour12,TRUE,,,,,,,,,,,,10,Legend font size,0,,3,Legend height,0,,2,Legend columns,0,,4,Legend width,0,,,,,,#A7AAAD,Off-peak bars,0,,#6F994E,P70 line,0,,#F2B701,P80 line,0,,#F28E2B,P90 line,0,,#3E839E,Peak bars,0,,#0B4F79,Peak census line,0,,12,Length of peak period,0,integer,auto,Peak period parameter mode,0,,6,Start for peak period,0,integer,vis_10_title,,,,vis_10_title,,,,vis_10_legend,,,,vis_10_legend,,,,vis_10_parameters,,,,vis_10_param,,,,_room_need_,,,,vis_10_tbl01,,,,vis_10__,,,,vis_10_image,,,,,,,,,,,,,,,,,,,,group3,,,,3,,,,pptx_template.vis_10.test.pptx,,,,8,,,,,,,,,,,,,,,,,,,,,,,,,,,,,,,,,,,,,,,,#D40062,Room need line,0,,,,,,,,,,,,,,1/1/2021,12,Subtitle font size,0,,8,Axis tick label size,0,,#d9d9d9,Background color,0,,16,Title font size,0,,0.3,Title image height,0,,bold,Title font weight,0,,13.33,Title image width,0,,,,,,,,,,,,,,,,,,,,,,cohort,0.85,Capacity Utilization Factor,1,percent0,0,Growth adjustment factor,0,percent0,,,,,1,,,,,0,Axis decimal places,0,,raw,raw count percent formatting mode,0,,1,Axis multiplier,0,,,Axis suffix,0,,,,,,fiscal
N,vis_10,vis_10,adf,adf.as.m.55plus,as.male.55plus,Administrative Segregation Male 55+,"((((custody_class.str.contains('AS', na=False)) | custody_class.isin(['AS/KS', 'S3 AS/KS', 'S3- AS/KS'])) & (housing != 'S2')) & (sex == 'M')) & (age_bracket == 'adult 55+')",adf,as.m.55plus,,,,,,,,,,,,,,,,,,,,,,,,,,,,,,,,,,,,,,,,,,,,,,,,,,,,,,,,,,,,,,,,,,,,,,,,,,,,,week,Aggregation level (hour/day_of_week/month/week),0,,,,,,,,,,,,,,30,,,,#2ca02c,,,,--,,,,1.25,,,,TRUE,,,,,,,,,,,,,,,,,,,,,,,,,,,,,,,,,,,,,,,,,,,,,,,,LC ADF,300,Image resolution,0,,,,,,1,12/31/2025,1,ESI 1 volume multiplier,0,percent0,1,ESI 2 volume multiplier,0,percent0,1,ESI 3 volume multiplier,0,percent0,1,ESI 4 volume multiplier,0,percent0,1,ESI 5 volume multiplier,0,percent0,,,,,6,Figure height,0,,10,Figure width,0,,,,,,,,,,Segoe UI,Global font family,0,,,,,,0,Display start value for graph,0,hour12,TRUE,,,,,,,,,,,,10,Legend font size,0,,3,Legend height,0,,2,Legend columns,0,,4,Legend width,0,,,,,,#A7AAAD,Off-peak bars,0,,#6F994E,P70 line,0,,#F2B701,P80 line,0,,#F28E2B,P90 line,0,,#3E839E,Peak bars,0,,#0B4F79,Peak census line,0,,12,Length of peak period,0,integer,auto,Peak period parameter mode,0,,6,Start for peak period,0,integer,vis_10_title,,,,vis_10_title,,,,vis_10_legend,,,,vis_10_legend,,,,vis_10_parameters,,,,vis_10_param,,,,_room_need_,,,,vis_10_tbl01,,,,vis_10__,,,,vis_10_image,,,,,,,,,,,,,,,,,,,,group3,,,,3,,,,pptx_template.vis_10.test.pptx,,,,8,,,,,,,,,,,,,,,,,,,,,,,,,,,,,,,,,,,,,,,,#D40062,Room need line,0,,,,,,,,,,,,,,1/1/2021,12,Subtitle font size,0,,8,Axis tick label size,0,,#d9d9d9,Background color,0,,16,Title font size,0,,0.3,Title image height,0,,bold,Title font weight,0,,13.33,Title image width,0,,,,,,,,,,,,,,,,,,,,,,cohort,0.85,Capacity Utilization Factor,1,percent0,0,Growth adjustment factor,0,percent0,,,,,1,,,,,0,Axis decimal places,0,,raw,raw count percent formatting mode,0,,1,Axis multiplier,0,,,Axis suffix,0,,,,,,fiscal
N,vis_10,vis_10,adf,adf.as.m.ch_high,as.male.chronic_high,Administrative Segregation Male Highly Severe Chronic Health Condition,"((((custody_class.str.contains('AS', na=False)) | custody_class.isin(['AS/KS', 'S3 AS/KS', 'S3- AS/KS'])) & (housing != 'S2')) & (sex == 'M')) & (chronic_status == 'HIGH')",adf,as.m.ch_high,,,,,,,,,,,,,,,,,,,,,,,,,,,,,,,,,,,,,,,,,,,,,,,,,,,,,,,,,,,,,,,,,,,,,,,,,,,,,week,Aggregation level (hour/day_of_week/month/week),0,,,,,,,,,,,,,,30,,,,#2ca02c,,,,--,,,,1.25,,,,TRUE,,,,,,,,,,,,,,,,,,,,,,,,,,,,,,,,,,,,,,,,,,,,,,,,LC ADF,300,Image resolution,0,,,,,,1,12/31/2025,1,ESI 1 volume multiplier,0,percent0,1,ESI 2 volume multiplier,0,percent0,1,ESI 3 volume multiplier,0,percent0,1,ESI 4 volume multiplier,0,percent0,1,ESI 5 volume multiplier,0,percent0,,,,,6,Figure height,0,,10,Figure width,0,,,,,,,,,,Segoe UI,Global font family,0,,,,,,0,Display start value for graph,0,hour12,TRUE,,,,,,,,,,,,10,Legend font size,0,,3,Legend height,0,,2,Legend columns,0,,4,Legend width,0,,,,,,#A7AAAD,Off-peak bars,0,,#6F994E,P70 line,0,,#F2B701,P80 line,0,,#F28E2B,P90 line,0,,#3E839E,Peak bars,0,,#0B4F79,Peak census line,0,,12,Length of peak period,0,integer,auto,Peak period parameter mode,0,,6,Start for peak period,0,integer,vis_10_title,,,,vis_10_title,,,,vis_10_legend,,,,vis_10_legend,,,,vis_10_parameters,,,,vis_10_param,,,,_room_need_,,,,vis_10_tbl01,,,,vis_10__,,,,vis_10_image,,,,,,,,,,,,,,,,,,,,group3,,,,3,,,,pptx_template.vis_10.test.pptx,,,,8,,,,,,,,,,,,,,,,,,,,,,,,,,,,,,,,,,,,,,,,#D40062,Room need line,0,,,,,,,,,,,,,,1/1/2021,12,Subtitle font size,0,,8,Axis tick label size,0,,#d9d9d9,Background color,0,,16,Title font size,0,,0.3,Title image height,0,,bold,Title font weight,0,,13.33,Title image width,0,,,,,,,,,,,,,,,,,,,,,,cohort,0.85,Capacity Utilization Factor,1,percent0,0,Growth adjustment factor,0,percent0,,,,,1,,,,,0,Axis decimal places,0,,raw,raw count percent formatting mode,0,,1,Axis multiplier,0,,,Axis suffix,0,,,,,,fiscal
N,vis_10,vis_10,adf,adf.as.m.ch_low_mod_no,as.male.chronic_low_moderate_no_chronic,Administrative Segregation Male Low/Moderate/No Chronic Health Condition,"((((custody_class.str.contains('AS', na=False)) | custody_class.isin(['AS/KS', 'S3 AS/KS', 'S3- AS/KS'])) & (housing != 'S2')) & (sex == 'M')) & (chronic_status .isin(['LOW','MODERATE','NO CHRONIC CONDITION']))",adf,as.m.ch_low_mod_no,,,,,,,,,,,,,,,,,,,,,,,,,,,,,,,,,,,,,,,,,,,,,,,,,,,,,,,,,,,,,,,,,,,,,,,,,,,,,week,Aggregation level (hour/day_of_week/month/week),0,,,,,,,,,,,,,,30,,,,#2ca02c,,,,--,,,,1.25,,,,TRUE,,,,,,,,,,,,,,,,,,,,,,,,,,,,,,,,,,,,,,,,,,,,,,,,LC ADF,300,Image resolution,0,,,,,,1,12/31/2025,1,ESI 1 volume multiplier,0,percent0,1,ESI 2 volume multiplier,0,percent0,1,ESI 3 volume multiplier,0,percent0,1,ESI 4 volume multiplier,0,percent0,1,ESI 5 volume multiplier,0,percent0,,,,,6,Figure height,0,,10,Figure width,0,,,,,,,,,,Segoe UI,Global font family,0,,,,,,0,Display start value for graph,0,hour12,TRUE,,,,,,,,,,,,10,Legend font size,0,,3,Legend height,0,,2,Legend columns,0,,4,Legend width,0,,,,,,#A7AAAD,Off-peak bars,0,,#6F994E,P70 line,0,,#F2B701,P80 line,0,,#F28E2B,P90 line,0,,#3E839E,Peak bars,0,,#0B4F79,Peak census line,0,,12,Length of peak period,0,integer,auto,Peak period parameter mode,0,,6,Start for peak period,0,integer,vis_10_title,,,,vis_10_title,,,,vis_10_legend,,,,vis_10_legend,,,,vis_10_parameters,,,,vis_10_param,,,,_room_need_,,,,vis_10_tbl01,,,,vis_10__,,,,vis_10_image,,,,,,,,,,,,,,,,,,,,group3,,,,3,,,,pptx_template.vis_10.test.pptx,,,,8,,,,,,,,,,,,,,,,,,,,,,,,,,,,,,,,,,,,,,,,#D40062,Room need line,0,,,,,,,,,,,,,,1/1/2021,12,Subtitle font size,0,,8,Axis tick label size,0,,#d9d9d9,Background color,0,,16,Title font size,0,,0.3,Title image height,0,,bold,Title font weight,0,,13.33,Title image width,0,,,,,,,,,,,,,,,,,,,,,,cohort,0.85,Capacity Utilization Factor,1,percent0,0,Growth adjustment factor,0,percent0,,,,,1,,,,,0,Axis decimal places,0,,raw,raw count percent formatting mode,0,,1,Axis multiplier,0,,,Axis suffix,0,,,,,,fiscal
N,vis_10,vis_10,adf,adf.as.m.u55,as.male.u55,Administrative Segregation Male Under 55,"((((custody_class.str.contains('AS', na=False)) | custody_class.isin(['AS/KS', 'S3 AS/KS', 'S3- AS/KS'])) & (housing != 'S2')) & (sex == 'M')) & (age_bracket == 'adult under 55')",adf,as.m.u55,,,,,,,,,,,,,,,,,,,,,,,,,,,,,,,,,,,,,,,,,,,,,,,,,,,,,,,,,,,,,,,,,,,,,,,,,,,,,week,Aggregation level (hour/day_of_week/month/week),0,,,,,,,,,,,,,,30,,,,#2ca02c,,,,--,,,,1.25,,,,TRUE,,,,,,,,,,,,,,,,,,,,,,,,,,,,,,,,,,,,,,,,,,,,,,,,LC ADF,300,Image resolution,0,,,,,,1,12/31/2025,1,ESI 1 volume multiplier,0,percent0,1,ESI 2 volume multiplier,0,percent0,1,ESI 3 volume multiplier,0,percent0,1,ESI 4 volume multiplier,0,percent0,1,ESI 5 volume multiplier,0,percent0,,,,,6,Figure height,0,,10,Figure width,0,,,,,,,,,,Segoe UI,Global font family,0,,,,,,0,Display start value for graph,0,hour12,TRUE,,,,,,,,,,,,10,Legend font size,0,,3,Legend height,0,,2,Legend columns,0,,4,Legend width,0,,,,,,#A7AAAD,Off-peak bars,0,,#6F994E,P70 line,0,,#F2B701,P80 line,0,,#F28E2B,P90 line,0,,#3E839E,Peak bars,0,,#0B4F79,Peak census line,0,,12,Length of peak period,0,integer,auto,Peak period parameter mode,0,,6,Start for peak period,0,integer,vis_10_title,,,,vis_10_title,,,,vis_10_legend,,,,vis_10_legend,,,,vis_10_parameters,,,,vis_10_param,,,,_room_need_,,,,vis_10_tbl01,,,,vis_10__,,,,vis_10_image,,,,,,,,,,,,,,,,,,,,group3,,,,3,,,,pptx_template.vis_10.test.pptx,,,,8,,,,,,,,,,,,,,,,,,,,,,,,,,,,,,,,,,,,,,,,#D40062,Room need line,0,,,,,,,,,,,,,,1/1/2021,12,Subtitle font size,0,,8,Axis tick label size,0,,#d9d9d9,Background color,0,,16,Title font size,0,,0.3,Title image height,0,,bold,Title font weight,0,,13.33,Title image width,0,,,,,,,,,,,,,,,,,,,,,,cohort,0.85,Capacity Utilization Factor,1,percent0,0,Growth adjustment factor,0,percent0,,,,,1,,,,,0,Axis decimal places,0,,raw,raw count percent formatting mode,0,,1,Axis multiplier,0,,,Axis suffix,0,,,,,,fiscal
N,vis_10,vis_10,adf,adf.as.u55,as.u55,Administrative Segregation Under 55,"(((custody_class.str.contains('AS', na=False)) | custody_class.isin(['AS/KS', 'S3 AS/KS', 'S3- AS/KS'])) & (housing != 'S2')) & (age_bracket == 'adult under 55')",adf,as.u55,,,,,,,,,,,,,,,,,,,,,,,,,,,,,,,,,,,,,,,,,,,,,,,,,,,,,,,,,,,,,,,,,,,,,,,,,,,,,week,Aggregation level (hour/day_of_week/month/week),0,,,,,,,,,,,,,,30,,,,#2ca02c,,,,--,,,,1.25,,,,TRUE,,,,,,,,,,,,,,,,,,,,,,,,,,,,,,,,,,,,,,,,,,,,,,,,LC ADF,300,Image resolution,0,,,,,,1,12/31/2025,1,ESI 1 volume multiplier,0,percent0,1,ESI 2 volume multiplier,0,percent0,1,ESI 3 volume multiplier,0,percent0,1,ESI 4 volume multiplier,0,percent0,1,ESI 5 volume multiplier,0,percent0,,,,,6,Figure height,0,,10,Figure width,0,,,,,,,,,,Segoe UI,Global font family,0,,,,,,0,Display start value for graph,0,hour12,TRUE,,,,,,,,,,,,10,Legend font size,0,,3,Legend height,0,,2,Legend columns,0,,4,Legend width,0,,,,,,#A7AAAD,Off-peak bars,0,,#6F994E,P70 line,0,,#F2B701,P80 line,0,,#F28E2B,P90 line,0,,#3E839E,Peak bars,0,,#0B4F79,Peak census line,0,,12,Length of peak period,0,integer,auto,Peak period parameter mode,0,,6,Start for peak period,0,integer,vis_10_title,,,,vis_10_title,,,,vis_10_legend,,,,vis_10_legend,,,,vis_10_parameters,,,,vis_10_param,,,,_room_need_,,,,vis_10_tbl01,,,,vis_10__,,,,vis_10_image,,,,,,,,,,,,,,,,,,,,group3,,,,3,,,,pptx_template.vis_10.test.pptx,,,,8,,,,,,,,,,,,,,,,,,,,,,,,,,,,,,,,,,,,,,,,#D40062,Room need line,0,,,,,,,,,,,,,,1/1/2021,12,Subtitle font size,0,,8,Axis tick label size,0,,#d9d9d9,Background color,0,,16,Title font size,0,,0.3,Title image height,0,,bold,Title font weight,0,,13.33,Title image width,0,,,,,,,,,,,,,,,,,,,,,,cohort,0.85,Capacity Utilization Factor,1,percent0,0,Growth adjustment factor,0,percent0,,,,,1,,,,,0,Axis decimal places,0,,raw,raw count percent formatting mode,0,,1,Axis multiplier,0,,,Axis suffix,0,,,,,,fiscal
N,vis_10,vis_10,adf,adf.clos,close,Close Custody,"(custody_class.isin(['CLOS', 'CLO']))",adf,clos,,,,,,,,,,,,,,,,,,,,,,,,,,,,,,,,,,,,,,,,,,,,,,,,,,,,,,,,,,,,,,,,,,,,,,,,,,,,,week,Aggregation level (hour/day_of_week/month/week),0,,,,,,,,,,,,,,30,,,,#2ca02c,,,,--,,,,1.25,,,,TRUE,,,,,,,,,,,,,,,,,,,,,,,,,,,,,,,,,,,,,,,,,,,,,,,,LC ADF,300,Image resolution,0,,,,,,1,12/31/2025,1,ESI 1 volume multiplier,0,percent0,1,ESI 2 volume multiplier,0,percent0,1,ESI 3 volume multiplier,0,percent0,1,ESI 4 volume multiplier,0,percent0,1,ESI 5 volume multiplier,0,percent0,,,,,6,Figure height,0,,10,Figure width,0,,,,,,,,,,Segoe UI,Global font family,0,,,,,,0,Display start value for graph,0,hour12,TRUE,,,,,,,,,,,,10,Legend font size,0,,3,Legend height,0,,2,Legend columns,0,,4,Legend width,0,,,,,,#A7AAAD,Off-peak bars,0,,#6F994E,P70 line,0,,#F2B701,P80 line,0,,#F28E2B,P90 line,0,,#3E839E,Peak bars,0,,#0B4F79,Peak census line,0,,12,Length of peak period,0,integer,auto,Peak period parameter mode,0,,6,Start for peak period,0,integer,vis_10_title,,,,vis_10_title,,,,vis_10_legend,,,,vis_10_legend,,,,vis_10_parameters,,,,vis_10_param,,,,_room_need_,,,,vis_10_tbl01,,,,vis_10__,,,,vis_10_image,,,,,,,,,,,,,,,,,,,,group3,,,,3,,,,pptx_template.vis_10.test.pptx,,,,8,,,,,,,,,,,,,,,,,,,,,,,,,,,,,,,,,,,,,,,,#D40062,Room need line,0,,,,,,,,,,,,,,1/1/2021,12,Subtitle font size,0,,8,Axis tick label size,0,,#d9d9d9,Background color,0,,16,Title font size,0,,0.3,Title image height,0,,bold,Title font weight,0,,13.33,Title image width,0,,,,,,,,,,,,,,,,,,,,,,cohort,0.85,Capacity Utilization Factor,1,percent0,0,Growth adjustment factor,0,percent0,,,,,1,,,,,0,Axis decimal places,0,,raw,raw count percent formatting mode,0,,1,Axis multiplier,0,,,Axis suffix,0,,,,,,fiscal
N,vis_10,vis_10,adf,adf.clos.55plus,close.55plus,Close Custody 55+,"((custody_class.isin(['CLOS', 'CLO']))) & (age_bracket == 'adult 55+')",adf,clos.55plus,,,,,,,,,,,,,,,,,,,,,,,,,,,,,,,,,,,,,,,,,,,,,,,,,,,,,,,,,,,,,,,,,,,,,,,,,,,,,week,Aggregation level (hour/day_of_week/month/week),0,,,,,,,,,,,,,,30,,,,#2ca02c,,,,--,,,,1.25,,,,TRUE,,,,,,,,,,,,,,,,,,,,,,,,,,,,,,,,,,,,,,,,,,,,,,,,LC ADF,300,Image resolution,0,,,,,,1,12/31/2025,1,ESI 1 volume multiplier,0,percent0,1,ESI 2 volume multiplier,0,percent0,1,ESI 3 volume multiplier,0,percent0,1,ESI 4 volume multiplier,0,percent0,1,ESI 5 volume multiplier,0,percent0,,,,,6,Figure height,0,,10,Figure width,0,,,,,,,,,,Segoe UI,Global font family,0,,,,,,0,Display start value for graph,0,hour12,TRUE,,,,,,,,,,,,10,Legend font size,0,,3,Legend height,0,,2,Legend columns,0,,4,Legend width,0,,,,,,#A7AAAD,Off-peak bars,0,,#6F994E,P70 line,0,,#F2B701,P80 line,0,,#F28E2B,P90 line,0,,#3E839E,Peak bars,0,,#0B4F79,Peak census line,0,,12,Length of peak period,0,integer,auto,Peak period parameter mode,0,,6,Start for peak period,0,integer,vis_10_title,,,,vis_10_title,,,,vis_10_legend,,,,vis_10_legend,,,,vis_10_parameters,,,,vis_10_param,,,,_room_need_,,,,vis_10_tbl01,,,,vis_10__,,,,vis_10_image,,,,,,,,,,,,,,,,,,,,group3,,,,3,,,,pptx_template.vis_10.test.pptx,,,,8,,,,,,,,,,,,,,,,,,,,,,,,,,,,,,,,,,,,,,,,#D40062,Room need line,0,,,,,,,,,,,,,,1/1/2021,12,Subtitle font size,0,,8,Axis tick label size,0,,#d9d9d9,Background color,0,,16,Title font size,0,,0.3,Title image height,0,,bold,Title font weight,0,,13.33,Title image width,0,,,,,,,,,,,,,,,,,,,,,,cohort,0.85,Capacity Utilization Factor,1,percent0,0,Growth adjustment factor,0,percent0,,,,,1,,,,,0,Axis decimal places,0,,raw,raw count percent formatting mode,0,,1,Axis multiplier,0,,,Axis suffix,0,,,,,,fiscal
N,vis_10,vis_10,adf,adf.clos.ch_high,close.chronic_high,Close Custody Highly Severe Chronic Health Condition,"((custody_class.isin(['CLOS', 'CLO']))) & (chronic_status == 'HIGH')",adf,clos.ch_high,,,,,,,,,,,,,,,,,,,,,,,,,,,,,,,,,,,,,,,,,,,,,,,,,,,,,,,,,,,,,,,,,,,,,,,,,,,,,week,Aggregation level (hour/day_of_week/month/week),0,,,,,,,,,,,,,,30,,,,#2ca02c,,,,--,,,,1.25,,,,TRUE,,,,,,,,,,,,,,,,,,,,,,,,,,,,,,,,,,,,,,,,,,,,,,,,LC ADF,300,Image resolution,0,,,,,,1,12/31/2025,1,ESI 1 volume multiplier,0,percent0,1,ESI 2 volume multiplier,0,percent0,1,ESI 3 volume multiplier,0,percent0,1,ESI 4 volume multiplier,0,percent0,1,ESI 5 volume multiplier,0,percent0,,,,,6,Figure height,0,,10,Figure width,0,,,,,,,,,,Segoe UI,Global font family,0,,,,,,0,Display start value for graph,0,hour12,TRUE,,,,,,,,,,,,10,Legend font size,0,,3,Legend height,0,,2,Legend columns,0,,4,Legend width,0,,,,,,#A7AAAD,Off-peak bars,0,,#6F994E,P70 line,0,,#F2B701,P80 line,0,,#F28E2B,P90 line,0,,#3E839E,Peak bars,0,,#0B4F79,Peak census line,0,,12,Length of peak period,0,integer,auto,Peak period parameter mode,0,,6,Start for peak period,0,integer,vis_10_title,,,,vis_10_title,,,,vis_10_legend,,,,vis_10_legend,,,,vis_10_parameters,,,,vis_10_param,,,,_room_need_,,,,vis_10_tbl01,,,,vis_10__,,,,vis_10_image,,,,,,,,,,,,,,,,,,,,group3,,,,3,,,,pptx_template.vis_10.test.pptx,,,,8,,,,,,,,,,,,,,,,,,,,,,,,,,,,,,,,,,,,,,,,#D40062,Room need line,0,,,,,,,,,,,,,,1/1/2021,12,Subtitle font size,0,,8,Axis tick label size,0,,#d9d9d9,Background color,0,,16,Title font size,0,,0.3,Title image height,0,,bold,Title font weight,0,,13.33,Title image width,0,,,,,,,,,,,,,,,,,,,,,,cohort,0.85,Capacity Utilization Factor,1,percent0,0,Growth adjustment factor,0,percent0,,,,,1,,,,,0,Axis decimal places,0,,raw,raw count percent formatting mode,0,,1,Axis multiplier,0,,,Axis suffix,0,,,,,,fiscal
N,vis_10,vis_10,adf,adf.clos.ch_low_mod_no,close.chronic_low_moderate_no_chronic,Close Custody Low/Moderate/No Chronic Health Condition,"((custody_class.isin(['CLOS', 'CLO']))) & (chronic_status .isin(['LOW','MODERATE','NO CHRONIC CONDITION']))",adf,clos.ch_low_mod_no,,,,,,,,,,,,,,,,,,,,,,,,,,,,,,,,,,,,,,,,,,,,,,,,,,,,,,,,,,,,,,,,,,,,,,,,,,,,,week,Aggregation level (hour/day_of_week/month/week),0,,,,,,,,,,,,,,30,,,,#2ca02c,,,,--,,,,1.25,,,,TRUE,,,,,,,,,,,,,,,,,,,,,,,,,,,,,,,,,,,,,,,,,,,,,,,,LC ADF,300,Image resolution,0,,,,,,1,12/31/2025,1,ESI 1 volume multiplier,0,percent0,1,ESI 2 volume multiplier,0,percent0,1,ESI 3 volume multiplier,0,percent0,1,ESI 4 volume multiplier,0,percent0,1,ESI 5 volume multiplier,0,percent0,,,,,6,Figure height,0,,10,Figure width,0,,,,,,,,,,Segoe UI,Global font family,0,,,,,,0,Display start value for graph,0,hour12,TRUE,,,,,,,,,,,,10,Legend font size,0,,3,Legend height,0,,2,Legend columns,0,,4,Legend width,0,,,,,,#A7AAAD,Off-peak bars,0,,#6F994E,P70 line,0,,#F2B701,P80 line,0,,#F28E2B,P90 line,0,,#3E839E,Peak bars,0,,#0B4F79,Peak census line,0,,12,Length of peak period,0,integer,auto,Peak period parameter mode,0,,6,Start for peak period,0,integer,vis_10_title,,,,vis_10_title,,,,vis_10_legend,,,,vis_10_legend,,,,vis_10_parameters,,,,vis_10_param,,,,_room_need_,,,,vis_10_tbl01,,,,vis_10__,,,,vis_10_image,,,,,,,,,,,,,,,,,,,,group3,,,,3,,,,pptx_template.vis_10.test.pptx,,,,8,,,,,,,,,,,,,,,,,,,,,,,,,,,,,,,,,,,,,,,,#D40062,Room need line,0,,,,,,,,,,,,,,1/1/2021,12,Subtitle font size,0,,8,Axis tick label size,0,,#d9d9d9,Background color,0,,16,Title font size,0,,0.3,Title image height,0,,bold,Title font weight,0,,13.33,Title image width,0,,,,,,,,,,,,,,,,,,,,,,cohort,0.85,Capacity Utilization Factor,1,percent0,0,Growth adjustment factor,0,percent0,,,,,1,,,,,0,Axis decimal places,0,,raw,raw count percent formatting mode,0,,1,Axis multiplier,0,,,Axis suffix,0,,,,,,fiscal
N,vis_10,vis_10,adf,adf.clos.f,close.female,Close Custody Female,"((custody_class.isin(['CLOS', 'CLO']))) & (sex == 'F')",adf,clos.f,,,,,,,,,,,,,,,,,,,,,,,,,,,,,,,,,,,,,,,,,,,,,,,,,,,,,,,,,,,,,,,,,,,,,,,,,,,,,week,Aggregation level (hour/day_of_week/month/week),0,,,,,,,,,,,,,,30,,,,#2ca02c,,,,--,,,,1.25,,,,TRUE,,,,,,,,,,,,,,,,,,,,,,,,,,,,,,,,,,,,,,,,,,,,,,,,LC ADF,300,Image resolution,0,,,,,,1,12/31/2025,1,ESI 1 volume multiplier,0,percent0,1,ESI 2 volume multiplier,0,percent0,1,ESI 3 volume multiplier,0,percent0,1,ESI 4 volume multiplier,0,percent0,1,ESI 5 volume multiplier,0,percent0,,,,,6,Figure height,0,,10,Figure width,0,,,,,,,,,,Segoe UI,Global font family,0,,,,,,0,Display start value for graph,0,hour12,TRUE,,,,,,,,,,,,10,Legend font size,0,,3,Legend height,0,,2,Legend columns,0,,4,Legend width,0,,,,,,#A7AAAD,Off-peak bars,0,,#6F994E,P70 line,0,,#F2B701,P80 line,0,,#F28E2B,P90 line,0,,#3E839E,Peak bars,0,,#0B4F79,Peak census line,0,,12,Length of peak period,0,integer,auto,Peak period parameter mode,0,,6,Start for peak period,0,integer,vis_10_title,,,,vis_10_title,,,,vis_10_legend,,,,vis_10_legend,,,,vis_10_parameters,,,,vis_10_param,,,,_room_need_,,,,vis_10_tbl01,,,,vis_10__,,,,vis_10_image,,,,,,,,,,,,,,,,,,,,group3,,,,3,,,,pptx_template.vis_10.test.pptx,,,,8,,,,,,,,,,,,,,,,,,,,,,,,,,,,,,,,,,,,,,,,#D40062,Room need line,0,,,,,,,,,,,,,,1/1/2021,12,Subtitle font size,0,,8,Axis tick label size,0,,#d9d9d9,Background color,0,,16,Title font size,0,,0.3,Title image height,0,,bold,Title font weight,0,,13.33,Title image width,0,,,,,,,,,,,,,,,,,,,,,,cohort,0.85,Capacity Utilization Factor,1,percent0,0,Growth adjustment factor,0,percent0,,,,,1,,,,,0,Axis decimal places,0,,raw,raw count percent formatting mode,0,,1,Axis multiplier,0,,,Axis suffix,0,,,,,,fiscal
N,vis_10,vis_10,adf,adf.clos.f.55plus,close.female.55plus,Close Custody Female 55+,"(((custody_class.isin(['CLOS', 'CLO']))) & (sex == 'F')) & (age_bracket == 'adult 55+')",adf,clos.f.55plus,,,,,,,,,,,,,,,,,,,,,,,,,,,,,,,,,,,,,,,,,,,,,,,,,,,,,,,,,,,,,,,,,,,,,,,,,,,,,week,Aggregation level (hour/day_of_week/month/week),0,,,,,,,,,,,,,,30,,,,#2ca02c,,,,--,,,,1.25,,,,TRUE,,,,,,,,,,,,,,,,,,,,,,,,,,,,,,,,,,,,,,,,,,,,,,,,LC ADF,300,Image resolution,0,,,,,,1,12/31/2025,1,ESI 1 volume multiplier,0,percent0,1,ESI 2 volume multiplier,0,percent0,1,ESI 3 volume multiplier,0,percent0,1,ESI 4 volume multiplier,0,percent0,1,ESI 5 volume multiplier,0,percent0,,,,,6,Figure height,0,,10,Figure width,0,,,,,,,,,,Segoe UI,Global font family,0,,,,,,0,Display start value for graph,0,hour12,TRUE,,,,,,,,,,,,10,Legend font size,0,,3,Legend height,0,,2,Legend columns,0,,4,Legend width,0,,,,,,#A7AAAD,Off-peak bars,0,,#6F994E,P70 line,0,,#F2B701,P80 line,0,,#F28E2B,P90 line,0,,#3E839E,Peak bars,0,,#0B4F79,Peak census line,0,,12,Length of peak period,0,integer,auto,Peak period parameter mode,0,,6,Start for peak period,0,integer,vis_10_title,,,,vis_10_title,,,,vis_10_legend,,,,vis_10_legend,,,,vis_10_parameters,,,,vis_10_param,,,,_room_need_,,,,vis_10_tbl01,,,,vis_10__,,,,vis_10_image,,,,,,,,,,,,,,,,,,,,group3,,,,3,,,,pptx_template.vis_10.test.pptx,,,,8,,,,,,,,,,,,,,,,,,,,,,,,,,,,,,,,,,,,,,,,#D40062,Room need line,0,,,,,,,,,,,,,,1/1/2021,12,Subtitle font size,0,,8,Axis tick label size,0,,#d9d9d9,Background color,0,,16,Title font size,0,,0.3,Title image height,0,,bold,Title font weight,0,,13.33,Title image width,0,,,,,,,,,,,,,,,,,,,,,,cohort,0.85,Capacity Utilization Factor,1,percent0,0,Growth adjustment factor,0,percent0,,,,,1,,,,,0,Axis decimal places,0,,raw,raw count percent formatting mode,0,,1,Axis multiplier,0,,,Axis suffix,0,,,,,,fiscal
N,vis_10,vis_10,adf,adf.clos.f.ch_high,close.female.chronic_high,Close Custody Female Highly Severe Chronic Health Condition,"(((custody_class.isin(['CLOS', 'CLO']))) & (sex == 'F')) & (chronic_status == 'HIGH')",adf,clos.f.ch_high,,,,,,,,,,,,,,,,,,,,,,,,,,,,,,,,,,,,,,,,,,,,,,,,,,,,,,,,,,,,,,,,,,,,,,,,,,,,,week,Aggregation level (hour/day_of_week/month/week),0,,,,,,,,,,,,,,30,,,,#2ca02c,,,,--,,,,1.25,,,,TRUE,,,,,,,,,,,,,,,,,,,,,,,,,,,,,,,,,,,,,,,,,,,,,,,,LC ADF,300,Image resolution,0,,,,,,1,12/31/2025,1,ESI 1 volume multiplier,0,percent0,1,ESI 2 volume multiplier,0,percent0,1,ESI 3 volume multiplier,0,percent0,1,ESI 4 volume multiplier,0,percent0,1,ESI 5 volume multiplier,0,percent0,,,,,6,Figure height,0,,10,Figure width,0,,,,,,,,,,Segoe UI,Global font family,0,,,,,,0,Display start value for graph,0,hour12,TRUE,,,,,,,,,,,,10,Legend font size,0,,3,Legend height,0,,2,Legend columns,0,,4,Legend width,0,,,,,,#A7AAAD,Off-peak bars,0,,#6F994E,P70 line,0,,#F2B701,P80 line,0,,#F28E2B,P90 line,0,,#3E839E,Peak bars,0,,#0B4F79,Peak census line,0,,12,Length of peak period,0,integer,auto,Peak period parameter mode,0,,6,Start for peak period,0,integer,vis_10_title,,,,vis_10_title,,,,vis_10_legend,,,,vis_10_legend,,,,vis_10_parameters,,,,vis_10_param,,,,_room_need_,,,,vis_10_tbl01,,,,vis_10__,,,,vis_10_image,,,,,,,,,,,,,,,,,,,,group3,,,,3,,,,pptx_template.vis_10.test.pptx,,,,8,,,,,,,,,,,,,,,,,,,,,,,,,,,,,,,,,,,,,,,,#D40062,Room need line,0,,,,,,,,,,,,,,1/1/2021,12,Subtitle font size,0,,8,Axis tick label size,0,,#d9d9d9,Background color,0,,16,Title font size,0,,0.3,Title image height,0,,bold,Title font weight,0,,13.33,Title image width,0,,,,,,,,,,,,,,,,,,,,,,cohort,0.85,Capacity Utilization Factor,1,percent0,0,Growth adjustment factor,0,percent0,,,,,1,,,,,0,Axis decimal places,0,,raw,raw count percent formatting mode,0,,1,Axis multiplier,0,,,Axis suffix,0,,,,,,fiscal
N,vis_10,vis_10,adf,adf.clos.f.ch_low_mod_no,close.female.chronic_low_moderate_no_chronic,Close Custody Female Low/Moderate/No Chronic Health Condition,"(((custody_class.isin(['CLOS', 'CLO']))) & (sex == 'F')) & (chronic_status .isin(['LOW','MODERATE','NO CHRONIC CONDITION']))",adf,clos.f.ch_low_mod_no,,,,,,,,,,,,,,,,,,,,,,,,,,,,,,,,,,,,,,,,,,,,,,,,,,,,,,,,,,,,,,,,,,,,,,,,,,,,,week,Aggregation level (hour/day_of_week/month/week),0,,,,,,,,,,,,,,30,,,,#2ca02c,,,,--,,,,1.25,,,,TRUE,,,,,,,,,,,,,,,,,,,,,,,,,,,,,,,,,,,,,,,,,,,,,,,,LC ADF,300,Image resolution,0,,,,,,1,12/31/2025,1,ESI 1 volume multiplier,0,percent0,1,ESI 2 volume multiplier,0,percent0,1,ESI 3 volume multiplier,0,percent0,1,ESI 4 volume multiplier,0,percent0,1,ESI 5 volume multiplier,0,percent0,,,,,6,Figure height,0,,10,Figure width,0,,,,,,,,,,Segoe UI,Global font family,0,,,,,,0,Display start value for graph,0,hour12,TRUE,,,,,,,,,,,,10,Legend font size,0,,3,Legend height,0,,2,Legend columns,0,,4,Legend width,0,,,,,,#A7AAAD,Off-peak bars,0,,#6F994E,P70 line,0,,#F2B701,P80 line,0,,#F28E2B,P90 line,0,,#3E839E,Peak bars,0,,#0B4F79,Peak census line,0,,12,Length of peak period,0,integer,auto,Peak period parameter mode,0,,6,Start for peak period,0,integer,vis_10_title,,,,vis_10_title,,,,vis_10_legend,,,,vis_10_legend,,,,vis_10_parameters,,,,vis_10_param,,,,_room_need_,,,,vis_10_tbl01,,,,vis_10__,,,,vis_10_image,,,,,,,,,,,,,,,,,,,,group3,,,,3,,,,pptx_template.vis_10.test.pptx,,,,8,,,,,,,,,,,,,,,,,,,,,,,,,,,,,,,,,,,,,,,,#D40062,Room need line,0,,,,,,,,,,,,,,1/1/2021,12,Subtitle font size,0,,8,Axis tick label size,0,,#d9d9d9,Background color,0,,16,Title font size,0,,0.3,Title image height,0,,bold,Title font weight,0,,13.33,Title image width,0,,,,,,,,,,,,,,,,,,,,,,cohort,0.85,Capacity Utilization Factor,1,percent0,0,Growth adjustment factor,0,percent0,,,,,1,,,,,0,Axis decimal places,0,,raw,raw count percent formatting mode,0,,1,Axis multiplier,0,,,Axis suffix,0,,,,,,fiscal
N,vis_10,vis_10,adf,adf.clos.f.u55,close.female.u55,Close Custody Female Under 55,"(((custody_class.isin(['CLOS', 'CLO']))) & (sex == 'F')) & (age_bracket == 'adult under 55')",adf,clos.f.u55,,,,,,,,,,,,,,,,,,,,,,,,,,,,,,,,,,,,,,,,,,,,,,,,,,,,,,,,,,,,,,,,,,,,,,,,,,,,,week,Aggregation level (hour/day_of_week/month/week),0,,,,,,,,,,,,,,30,,,,#2ca02c,,,,--,,,,1.25,,,,TRUE,,,,,,,,,,,,,,,,,,,,,,,,,,,,,,,,,,,,,,,,,,,,,,,,LC ADF,300,Image resolution,0,,,,,,1,12/31/2025,1,ESI 1 volume multiplier,0,percent0,1,ESI 2 volume multiplier,0,percent0,1,ESI 3 volume multiplier,0,percent0,1,ESI 4 volume multiplier,0,percent0,1,ESI 5 volume multiplier,0,percent0,,,,,6,Figure height,0,,10,Figure width,0,,,,,,,,,,Segoe UI,Global font family,0,,,,,,0,Display start value for graph,0,hour12,TRUE,,,,,,,,,,,,10,Legend font size,0,,3,Legend height,0,,2,Legend columns,0,,4,Legend width,0,,,,,,#A7AAAD,Off-peak bars,0,,#6F994E,P70 line,0,,#F2B701,P80 line,0,,#F28E2B,P90 line,0,,#3E839E,Peak bars,0,,#0B4F79,Peak census line,0,,12,Length of peak period,0,integer,auto,Peak period parameter mode,0,,6,Start for peak period,0,integer,vis_10_title,,,,vis_10_title,,,,vis_10_legend,,,,vis_10_legend,,,,vis_10_parameters,,,,vis_10_param,,,,_room_need_,,,,vis_10_tbl01,,,,vis_10__,,,,vis_10_image,,,,,,,,,,,,,,,,,,,,group3,,,,3,,,,pptx_template.vis_10.test.pptx,,,,8,,,,,,,,,,,,,,,,,,,,,,,,,,,,,,,,,,,,,,,,#D40062,Room need line,0,,,,,,,,,,,,,,1/1/2021,12,Subtitle font size,0,,8,Axis tick label size,0,,#d9d9d9,Background color,0,,16,Title font size,0,,0.3,Title image height,0,,bold,Title font weight,0,,13.33,Title image width,0,,,,,,,,,,,,,,,,,,,,,,cohort,0.85,Capacity Utilization Factor,1,percent0,0,Growth adjustment factor,0,percent0,,,,,1,,,,,0,Axis decimal places,0,,raw,raw count percent formatting mode,0,,1,Axis multiplier,0,,,Axis suffix,0,,,,,,fiscal
N,vis_10,vis_10,adf,adf.clos.m,close.male,Close Custody Male,"((custody_class.isin(['CLOS', 'CLO']))) & (sex == 'M')",adf,clos.m,,,,,,,,,,,,,,,,,,,,,,,,,,,,,,,,,,,,,,,,,,,,,,,,,,,,,,,,,,,,,,,,,,,,,,,,,,,,,week,Aggregation level (hour/day_of_week/month/week),0,,,,,,,,,,,,,,30,,,,#2ca02c,,,,--,,,,1.25,,,,TRUE,,,,,,,,,,,,,,,,,,,,,,,,,,,,,,,,,,,,,,,,,,,,,,,,LC ADF,300,Image resolution,0,,,,,,1,12/31/2025,1,ESI 1 volume multiplier,0,percent0,1,ESI 2 volume multiplier,0,percent0,1,ESI 3 volume multiplier,0,percent0,1,ESI 4 volume multiplier,0,percent0,1,ESI 5 volume multiplier,0,percent0,,,,,6,Figure height,0,,10,Figure width,0,,,,,,,,,,Segoe UI,Global font family,0,,,,,,0,Display start value for graph,0,hour12,TRUE,,,,,,,,,,,,10,Legend font size,0,,3,Legend height,0,,2,Legend columns,0,,4,Legend width,0,,,,,,#A7AAAD,Off-peak bars,0,,#6F994E,P70 line,0,,#F2B701,P80 line,0,,#F28E2B,P90 line,0,,#3E839E,Peak bars,0,,#0B4F79,Peak census line,0,,12,Length of peak period,0,integer,auto,Peak period parameter mode,0,,6,Start for peak period,0,integer,vis_10_title,,,,vis_10_title,,,,vis_10_legend,,,,vis_10_legend,,,,vis_10_parameters,,,,vis_10_param,,,,_room_need_,,,,vis_10_tbl01,,,,vis_10__,,,,vis_10_image,,,,,,,,,,,,,,,,,,,,group3,,,,3,,,,pptx_template.vis_10.test.pptx,,,,8,,,,,,,,,,,,,,,,,,,,,,,,,,,,,,,,,,,,,,,,#D40062,Room need line,0,,,,,,,,,,,,,,1/1/2021,12,Subtitle font size,0,,8,Axis tick label size,0,,#d9d9d9,Background color,0,,16,Title font size,0,,0.3,Title image height,0,,bold,Title font weight,0,,13.33,Title image width,0,,,,,,,,,,,,,,,,,,,,,,cohort,0.85,Capacity Utilization Factor,1,percent0,0,Growth adjustment factor,0,percent0,,,,,1,,,,,0,Axis decimal places,0,,raw,raw count percent formatting mode,0,,1,Axis multiplier,0,,,Axis suffix,0,,,,,,fiscal
N,vis_10,vis_10,adf,adf.clos.m.55plus,close.male.55plus,Close Custody Male 55+,"(((custody_class.isin(['CLOS', 'CLO']))) & (sex == 'M')) & (age_bracket == 'adult 55+')",adf,clos.m.55plus,,,,,,,,,,,,,,,,,,,,,,,,,,,,,,,,,,,,,,,,,,,,,,,,,,,,,,,,,,,,,,,,,,,,,,,,,,,,,week,Aggregation level (hour/day_of_week/month/week),0,,,,,,,,,,,,,,30,,,,#2ca02c,,,,--,,,,1.25,,,,TRUE,,,,,,,,,,,,,,,,,,,,,,,,,,,,,,,,,,,,,,,,,,,,,,,,LC ADF,300,Image resolution,0,,,,,,1,12/31/2025,1,ESI 1 volume multiplier,0,percent0,1,ESI 2 volume multiplier,0,percent0,1,ESI 3 volume multiplier,0,percent0,1,ESI 4 volume multiplier,0,percent0,1,ESI 5 volume multiplier,0,percent0,,,,,6,Figure height,0,,10,Figure width,0,,,,,,,,,,Segoe UI,Global font family,0,,,,,,0,Display start value for graph,0,hour12,TRUE,,,,,,,,,,,,10,Legend font size,0,,3,Legend height,0,,2,Legend columns,0,,4,Legend width,0,,,,,,#A7AAAD,Off-peak bars,0,,#6F994E,P70 line,0,,#F2B701,P80 line,0,,#F28E2B,P90 line,0,,#3E839E,Peak bars,0,,#0B4F79,Peak census line,0,,12,Length of peak period,0,integer,auto,Peak period parameter mode,0,,6,Start for peak period,0,integer,vis_10_title,,,,vis_10_title,,,,vis_10_legend,,,,vis_10_legend,,,,vis_10_parameters,,,,vis_10_param,,,,_room_need_,,,,vis_10_tbl01,,,,vis_10__,,,,vis_10_image,,,,,,,,,,,,,,,,,,,,group3,,,,3,,,,pptx_template.vis_10.test.pptx,,,,8,,,,,,,,,,,,,,,,,,,,,,,,,,,,,,,,,,,,,,,,#D40062,Room need line,0,,,,,,,,,,,,,,1/1/2021,12,Subtitle font size,0,,8,Axis tick label size,0,,#d9d9d9,Background color,0,,16,Title font size,0,,0.3,Title image height,0,,bold,Title font weight,0,,13.33,Title image width,0,,,,,,,,,,,,,,,,,,,,,,cohort,0.85,Capacity Utilization Factor,1,percent0,0,Growth adjustment factor,0,percent0,,,,,1,,,,,0,Axis decimal places,0,,raw,raw count percent formatting mode,0,,1,Axis multiplier,0,,,Axis suffix,0,,,,,,fiscal
N,vis_10,vis_10,adf,adf.clos.m.ch_high,close.male.chronic_high,Close Custody Male Highly Severe Chronic Health Condition,"(((custody_class.isin(['CLOS', 'CLO']))) & (sex == 'M')) & (chronic_status == 'HIGH')",adf,clos.m.ch_high,,,,,,,,,,,,,,,,,,,,,,,,,,,,,,,,,,,,,,,,,,,,,,,,,,,,,,,,,,,,,,,,,,,,,,,,,,,,,week,Aggregation level (hour/day_of_week/month/week),0,,,,,,,,,,,,,,30,,,,#2ca02c,,,,--,,,,1.25,,,,TRUE,,,,,,,,,,,,,,,,,,,,,,,,,,,,,,,,,,,,,,,,,,,,,,,,LC ADF,300,Image resolution,0,,,,,,1,12/31/2025,1,ESI 1 volume multiplier,0,percent0,1,ESI 2 volume multiplier,0,percent0,1,ESI 3 volume multiplier,0,percent0,1,ESI 4 volume multiplier,0,percent0,1,ESI 5 volume multiplier,0,percent0,,,,,6,Figure height,0,,10,Figure width,0,,,,,,,,,,Segoe UI,Global font family,0,,,,,,0,Display start value for graph,0,hour12,TRUE,,,,,,,,,,,,10,Legend font size,0,,3,Legend height,0,,2,Legend columns,0,,4,Legend width,0,,,,,,#A7AAAD,Off-peak bars,0,,#6F994E,P70 line,0,,#F2B701,P80 line,0,,#F28E2B,P90 line,0,,#3E839E,Peak bars,0,,#0B4F79,Peak census line,0,,12,Length of peak period,0,integer,auto,Peak period parameter mode,0,,6,Start for peak period,0,integer,vis_10_title,,,,vis_10_title,,,,vis_10_legend,,,,vis_10_legend,,,,vis_10_parameters,,,,vis_10_param,,,,_room_need_,,,,vis_10_tbl01,,,,vis_10__,,,,vis_10_image,,,,,,,,,,,,,,,,,,,,group3,,,,3,,,,pptx_template.vis_10.test.pptx,,,,8,,,,,,,,,,,,,,,,,,,,,,,,,,,,,,,,,,,,,,,,#D40062,Room need line,0,,,,,,,,,,,,,,1/1/2021,12,Subtitle font size,0,,8,Axis tick label size,0,,#d9d9d9,Background color,0,,16,Title font size,0,,0.3,Title image height,0,,bold,Title font weight,0,,13.33,Title image width,0,,,,,,,,,,,,,,,,,,,,,,cohort,0.85,Capacity Utilization Factor,1,percent0,0,Growth adjustment factor,0,percent0,,,,,1,,,,,0,Axis decimal places,0,,raw,raw count percent formatting mode,0,,1,Axis multiplier,0,,,Axis suffix,0,,,,,,fiscal
N,vis_10,vis_10,adf,adf.clos.m.ch_low_mod_no,close.male.chronic_low_moderate_no_chronic,Close Custody Male Low/Moderate/No Chronic Health Condition,"(((custody_class.isin(['CLOS', 'CLO']))) & (sex == 'M')) & (chronic_status .isin(['LOW','MODERATE','NO CHRONIC CONDITION']))",adf,clos.m.ch_low_mod_no,,,,,,,,,,,,,,,,,,,,,,,,,,,,,,,,,,,,,,,,,,,,,,,,,,,,,,,,,,,,,,,,,,,,,,,,,,,,,week,Aggregation level (hour/day_of_week/month/week),0,,,,,,,,,,,,,,30,,,,#2ca02c,,,,--,,,,1.25,,,,TRUE,,,,,,,,,,,,,,,,,,,,,,,,,,,,,,,,,,,,,,,,,,,,,,,,LC ADF,300,Image resolution,0,,,,,,1,12/31/2025,1,ESI 1 volume multiplier,0,percent0,1,ESI 2 volume multiplier,0,percent0,1,ESI 3 volume multiplier,0,percent0,1,ESI 4 volume multiplier,0,percent0,1,ESI 5 volume multiplier,0,percent0,,,,,6,Figure height,0,,10,Figure width,0,,,,,,,,,,Segoe UI,Global font family,0,,,,,,0,Display start value for graph,0,hour12,TRUE,,,,,,,,,,,,10,Legend font size,0,,3,Legend height,0,,2,Legend columns,0,,4,Legend width,0,,,,,,#A7AAAD,Off-peak bars,0,,#6F994E,P70 line,0,,#F2B701,P80 line,0,,#F28E2B,P90 line,0,,#3E839E,Peak bars,0,,#0B4F79,Peak census line,0,,12,Length of peak period,0,integer,auto,Peak period parameter mode,0,,6,Start for peak period,0,integer,vis_10_title,,,,vis_10_title,,,,vis_10_legend,,,,vis_10_legend,,,,vis_10_parameters,,,,vis_10_param,,,,_room_need_,,,,vis_10_tbl01,,,,vis_10__,,,,vis_10_image,,,,,,,,,,,,,,,,,,,,group3,,,,3,,,,pptx_template.vis_10.test.pptx,,,,8,,,,,,,,,,,,,,,,,,,,,,,,,,,,,,,,,,,,,,,,#D40062,Room need line,0,,,,,,,,,,,,,,1/1/2021,12,Subtitle font size,0,,8,Axis tick label size,0,,#d9d9d9,Background color,0,,16,Title font size,0,,0.3,Title image height,0,,bold,Title font weight,0,,13.33,Title image width,0,,,,,,,,,,,,,,,,,,,,,,cohort,0.85,Capacity Utilization Factor,1,percent0,0,Growth adjustment factor,0,percent0,,,,,1,,,,,0,Axis decimal places,0,,raw,raw count percent formatting mode,0,,1,Axis multiplier,0,,,Axis suffix,0,,,,,,fiscal
N,vis_10,vis_10,adf,adf.clos.m.u55,close.male.u55,Close Custody Male Under 55,"(((custody_class.isin(['CLOS', 'CLO']))) & (sex == 'M')) & (age_bracket == 'adult under 55')",adf,clos.m.u55,,,,,,,,,,,,,,,,,,,,,,,,,,,,,,,,,,,,,,,,,,,,,,,,,,,,,,,,,,,,,,,,,,,,,,,,,,,,,week,Aggregation level (hour/day_of_week/month/week),0,,,,,,,,,,,,,,30,,,,#2ca02c,,,,--,,,,1.25,,,,TRUE,,,,,,,,,,,,,,,,,,,,,,,,,,,,,,,,,,,,,,,,,,,,,,,,LC ADF,300,Image resolution,0,,,,,,1,12/31/2025,1,ESI 1 volume multiplier,0,percent0,1,ESI 2 volume multiplier,0,percent0,1,ESI 3 volume multiplier,0,percent0,1,ESI 4 volume multiplier,0,percent0,1,ESI 5 volume multiplier,0,percent0,,,,,6,Figure height,0,,10,Figure width,0,,,,,,,,,,Segoe UI,Global font family,0,,,,,,0,Display start value for graph,0,hour12,TRUE,,,,,,,,,,,,10,Legend font size,0,,3,Legend height,0,,2,Legend columns,0,,4,Legend width,0,,,,,,#A7AAAD,Off-peak bars,0,,#6F994E,P70 line,0,,#F2B701,P80 line,0,,#F28E2B,P90 line,0,,#3E839E,Peak bars,0,,#0B4F79,Peak census line,0,,12,Length of peak period,0,integer,auto,Peak period parameter mode,0,,6,Start for peak period,0,integer,vis_10_title,,,,vis_10_title,,,,vis_10_legend,,,,vis_10_legend,,,,vis_10_parameters,,,,vis_10_param,,,,_room_need_,,,,vis_10_tbl01,,,,vis_10__,,,,vis_10_image,,,,,,,,,,,,,,,,,,,,group3,,,,3,,,,pptx_template.vis_10.test.pptx,,,,8,,,,,,,,,,,,,,,,,,,,,,,,,,,,,,,,,,,,,,,,#D40062,Room need line,0,,,,,,,,,,,,,,1/1/2021,12,Subtitle font size,0,,8,Axis tick label size,0,,#d9d9d9,Background color,0,,16,Title font size,0,,0.3,Title image height,0,,bold,Title font weight,0,,13.33,Title image width,0,,,,,,,,,,,,,,,,,,,,,,cohort,0.85,Capacity Utilization Factor,1,percent0,0,Growth adjustment factor,0,percent0,,,,,1,,,,,0,Axis decimal places,0,,raw,raw count percent formatting mode,0,,1,Axis multiplier,0,,,Axis suffix,0,,,,,,fiscal
N,vis_10,vis_10,adf,adf.clos.u55,close.u55,Close Custody Under 55,"((custody_class.isin(['CLOS', 'CLO']))) & (age_bracket == 'adult under 55')",adf,clos.u55,,,,,,,,,,,,,,,,,,,,,,,,,,,,,,,,,,,,,,,,,,,,,,,,,,,,,,,,,,,,,,,,,,,,,,,,,,,,,week,Aggregation level (hour/day_of_week/month/week),0,,,,,,,,,,,,,,30,,,,#2ca02c,,,,--,,,,1.25,,,,TRUE,,,,,,,,,,,,,,,,,,,,,,,,,,,,,,,,,,,,,,,,,,,,,,,,LC ADF,300,Image resolution,0,,,,,,1,12/31/2025,1,ESI 1 volume multiplier,0,percent0,1,ESI 2 volume multiplier,0,percent0,1,ESI 3 volume multiplier,0,percent0,1,ESI 4 volume multiplier,0,percent0,1,ESI 5 volume multiplier,0,percent0,,,,,6,Figure height,0,,10,Figure width,0,,,,,,,,,,Segoe UI,Global font family,0,,,,,,0,Display start value for graph,0,hour12,TRUE,,,,,,,,,,,,10,Legend font size,0,,3,Legend height,0,,2,Legend columns,0,,4,Legend width,0,,,,,,#A7AAAD,Off-peak bars,0,,#6F994E,P70 line,0,,#F2B701,P80 line,0,,#F28E2B,P90 line,0,,#3E839E,Peak bars,0,,#0B4F79,Peak census line,0,,12,Length of peak period,0,integer,auto,Peak period parameter mode,0,,6,Start for peak period,0,integer,vis_10_title,,,,vis_10_title,,,,vis_10_legend,,,,vis_10_legend,,,,vis_10_parameters,,,,vis_10_param,,,,_room_need_,,,,vis_10_tbl01,,,,vis_10__,,,,vis_10_image,,,,,,,,,,,,,,,,,,,,group3,,,,3,,,,pptx_template.vis_10.test.pptx,,,,8,,,,,,,,,,,,,,,,,,,,,,,,,,,,,,,,,,,,,,,,#D40062,Room need line,0,,,,,,,,,,,,,,1/1/2021,12,Subtitle font size,0,,8,Axis tick label size,0,,#d9d9d9,Background color,0,,16,Title font size,0,,0.3,Title image height,0,,bold,Title font weight,0,,13.33,Title image width,0,,,,,,,,,,,,,,,,,,,,,,cohort,0.85,Capacity Utilization Factor,1,percent0,0,Growth adjustment factor,0,percent0,,,,,1,,,,,0,Axis decimal places,0,,raw,raw count percent formatting mode,0,,1,Axis multiplier,0,,,Axis suffix,0,,,,,,fiscal
N,vis_10,vis_10,adf,adf.cs,cs,Control Segregation,"(custody_class.str.contains('CS', na=False) | custody_class.isin(['S3-CS', 'S3 (CS)', 'S3 - CS', 'S3-CONTROL SEG', 'S3-CONTROL SEGRE', 'S3 CONT. SEG.', 'CONTROL SEGREGAT', 'G2-CS', 'I POD SUBDAY CS']))",adf,cs,,,,,,,,,,,,,,,,,,,,,,,,,,,,,,,,,,,,,,,,,,,,,,,,,,,,,,,,,,,,,,,,,,,,,,,,,,,,,week,Aggregation level (hour/day_of_week/month/week),0,,,,,,,,,,,,,,30,,,,#2ca02c,,,,--,,,,1.25,,,,TRUE,,,,,,,,,,,,,,,,,,,,,,,,,,,,,,,,,,,,,,,,,,,,,,,,LC ADF,300,Image resolution,0,,,,,,1,12/31/2025,1,ESI 1 volume multiplier,0,percent0,1,ESI 2 volume multiplier,0,percent0,1,ESI 3 volume multiplier,0,percent0,1,ESI 4 volume multiplier,0,percent0,1,ESI 5 volume multiplier,0,percent0,,,,,6,Figure height,0,,10,Figure width,0,,,,,,,,,,Segoe UI,Global font family,0,,,,,,0,Display start value for graph,0,hour12,TRUE,,,,,,,,,,,,10,Legend font size,0,,3,Legend height,0,,2,Legend columns,0,,4,Legend width,0,,,,,,#A7AAAD,Off-peak bars,0,,#6F994E,P70 line,0,,#F2B701,P80 line,0,,#F28E2B,P90 line,0,,#3E839E,Peak bars,0,,#0B4F79,Peak census line,0,,12,Length of peak period,0,integer,auto,Peak period parameter mode,0,,6,Start for peak period,0,integer,vis_10_title,,,,vis_10_title,,,,vis_10_legend,,,,vis_10_legend,,,,vis_10_parameters,,,,vis_10_param,,,,_room_need_,,,,vis_10_tbl01,,,,vis_10__,,,,vis_10_image,,,,,,,,,,,,,,,,,,,,group3,,,,3,,,,pptx_template.vis_10.test.pptx,,,,8,,,,,,,,,,,,,,,,,,,,,,,,,,,,,,,,,,,,,,,,#D40062,Room need line,0,,,,,,,,,,,,,,1/1/2021,12,Subtitle font size,0,,8,Axis tick label size,0,,#d9d9d9,Background color,0,,16,Title font size,0,,0.3,Title image height,0,,bold,Title font weight,0,,13.33,Title image width,0,,,,,,,,,,,,,,,,,,,,,,cohort,0.85,Capacity Utilization Factor,1,percent0,0,Growth adjustment factor,0,percent0,,,,,1,,,,,0,Axis decimal places,0,,raw,raw count percent formatting mode,0,,1,Axis multiplier,0,,,Axis suffix,0,,,,,,fiscal
N,vis_10,vis_10,adf,adf.cs.55plus,cs.55plus,Control Segregation 55+,"((custody_class.str.contains('CS', na=False) | custody_class.isin(['S3-CS', 'S3 (CS)', 'S3 - CS', 'S3-CONTROL SEG', 'S3-CONTROL SEGRE', 'S3 CONT. SEG.', 'CONTROL SEGREGAT', 'G2-CS', 'I POD SUBDAY CS']))) & (age_bracket == 'adult 55+')",adf,cs.55plus,,,,,,,,,,,,,,,,,,,,,,,,,,,,,,,,,,,,,,,,,,,,,,,,,,,,,,,,,,,,,,,,,,,,,,,,,,,,,week,Aggregation level (hour/day_of_week/month/week),0,,,,,,,,,,,,,,30,,,,#2ca02c,,,,--,,,,1.25,,,,TRUE,,,,,,,,,,,,,,,,,,,,,,,,,,,,,,,,,,,,,,,,,,,,,,,,LC ADF,300,Image resolution,0,,,,,,1,12/31/2025,1,ESI 1 volume multiplier,0,percent0,1,ESI 2 volume multiplier,0,percent0,1,ESI 3 volume multiplier,0,percent0,1,ESI 4 volume multiplier,0,percent0,1,ESI 5 volume multiplier,0,percent0,,,,,6,Figure height,0,,10,Figure width,0,,,,,,,,,,Segoe UI,Global font family,0,,,,,,0,Display start value for graph,0,hour12,TRUE,,,,,,,,,,,,10,Legend font size,0,,3,Legend height,0,,2,Legend columns,0,,4,Legend width,0,,,,,,#A7AAAD,Off-peak bars,0,,#6F994E,P70 line,0,,#F2B701,P80 line,0,,#F28E2B,P90 line,0,,#3E839E,Peak bars,0,,#0B4F79,Peak census line,0,,12,Length of peak period,0,integer,auto,Peak period parameter mode,0,,6,Start for peak period,0,integer,vis_10_title,,,,vis_10_title,,,,vis_10_legend,,,,vis_10_legend,,,,vis_10_parameters,,,,vis_10_param,,,,_room_need_,,,,vis_10_tbl01,,,,vis_10__,,,,vis_10_image,,,,,,,,,,,,,,,,,,,,group3,,,,3,,,,pptx_template.vis_10.test.pptx,,,,8,,,,,,,,,,,,,,,,,,,,,,,,,,,,,,,,,,,,,,,,#D40062,Room need line,0,,,,,,,,,,,,,,1/1/2021,12,Subtitle font size,0,,8,Axis tick label size,0,,#d9d9d9,Background color,0,,16,Title font size,0,,0.3,Title image height,0,,bold,Title font weight,0,,13.33,Title image width,0,,,,,,,,,,,,,,,,,,,,,,cohort,0.85,Capacity Utilization Factor,1,percent0,0,Growth adjustment factor,0,percent0,,,,,1,,,,,0,Axis decimal places,0,,raw,raw count percent formatting mode,0,,1,Axis multiplier,0,,,Axis suffix,0,,,,,,fiscal
N,vis_10,vis_10,adf,adf.cs.ch_high,cs.chronic_high,Control Segregation Highly Severe Chronic Health Condition,"((custody_class.str.contains('CS', na=False) | custody_class.isin(['S3-CS', 'S3 (CS)', 'S3 - CS', 'S3-CONTROL SEG', 'S3-CONTROL SEGRE', 'S3 CONT. SEG.', 'CONTROL SEGREGAT', 'G2-CS', 'I POD SUBDAY CS']))) & (chronic_status == 'HIGH')",adf,cs.ch_high,,,,,,,,,,,,,,,,,,,,,,,,,,,,,,,,,,,,,,,,,,,,,,,,,,,,,,,,,,,,,,,,,,,,,,,,,,,,,week,Aggregation level (hour/day_of_week/month/week),0,,,,,,,,,,,,,,30,,,,#2ca02c,,,,--,,,,1.25,,,,TRUE,,,,,,,,,,,,,,,,,,,,,,,,,,,,,,,,,,,,,,,,,,,,,,,,LC ADF,300,Image resolution,0,,,,,,1,12/31/2025,1,ESI 1 volume multiplier,0,percent0,1,ESI 2 volume multiplier,0,percent0,1,ESI 3 volume multiplier,0,percent0,1,ESI 4 volume multiplier,0,percent0,1,ESI 5 volume multiplier,0,percent0,,,,,6,Figure height,0,,10,Figure width,0,,,,,,,,,,Segoe UI,Global font family,0,,,,,,0,Display start value for graph,0,hour12,TRUE,,,,,,,,,,,,10,Legend font size,0,,3,Legend height,0,,2,Legend columns,0,,4,Legend width,0,,,,,,#A7AAAD,Off-peak bars,0,,#6F994E,P70 line,0,,#F2B701,P80 line,0,,#F28E2B,P90 line,0,,#3E839E,Peak bars,0,,#0B4F79,Peak census line,0,,12,Length of peak period,0,integer,auto,Peak period parameter mode,0,,6,Start for peak period,0,integer,vis_10_title,,,,vis_10_title,,,,vis_10_legend,,,,vis_10_legend,,,,vis_10_parameters,,,,vis_10_param,,,,_room_need_,,,,vis_10_tbl01,,,,vis_10__,,,,vis_10_image,,,,,,,,,,,,,,,,,,,,group3,,,,3,,,,pptx_template.vis_10.test.pptx,,,,8,,,,,,,,,,,,,,,,,,,,,,,,,,,,,,,,,,,,,,,,#D40062,Room need line,0,,,,,,,,,,,,,,1/1/2021,12,Subtitle font size,0,,8,Axis tick label size,0,,#d9d9d9,Background color,0,,16,Title font size,0,,0.3,Title image height,0,,bold,Title font weight,0,,13.33,Title image width,0,,,,,,,,,,,,,,,,,,,,,,cohort,0.85,Capacity Utilization Factor,1,percent0,0,Growth adjustment factor,0,percent0,,,,,1,,,,,0,Axis decimal places,0,,raw,raw count percent formatting mode,0,,1,Axis multiplier,0,,,Axis suffix,0,,,,,,fiscal
N,vis_10,vis_10,adf,adf.cs.ch_low_mod_no,cs.chronic_low_moderate_no_chronic,Control Segregation Low/Moderate/No Chronic Health Condition,"((custody_class.str.contains('CS', na=False) | custody_class.isin(['S3-CS', 'S3 (CS)', 'S3 - CS', 'S3-CONTROL SEG', 'S3-CONTROL SEGRE', 'S3 CONT. SEG.', 'CONTROL SEGREGAT', 'G2-CS', 'I POD SUBDAY CS']))) & (chronic_status .isin(['LOW','MODERATE','NO CHRONIC CONDITION']))",adf,cs.ch_low_mod_no,,,,,,,,,,,,,,,,,,,,,,,,,,,,,,,,,,,,,,,,,,,,,,,,,,,,,,,,,,,,,,,,,,,,,,,,,,,,,week,Aggregation level (hour/day_of_week/month/week),0,,,,,,,,,,,,,,30,,,,#2ca02c,,,,--,,,,1.25,,,,TRUE,,,,,,,,,,,,,,,,,,,,,,,,,,,,,,,,,,,,,,,,,,,,,,,,LC ADF,300,Image resolution,0,,,,,,1,12/31/2025,1,ESI 1 volume multiplier,0,percent0,1,ESI 2 volume multiplier,0,percent0,1,ESI 3 volume multiplier,0,percent0,1,ESI 4 volume multiplier,0,percent0,1,ESI 5 volume multiplier,0,percent0,,,,,6,Figure height,0,,10,Figure width,0,,,,,,,,,,Segoe UI,Global font family,0,,,,,,0,Display start value for graph,0,hour12,TRUE,,,,,,,,,,,,10,Legend font size,0,,3,Legend height,0,,2,Legend columns,0,,4,Legend width,0,,,,,,#A7AAAD,Off-peak bars,0,,#6F994E,P70 line,0,,#F2B701,P80 line,0,,#F28E2B,P90 line,0,,#3E839E,Peak bars,0,,#0B4F79,Peak census line,0,,12,Length of peak period,0,integer,auto,Peak period parameter mode,0,,6,Start for peak period,0,integer,vis_10_title,,,,vis_10_title,,,,vis_10_legend,,,,vis_10_legend,,,,vis_10_parameters,,,,vis_10_param,,,,_room_need_,,,,vis_10_tbl01,,,,vis_10__,,,,vis_10_image,,,,,,,,,,,,,,,,,,,,group3,,,,3,,,,pptx_template.vis_10.test.pptx,,,,8,,,,,,,,,,,,,,,,,,,,,,,,,,,,,,,,,,,,,,,,#D40062,Room need line,0,,,,,,,,,,,,,,1/1/2021,12,Subtitle font size,0,,8,Axis tick label size,0,,#d9d9d9,Background color,0,,16,Title font size,0,,0.3,Title image height,0,,bold,Title font weight,0,,13.33,Title image width,0,,,,,,,,,,,,,,,,,,,,,,cohort,0.85,Capacity Utilization Factor,1,percent0,0,Growth adjustment factor,0,percent0,,,,,1,,,,,0,Axis decimal places,0,,raw,raw count percent formatting mode,0,,1,Axis multiplier,0,,,Axis suffix,0,,,,,,fiscal
N,vis_10,vis_10,adf,adf.cs.f,cs.female,Control Segregation Female,"((custody_class.str.contains('CS', na=False) | custody_class.isin(['S3-CS', 'S3 (CS)', 'S3 - CS', 'S3-CONTROL SEG', 'S3-CONTROL SEGRE', 'S3 CONT. SEG.', 'CONTROL SEGREGAT', 'G2-CS', 'I POD SUBDAY CS']))) & (sex == 'F')",adf,cs.f,,,,,,,,,,,,,,,,,,,,,,,,,,,,,,,,,,,,,,,,,,,,,,,,,,,,,,,,,,,,,,,,,,,,,,,,,,,,,week,Aggregation level (hour/day_of_week/month/week),0,,,,,,,,,,,,,,30,,,,#2ca02c,,,,--,,,,1.25,,,,TRUE,,,,,,,,,,,,,,,,,,,,,,,,,,,,,,,,,,,,,,,,,,,,,,,,LC ADF,300,Image resolution,0,,,,,,1,12/31/2025,1,ESI 1 volume multiplier,0,percent0,1,ESI 2 volume multiplier,0,percent0,1,ESI 3 volume multiplier,0,percent0,1,ESI 4 volume multiplier,0,percent0,1,ESI 5 volume multiplier,0,percent0,,,,,6,Figure height,0,,10,Figure width,0,,,,,,,,,,Segoe UI,Global font family,0,,,,,,0,Display start value for graph,0,hour12,TRUE,,,,,,,,,,,,10,Legend font size,0,,3,Legend height,0,,2,Legend columns,0,,4,Legend width,0,,,,,,#A7AAAD,Off-peak bars,0,,#6F994E,P70 line,0,,#F2B701,P80 line,0,,#F28E2B,P90 line,0,,#3E839E,Peak bars,0,,#0B4F79,Peak census line,0,,12,Length of peak period,0,integer,auto,Peak period parameter mode,0,,6,Start for peak period,0,integer,vis_10_title,,,,vis_10_title,,,,vis_10_legend,,,,vis_10_legend,,,,vis_10_parameters,,,,vis_10_param,,,,_room_need_,,,,vis_10_tbl01,,,,vis_10__,,,,vis_10_image,,,,,,,,,,,,,,,,,,,,group3,,,,3,,,,pptx_template.vis_10.test.pptx,,,,8,,,,,,,,,,,,,,,,,,,,,,,,,,,,,,,,,,,,,,,,#D40062,Room need line,0,,,,,,,,,,,,,,1/1/2021,12,Subtitle font size,0,,8,Axis tick label size,0,,#d9d9d9,Background color,0,,16,Title font size,0,,0.3,Title image height,0,,bold,Title font weight,0,,13.33,Title image width,0,,,,,,,,,,,,,,,,,,,,,,cohort,0.85,Capacity Utilization Factor,1,percent0,0,Growth adjustment factor,0,percent0,,,,,1,,,,,0,Axis decimal places,0,,raw,raw count percent formatting mode,0,,1,Axis multiplier,0,,,Axis suffix,0,,,,,,fiscal
N,vis_10,vis_10,adf,adf.cs.f.55plus,cs.female.55plus,Control Segregation Female 55+,"(((custody_class.str.contains('CS', na=False) | custody_class.isin(['S3-CS', 'S3 (CS)', 'S3 - CS', 'S3-CONTROL SEG', 'S3-CONTROL SEGRE', 'S3 CONT. SEG.', 'CONTROL SEGREGAT', 'G2-CS', 'I POD SUBDAY CS']))) & (sex == 'F')) & (age_bracket == 'adult 55+')",adf,cs.f.55plus,,,,,,,,,,,,,,,,,,,,,,,,,,,,,,,,,,,,,,,,,,,,,,,,,,,,,,,,,,,,,,,,,,,,,,,,,,,,,week,Aggregation level (hour/day_of_week/month/week),0,,,,,,,,,,,,,,30,,,,#2ca02c,,,,--,,,,1.25,,,,TRUE,,,,,,,,,,,,,,,,,,,,,,,,,,,,,,,,,,,,,,,,,,,,,,,,LC ADF,300,Image resolution,0,,,,,,1,12/31/2025,1,ESI 1 volume multiplier,0,percent0,1,ESI 2 volume multiplier,0,percent0,1,ESI 3 volume multiplier,0,percent0,1,ESI 4 volume multiplier,0,percent0,1,ESI 5 volume multiplier,0,percent0,,,,,6,Figure height,0,,10,Figure width,0,,,,,,,,,,Segoe UI,Global font family,0,,,,,,0,Display start value for graph,0,hour12,TRUE,,,,,,,,,,,,10,Legend font size,0,,3,Legend height,0,,2,Legend columns,0,,4,Legend width,0,,,,,,#A7AAAD,Off-peak bars,0,,#6F994E,P70 line,0,,#F2B701,P80 line,0,,#F28E2B,P90 line,0,,#3E839E,Peak bars,0,,#0B4F79,Peak census line,0,,12,Length of peak period,0,integer,auto,Peak period parameter mode,0,,6,Start for peak period,0,integer,vis_10_title,,,,vis_10_title,,,,vis_10_legend,,,,vis_10_legend,,,,vis_10_parameters,,,,vis_10_param,,,,_room_need_,,,,vis_10_tbl01,,,,vis_10__,,,,vis_10_image,,,,,,,,,,,,,,,,,,,,group3,,,,3,,,,pptx_template.vis_10.test.pptx,,,,8,,,,,,,,,,,,,,,,,,,,,,,,,,,,,,,,,,,,,,,,#D40062,Room need line,0,,,,,,,,,,,,,,1/1/2021,12,Subtitle font size,0,,8,Axis tick label size,0,,#d9d9d9,Background color,0,,16,Title font size,0,,0.3,Title image height,0,,bold,Title font weight,0,,13.33,Title image width,0,,,,,,,,,,,,,,,,,,,,,,cohort,0.85,Capacity Utilization Factor,1,percent0,0,Growth adjustment factor,0,percent0,,,,,1,,,,,0,Axis decimal places,0,,raw,raw count percent formatting mode,0,,1,Axis multiplier,0,,,Axis suffix,0,,,,,,fiscal
N,vis_10,vis_10,adf,adf.cs.f.ch_high,cs.female.chronic_high,Control Segregation Female Highly Severe Chronic Health Condition,"(((custody_class.str.contains('CS', na=False) | custody_class.isin(['S3-CS', 'S3 (CS)', 'S3 - CS', 'S3-CONTROL SEG', 'S3-CONTROL SEGRE', 'S3 CONT. SEG.', 'CONTROL SEGREGAT', 'G2-CS', 'I POD SUBDAY CS']))) & (sex == 'F')) & (chronic_status == 'HIGH')",adf,cs.f.ch_high,,,,,,,,,,,,,,,,,,,,,,,,,,,,,,,,,,,,,,,,,,,,,,,,,,,,,,,,,,,,,,,,,,,,,,,,,,,,,week,Aggregation level (hour/day_of_week/month/week),0,,,,,,,,,,,,,,30,,,,#2ca02c,,,,--,,,,1.25,,,,TRUE,,,,,,,,,,,,,,,,,,,,,,,,,,,,,,,,,,,,,,,,,,,,,,,,LC ADF,300,Image resolution,0,,,,,,1,12/31/2025,1,ESI 1 volume multiplier,0,percent0,1,ESI 2 volume multiplier,0,percent0,1,ESI 3 volume multiplier,0,percent0,1,ESI 4 volume multiplier,0,percent0,1,ESI 5 volume multiplier,0,percent0,,,,,6,Figure height,0,,10,Figure width,0,,,,,,,,,,Segoe UI,Global font family,0,,,,,,0,Display start value for graph,0,hour12,TRUE,,,,,,,,,,,,10,Legend font size,0,,3,Legend height,0,,2,Legend columns,0,,4,Legend width,0,,,,,,#A7AAAD,Off-peak bars,0,,#6F994E,P70 line,0,,#F2B701,P80 line,0,,#F28E2B,P90 line,0,,#3E839E,Peak bars,0,,#0B4F79,Peak census line,0,,12,Length of peak period,0,integer,auto,Peak period parameter mode,0,,6,Start for peak period,0,integer,vis_10_title,,,,vis_10_title,,,,vis_10_legend,,,,vis_10_legend,,,,vis_10_parameters,,,,vis_10_param,,,,_room_need_,,,,vis_10_tbl01,,,,vis_10__,,,,vis_10_image,,,,,,,,,,,,,,,,,,,,group3,,,,3,,,,pptx_template.vis_10.test.pptx,,,,8,,,,,,,,,,,,,,,,,,,,,,,,,,,,,,,,,,,,,,,,#D40062,Room need line,0,,,,,,,,,,,,,,1/1/2021,12,Subtitle font size,0,,8,Axis tick label size,0,,#d9d9d9,Background color,0,,16,Title font size,0,,0.3,Title image height,0,,bold,Title font weight,0,,13.33,Title image width,0,,,,,,,,,,,,,,,,,,,,,,cohort,0.85,Capacity Utilization Factor,1,percent0,0,Growth adjustment factor,0,percent0,,,,,1,,,,,0,Axis decimal places,0,,raw,raw count percent formatting mode,0,,1,Axis multiplier,0,,,Axis suffix,0,,,,,,fiscal
N,vis_10,vis_10,adf,adf.cs.f.ch_low_mod_no,cs.female.chronic_low_moderate_no_chronic,Control Segregation Female Low/Moderate/No Chronic Health Condition,"(((custody_class.str.contains('CS', na=False) | custody_class.isin(['S3-CS', 'S3 (CS)', 'S3 - CS', 'S3-CONTROL SEG', 'S3-CONTROL SEGRE', 'S3 CONT. SEG.', 'CONTROL SEGREGAT', 'G2-CS', 'I POD SUBDAY CS']))) & (sex == 'F')) & (chronic_status .isin(['LOW','MODERATE','NO CHRONIC CONDITION']))",adf,cs.f.ch_low_mod_no,,,,,,,,,,,,,,,,,,,,,,,,,,,,,,,,,,,,,,,,,,,,,,,,,,,,,,,,,,,,,,,,,,,,,,,,,,,,,week,Aggregation level (hour/day_of_week/month/week),0,,,,,,,,,,,,,,30,,,,#2ca02c,,,,--,,,,1.25,,,,TRUE,,,,,,,,,,,,,,,,,,,,,,,,,,,,,,,,,,,,,,,,,,,,,,,,LC ADF,300,Image resolution,0,,,,,,1,12/31/2025,1,ESI 1 volume multiplier,0,percent0,1,ESI 2 volume multiplier,0,percent0,1,ESI 3 volume multiplier,0,percent0,1,ESI 4 volume multiplier,0,percent0,1,ESI 5 volume multiplier,0,percent0,,,,,6,Figure height,0,,10,Figure width,0,,,,,,,,,,Segoe UI,Global font family,0,,,,,,0,Display start value for graph,0,hour12,TRUE,,,,,,,,,,,,10,Legend font size,0,,3,Legend height,0,,2,Legend columns,0,,4,Legend width,0,,,,,,#A7AAAD,Off-peak bars,0,,#6F994E,P70 line,0,,#F2B701,P80 line,0,,#F28E2B,P90 line,0,,#3E839E,Peak bars,0,,#0B4F79,Peak census line,0,,12,Length of peak period,0,integer,auto,Peak period parameter mode,0,,6,Start for peak period,0,integer,vis_10_title,,,,vis_10_title,,,,vis_10_legend,,,,vis_10_legend,,,,vis_10_parameters,,,,vis_10_param,,,,_room_need_,,,,vis_10_tbl01,,,,vis_10__,,,,vis_10_image,,,,,,,,,,,,,,,,,,,,group3,,,,3,,,,pptx_template.vis_10.test.pptx,,,,8,,,,,,,,,,,,,,,,,,,,,,,,,,,,,,,,,,,,,,,,#D40062,Room need line,0,,,,,,,,,,,,,,1/1/2021,12,Subtitle font size,0,,8,Axis tick label size,0,,#d9d9d9,Background color,0,,16,Title font size,0,,0.3,Title image height,0,,bold,Title font weight,0,,13.33,Title image width,0,,,,,,,,,,,,,,,,,,,,,,cohort,0.85,Capacity Utilization Factor,1,percent0,0,Growth adjustment factor,0,percent0,,,,,1,,,,,0,Axis decimal places,0,,raw,raw count percent formatting mode,0,,1,Axis multiplier,0,,,Axis suffix,0,,,,,,fiscal
N,vis_10,vis_10,adf,adf.cs.f.u55,cs.female.u55,Control Segregation Female Under 55,"(((custody_class.str.contains('CS', na=False) | custody_class.isin(['S3-CS', 'S3 (CS)', 'S3 - CS', 'S3-CONTROL SEG', 'S3-CONTROL SEGRE', 'S3 CONT. SEG.', 'CONTROL SEGREGAT', 'G2-CS', 'I POD SUBDAY CS']))) & (sex == 'F')) & (age_bracket == 'adult under 55')",adf,cs.f.u55,,,,,,,,,,,,,,,,,,,,,,,,,,,,,,,,,,,,,,,,,,,,,,,,,,,,,,,,,,,,,,,,,,,,,,,,,,,,,week,Aggregation level (hour/day_of_week/month/week),0,,,,,,,,,,,,,,30,,,,#2ca02c,,,,--,,,,1.25,,,,TRUE,,,,,,,,,,,,,,,,,,,,,,,,,,,,,,,,,,,,,,,,,,,,,,,,LC ADF,300,Image resolution,0,,,,,,1,12/31/2025,1,ESI 1 volume multiplier,0,percent0,1,ESI 2 volume multiplier,0,percent0,1,ESI 3 volume multiplier,0,percent0,1,ESI 4 volume multiplier,0,percent0,1,ESI 5 volume multiplier,0,percent0,,,,,6,Figure height,0,,10,Figure width,0,,,,,,,,,,Segoe UI,Global font family,0,,,,,,0,Display start value for graph,0,hour12,TRUE,,,,,,,,,,,,10,Legend font size,0,,3,Legend height,0,,2,Legend columns,0,,4,Legend width,0,,,,,,#A7AAAD,Off-peak bars,0,,#6F994E,P70 line,0,,#F2B701,P80 line,0,,#F28E2B,P90 line,0,,#3E839E,Peak bars,0,,#0B4F79,Peak census line,0,,12,Length of peak period,0,integer,auto,Peak period parameter mode,0,,6,Start for peak period,0,integer,vis_10_title,,,,vis_10_title,,,,vis_10_legend,,,,vis_10_legend,,,,vis_10_parameters,,,,vis_10_param,,,,_room_need_,,,,vis_10_tbl01,,,,vis_10__,,,,vis_10_image,,,,,,,,,,,,,,,,,,,,group3,,,,3,,,,pptx_template.vis_10.test.pptx,,,,8,,,,,,,,,,,,,,,,,,,,,,,,,,,,,,,,,,,,,,,,#D40062,Room need line,0,,,,,,,,,,,,,,1/1/2021,12,Subtitle font size,0,,8,Axis tick label size,0,,#d9d9d9,Background color,0,,16,Title font size,0,,0.3,Title image height,0,,bold,Title font weight,0,,13.33,Title image width,0,,,,,,,,,,,,,,,,,,,,,,cohort,0.85,Capacity Utilization Factor,1,percent0,0,Growth adjustment factor,0,percent0,,,,,1,,,,,0,Axis decimal places,0,,raw,raw count percent formatting mode,0,,1,Axis multiplier,0,,,Axis suffix,0,,,,,,fiscal
N,vis_10,vis_10,adf,adf.cs.m,cs.male,Control Segregation Male,"((custody_class.str.contains('CS', na=False) | custody_class.isin(['S3-CS', 'S3 (CS)', 'S3 - CS', 'S3-CONTROL SEG', 'S3-CONTROL SEGRE', 'S3 CONT. SEG.', 'CONTROL SEGREGAT', 'G2-CS', 'I POD SUBDAY CS']))) & (sex == 'M')",adf,cs.m,,,,,,,,,,,,,,,,,,,,,,,,,,,,,,,,,,,,,,,,,,,,,,,,,,,,,,,,,,,,,,,,,,,,,,,,,,,,,week,Aggregation level (hour/day_of_week/month/week),0,,,,,,,,,,,,,,30,,,,#2ca02c,,,,--,,,,1.25,,,,TRUE,,,,,,,,,,,,,,,,,,,,,,,,,,,,,,,,,,,,,,,,,,,,,,,,LC ADF,300,Image resolution,0,,,,,,1,12/31/2025,1,ESI 1 volume multiplier,0,percent0,1,ESI 2 volume multiplier,0,percent0,1,ESI 3 volume multiplier,0,percent0,1,ESI 4 volume multiplier,0,percent0,1,ESI 5 volume multiplier,0,percent0,,,,,6,Figure height,0,,10,Figure width,0,,,,,,,,,,Segoe UI,Global font family,0,,,,,,0,Display start value for graph,0,hour12,TRUE,,,,,,,,,,,,10,Legend font size,0,,3,Legend height,0,,2,Legend columns,0,,4,Legend width,0,,,,,,#A7AAAD,Off-peak bars,0,,#6F994E,P70 line,0,,#F2B701,P80 line,0,,#F28E2B,P90 line,0,,#3E839E,Peak bars,0,,#0B4F79,Peak census line,0,,12,Length of peak period,0,integer,auto,Peak period parameter mode,0,,6,Start for peak period,0,integer,vis_10_title,,,,vis_10_title,,,,vis_10_legend,,,,vis_10_legend,,,,vis_10_parameters,,,,vis_10_param,,,,_room_need_,,,,vis_10_tbl01,,,,vis_10__,,,,vis_10_image,,,,,,,,,,,,,,,,,,,,group3,,,,3,,,,pptx_template.vis_10.test.pptx,,,,8,,,,,,,,,,,,,,,,,,,,,,,,,,,,,,,,,,,,,,,,#D40062,Room need line,0,,,,,,,,,,,,,,1/1/2021,12,Subtitle font size,0,,8,Axis tick label size,0,,#d9d9d9,Background color,0,,16,Title font size,0,,0.3,Title image height,0,,bold,Title font weight,0,,13.33,Title image width,0,,,,,,,,,,,,,,,,,,,,,,cohort,0.85,Capacity Utilization Factor,1,percent0,0,Growth adjustment factor,0,percent0,,,,,1,,,,,0,Axis decimal places,0,,raw,raw count percent formatting mode,0,,1,Axis multiplier,0,,,Axis suffix,0,,,,,,fiscal
N,vis_10,vis_10,adf,adf.cs.m.55plus,cs.male.55plus,Control Segregation Male 55+,"(((custody_class.str.contains('CS', na=False) | custody_class.isin(['S3-CS', 'S3 (CS)', 'S3 - CS', 'S3-CONTROL SEG', 'S3-CONTROL SEGRE', 'S3 CONT. SEG.', 'CONTROL SEGREGAT', 'G2-CS', 'I POD SUBDAY CS']))) & (sex == 'M')) & (age_bracket == 'adult 55+')",adf,cs.m.55plus,,,,,,,,,,,,,,,,,,,,,,,,,,,,,,,,,,,,,,,,,,,,,,,,,,,,,,,,,,,,,,,,,,,,,,,,,,,,,week,Aggregation level (hour/day_of_week/month/week),0,,,,,,,,,,,,,,30,,,,#2ca02c,,,,--,,,,1.25,,,,TRUE,,,,,,,,,,,,,,,,,,,,,,,,,,,,,,,,,,,,,,,,,,,,,,,,LC ADF,300,Image resolution,0,,,,,,1,12/31/2025,1,ESI 1 volume multiplier,0,percent0,1,ESI 2 volume multiplier,0,percent0,1,ESI 3 volume multiplier,0,percent0,1,ESI 4 volume multiplier,0,percent0,1,ESI 5 volume multiplier,0,percent0,,,,,6,Figure height,0,,10,Figure width,0,,,,,,,,,,Segoe UI,Global font family,0,,,,,,0,Display start value for graph,0,hour12,TRUE,,,,,,,,,,,,10,Legend font size,0,,3,Legend height,0,,2,Legend columns,0,,4,Legend width,0,,,,,,#A7AAAD,Off-peak bars,0,,#6F994E,P70 line,0,,#F2B701,P80 line,0,,#F28E2B,P90 line,0,,#3E839E,Peak bars,0,,#0B4F79,Peak census line,0,,12,Length of peak period,0,integer,auto,Peak period parameter mode,0,,6,Start for peak period,0,integer,vis_10_title,,,,vis_10_title,,,,vis_10_legend,,,,vis_10_legend,,,,vis_10_parameters,,,,vis_10_param,,,,_room_need_,,,,vis_10_tbl01,,,,vis_10__,,,,vis_10_image,,,,,,,,,,,,,,,,,,,,group3,,,,3,,,,pptx_template.vis_10.test.pptx,,,,8,,,,,,,,,,,,,,,,,,,,,,,,,,,,,,,,,,,,,,,,#D40062,Room need line,0,,,,,,,,,,,,,,1/1/2021,12,Subtitle font size,0,,8,Axis tick label size,0,,#d9d9d9,Background color,0,,16,Title font size,0,,0.3,Title image height,0,,bold,Title font weight,0,,13.33,Title image width,0,,,,,,,,,,,,,,,,,,,,,,cohort,0.85,Capacity Utilization Factor,1,percent0,0,Growth adjustment factor,0,percent0,,,,,1,,,,,0,Axis decimal places,0,,raw,raw count percent formatting mode,0,,1,Axis multiplier,0,,,Axis suffix,0,,,,,,fiscal
N,vis_10,vis_10,adf,adf.cs.m.ch_high,cs.male.chronic_high,Control Segregation Male Highly Severe Chronic Health Condition,"(((custody_class.str.contains('CS', na=False) | custody_class.isin(['S3-CS', 'S3 (CS)', 'S3 - CS', 'S3-CONTROL SEG', 'S3-CONTROL SEGRE', 'S3 CONT. SEG.', 'CONTROL SEGREGAT', 'G2-CS', 'I POD SUBDAY CS']))) & (sex == 'M')) & (chronic_status == 'HIGH')",adf,cs.m.ch_high,,,,,,,,,,,,,,,,,,,,,,,,,,,,,,,,,,,,,,,,,,,,,,,,,,,,,,,,,,,,,,,,,,,,,,,,,,,,,week,Aggregation level (hour/day_of_week/month/week),0,,,,,,,,,,,,,,30,,,,#2ca02c,,,,--,,,,1.25,,,,TRUE,,,,,,,,,,,,,,,,,,,,,,,,,,,,,,,,,,,,,,,,,,,,,,,,LC ADF,300,Image resolution,0,,,,,,1,12/31/2025,1,ESI 1 volume multiplier,0,percent0,1,ESI 2 volume multiplier,0,percent0,1,ESI 3 volume multiplier,0,percent0,1,ESI 4 volume multiplier,0,percent0,1,ESI 5 volume multiplier,0,percent0,,,,,6,Figure height,0,,10,Figure width,0,,,,,,,,,,Segoe UI,Global font family,0,,,,,,0,Display start value for graph,0,hour12,TRUE,,,,,,,,,,,,10,Legend font size,0,,3,Legend height,0,,2,Legend columns,0,,4,Legend width,0,,,,,,#A7AAAD,Off-peak bars,0,,#6F994E,P70 line,0,,#F2B701,P80 line,0,,#F28E2B,P90 line,0,,#3E839E,Peak bars,0,,#0B4F79,Peak census line,0,,12,Length of peak period,0,integer,auto,Peak period parameter mode,0,,6,Start for peak period,0,integer,vis_10_title,,,,vis_10_title,,,,vis_10_legend,,,,vis_10_legend,,,,vis_10_parameters,,,,vis_10_param,,,,_room_need_,,,,vis_10_tbl01,,,,vis_10__,,,,vis_10_image,,,,,,,,,,,,,,,,,,,,group3,,,,3,,,,pptx_template.vis_10.test.pptx,,,,8,,,,,,,,,,,,,,,,,,,,,,,,,,,,,,,,,,,,,,,,#D40062,Room need line,0,,,,,,,,,,,,,,1/1/2021,12,Subtitle font size,0,,8,Axis tick label size,0,,#d9d9d9,Background color,0,,16,Title font size,0,,0.3,Title image height,0,,bold,Title font weight,0,,13.33,Title image width,0,,,,,,,,,,,,,,,,,,,,,,cohort,0.85,Capacity Utilization Factor,1,percent0,0,Growth adjustment factor,0,percent0,,,,,1,,,,,0,Axis decimal places,0,,raw,raw count percent formatting mode,0,,1,Axis multiplier,0,,,Axis suffix,0,,,,,,fiscal
N,vis_10,vis_10,adf,adf.cs.m.ch_low_mod_no,cs.male.chronic_low_moderate_no_chronic,Control Segregation Male Low/Moderate/No Chronic Health Condition,"(((custody_class.str.contains('CS', na=False) | custody_class.isin(['S3-CS', 'S3 (CS)', 'S3 - CS', 'S3-CONTROL SEG', 'S3-CONTROL SEGRE', 'S3 CONT. SEG.', 'CONTROL SEGREGAT', 'G2-CS', 'I POD SUBDAY CS']))) & (sex == 'M')) & (chronic_status .isin(['LOW','MODERATE','NO CHRONIC CONDITION']))",adf,cs.m.ch_low_mod_no,,,,,,,,,,,,,,,,,,,,,,,,,,,,,,,,,,,,,,,,,,,,,,,,,,,,,,,,,,,,,,,,,,,,,,,,,,,,,week,Aggregation level (hour/day_of_week/month/week),0,,,,,,,,,,,,,,30,,,,#2ca02c,,,,--,,,,1.25,,,,TRUE,,,,,,,,,,,,,,,,,,,,,,,,,,,,,,,,,,,,,,,,,,,,,,,,LC ADF,300,Image resolution,0,,,,,,1,12/31/2025,1,ESI 1 volume multiplier,0,percent0,1,ESI 2 volume multiplier,0,percent0,1,ESI 3 volume multiplier,0,percent0,1,ESI 4 volume multiplier,0,percent0,1,ESI 5 volume multiplier,0,percent0,,,,,6,Figure height,0,,10,Figure width,0,,,,,,,,,,Segoe UI,Global font family,0,,,,,,0,Display start value for graph,0,hour12,TRUE,,,,,,,,,,,,10,Legend font size,0,,3,Legend height,0,,2,Legend columns,0,,4,Legend width,0,,,,,,#A7AAAD,Off-peak bars,0,,#6F994E,P70 line,0,,#F2B701,P80 line,0,,#F28E2B,P90 line,0,,#3E839E,Peak bars,0,,#0B4F79,Peak census line,0,,12,Length of peak period,0,integer,auto,Peak period parameter mode,0,,6,Start for peak period,0,integer,vis_10_title,,,,vis_10_title,,,,vis_10_legend,,,,vis_10_legend,,,,vis_10_parameters,,,,vis_10_param,,,,_room_need_,,,,vis_10_tbl01,,,,vis_10__,,,,vis_10_image,,,,,,,,,,,,,,,,,,,,group3,,,,3,,,,pptx_template.vis_10.test.pptx,,,,8,,,,,,,,,,,,,,,,,,,,,,,,,,,,,,,,,,,,,,,,#D40062,Room need line,0,,,,,,,,,,,,,,1/1/2021,12,Subtitle font size,0,,8,Axis tick label size,0,,#d9d9d9,Background color,0,,16,Title font size,0,,0.3,Title image height,0,,bold,Title font weight,0,,13.33,Title image width,0,,,,,,,,,,,,,,,,,,,,,,cohort,0.85,Capacity Utilization Factor,1,percent0,0,Growth adjustment factor,0,percent0,,,,,1,,,,,0,Axis decimal places,0,,raw,raw count percent formatting mode,0,,1,Axis multiplier,0,,,Axis suffix,0,,,,,,fiscal
N,vis_10,vis_10,adf,adf.cs.m.u55,cs.male.u55,Control Segregation Male Under 55,"(((custody_class.str.contains('CS', na=False) | custody_class.isin(['S3-CS', 'S3 (CS)', 'S3 - CS', 'S3-CONTROL SEG', 'S3-CONTROL SEGRE', 'S3 CONT. SEG.', 'CONTROL SEGREGAT', 'G2-CS', 'I POD SUBDAY CS']))) & (sex == 'M')) & (age_bracket == 'adult under 55')",adf,cs.m.u55,,,,,,,,,,,,,,,,,,,,,,,,,,,,,,,,,,,,,,,,,,,,,,,,,,,,,,,,,,,,,,,,,,,,,,,,,,,,,week,Aggregation level (hour/day_of_week/month/week),0,,,,,,,,,,,,,,30,,,,#2ca02c,,,,--,,,,1.25,,,,TRUE,,,,,,,,,,,,,,,,,,,,,,,,,,,,,,,,,,,,,,,,,,,,,,,,LC ADF,300,Image resolution,0,,,,,,1,12/31/2025,1,ESI 1 volume multiplier,0,percent0,1,ESI 2 volume multiplier,0,percent0,1,ESI 3 volume multiplier,0,percent0,1,ESI 4 volume multiplier,0,percent0,1,ESI 5 volume multiplier,0,percent0,,,,,6,Figure height,0,,10,Figure width,0,,,,,,,,,,Segoe UI,Global font family,0,,,,,,0,Display start value for graph,0,hour12,TRUE,,,,,,,,,,,,10,Legend font size,0,,3,Legend height,0,,2,Legend columns,0,,4,Legend width,0,,,,,,#A7AAAD,Off-peak bars,0,,#6F994E,P70 line,0,,#F2B701,P80 line,0,,#F28E2B,P90 line,0,,#3E839E,Peak bars,0,,#0B4F79,Peak census line,0,,12,Length of peak period,0,integer,auto,Peak period parameter mode,0,,6,Start for peak period,0,integer,vis_10_title,,,,vis_10_title,,,,vis_10_legend,,,,vis_10_legend,,,,vis_10_parameters,,,,vis_10_param,,,,_room_need_,,,,vis_10_tbl01,,,,vis_10__,,,,vis_10_image,,,,,,,,,,,,,,,,,,,,group3,,,,3,,,,pptx_template.vis_10.test.pptx,,,,8,,,,,,,,,,,,,,,,,,,,,,,,,,,,,,,,,,,,,,,,#D40062,Room need line,0,,,,,,,,,,,,,,1/1/2021,12,Subtitle font size,0,,8,Axis tick label size,0,,#d9d9d9,Background color,0,,16,Title font size,0,,0.3,Title image height,0,,bold,Title font weight,0,,13.33,Title image width,0,,,,,,,,,,,,,,,,,,,,,,cohort,0.85,Capacity Utilization Factor,1,percent0,0,Growth adjustment factor,0,percent0,,,,,1,,,,,0,Axis decimal places,0,,raw,raw count percent formatting mode,0,,1,Axis multiplier,0,,,Axis suffix,0,,,,,,fiscal
N,vis_10,vis_10,adf,adf.cs.u55,cs.u55,Control Segregation Under 55,"((custody_class.str.contains('CS', na=False) | custody_class.isin(['S3-CS', 'S3 (CS)', 'S3 - CS', 'S3-CONTROL SEG', 'S3-CONTROL SEGRE', 'S3 CONT. SEG.', 'CONTROL SEGREGAT', 'G2-CS', 'I POD SUBDAY CS']))) & (age_bracket == 'adult under 55')",adf,cs.u55,,,,,,,,,,,,,,,,,,,,,,,,,,,,,,,,,,,,,,,,,,,,,,,,,,,,,,,,,,,,,,,,,,,,,,,,,,,,,week,Aggregation level (hour/day_of_week/month/week),0,,,,,,,,,,,,,,30,,,,#2ca02c,,,,--,,,,1.25,,,,TRUE,,,,,,,,,,,,,,,,,,,,,,,,,,,,,,,,,,,,,,,,,,,,,,,,LC ADF,300,Image resolution,0,,,,,,1,12/31/2025,1,ESI 1 volume multiplier,0,percent0,1,ESI 2 volume multiplier,0,percent0,1,ESI 3 volume multiplier,0,percent0,1,ESI 4 volume multiplier,0,percent0,1,ESI 5 volume multiplier,0,percent0,,,,,6,Figure height,0,,10,Figure width,0,,,,,,,,,,Segoe UI,Global font family,0,,,,,,0,Display start value for graph,0,hour12,TRUE,,,,,,,,,,,,10,Legend font size,0,,3,Legend height,0,,2,Legend columns,0,,4,Legend width,0,,,,,,#A7AAAD,Off-peak bars,0,,#6F994E,P70 line,0,,#F2B701,P80 line,0,,#F28E2B,P90 line,0,,#3E839E,Peak bars,0,,#0B4F79,Peak census line,0,,12,Length of peak period,0,integer,auto,Peak period parameter mode,0,,6,Start for peak period,0,integer,vis_10_title,,,,vis_10_title,,,,vis_10_legend,,,,vis_10_legend,,,,vis_10_parameters,,,,vis_10_param,,,,_room_need_,,,,vis_10_tbl01,,,,vis_10__,,,,vis_10_image,,,,,,,,,,,,,,,,,,,,group3,,,,3,,,,pptx_template.vis_10.test.pptx,,,,8,,,,,,,,,,,,,,,,,,,,,,,,,,,,,,,,,,,,,,,,#D40062,Room need line,0,,,,,,,,,,,,,,1/1/2021,12,Subtitle font size,0,,8,Axis tick label size,0,,#d9d9d9,Background color,0,,16,Title font size,0,,0.3,Title image height,0,,bold,Title font weight,0,,13.33,Title image width,0,,,,,,,,,,,,,,,,,,,,,,cohort,0.85,Capacity Utilization Factor,1,percent0,0,Growth adjustment factor,0,percent0,,,,,1,,,,,0,Axis decimal places,0,,raw,raw count percent formatting mode,0,,1,Axis multiplier,0,,,Axis suffix,0,,,,,,fiscal
N,vis_10,vis_10,adf,adf.det,detox,Detox,(housing_detox_status == 'DETOX'),adf,det,,,,,,,,,,,,,,,,,,,,,,,,,,,,,,,,,,,,,,,,,,,,,,,,,,,,,,,,,,,,,,,,,,,,,,,,,,,,,week,Aggregation level (hour/day_of_week/month/week),0,,,,,,,,,,,,,,30,,,,#2ca02c,,,,--,,,,1.25,,,,TRUE,,,,,,,,,,,,,,,,,,,,,,,,,,,,,,,,,,,,,,,,,,,,,,,,LC ADF,300,Image resolution,0,,,,,,1,12/31/2025,1,ESI 1 volume multiplier,0,percent0,1,ESI 2 volume multiplier,0,percent0,1,ESI 3 volume multiplier,0,percent0,1,ESI 4 volume multiplier,0,percent0,1,ESI 5 volume multiplier,0,percent0,,,,,6,Figure height,0,,10,Figure width,0,,,,,,,,,,Segoe UI,Global font family,0,,,,,,0,Display start value for graph,0,hour12,TRUE,,,,,,,,,,,,10,Legend font size,0,,3,Legend height,0,,2,Legend columns,0,,4,Legend width,0,,,,,,#A7AAAD,Off-peak bars,0,,#6F994E,P70 line,0,,#F2B701,P80 line,0,,#F28E2B,P90 line,0,,#3E839E,Peak bars,0,,#0B4F79,Peak census line,0,,12,Length of peak period,0,integer,auto,Peak period parameter mode,0,,6,Start for peak period,0,integer,vis_10_title,,,,vis_10_title,,,,vis_10_legend,,,,vis_10_legend,,,,vis_10_parameters,,,,vis_10_param,,,,_room_need_,,,,vis_10_tbl01,,,,vis_10__,,,,vis_10_image,,,,,,,,,,,,,,,,,,,,group3,,,,3,,,,pptx_template.vis_10.test.pptx,,,,8,,,,,,,,,,,,,,,,,,,,,,,,,,,,,,,,,,,,,,,,#D40062,Room need line,0,,,,,,,,,,,,,,1/1/2021,12,Subtitle font size,0,,8,Axis tick label size,0,,#d9d9d9,Background color,0,,16,Title font size,0,,0.3,Title image height,0,,bold,Title font weight,0,,13.33,Title image width,0,,,,,,,,,,,,,,,,,,,,,,cohort,0.85,Capacity Utilization Factor,1,percent0,0,Growth adjustment factor,0,percent0,,,,,1,,,,,0,Axis decimal places,0,,raw,raw count percent formatting mode,0,,1,Axis multiplier,0,,,Axis suffix,0,,,,,,fiscal
N,vis_10,vis_10,adf,adf.det.55plus,detox.55plus,Detox 55+,((housing_detox_status == 'DETOX')) & (age_bracket == 'adult 55+'),adf,det.55plus,,,,,,,,,,,,,,,,,,,,,,,,,,,,,,,,,,,,,,,,,,,,,,,,,,,,,,,,,,,,,,,,,,,,,,,,,,,,,week,Aggregation level (hour/day_of_week/month/week),0,,,,,,,,,,,,,,30,,,,#2ca02c,,,,--,,,,1.25,,,,TRUE,,,,,,,,,,,,,,,,,,,,,,,,,,,,,,,,,,,,,,,,,,,,,,,,LC ADF,300,Image resolution,0,,,,,,1,12/31/2025,1,ESI 1 volume multiplier,0,percent0,1,ESI 2 volume multiplier,0,percent0,1,ESI 3 volume multiplier,0,percent0,1,ESI 4 volume multiplier,0,percent0,1,ESI 5 volume multiplier,0,percent0,,,,,6,Figure height,0,,10,Figure width,0,,,,,,,,,,Segoe UI,Global font family,0,,,,,,0,Display start value for graph,0,hour12,TRUE,,,,,,,,,,,,10,Legend font size,0,,3,Legend height,0,,2,Legend columns,0,,4,Legend width,0,,,,,,#A7AAAD,Off-peak bars,0,,#6F994E,P70 line,0,,#F2B701,P80 line,0,,#F28E2B,P90 line,0,,#3E839E,Peak bars,0,,#0B4F79,Peak census line,0,,12,Length of peak period,0,integer,auto,Peak period parameter mode,0,,6,Start for peak period,0,integer,vis_10_title,,,,vis_10_title,,,,vis_10_legend,,,,vis_10_legend,,,,vis_10_parameters,,,,vis_10_param,,,,_room_need_,,,,vis_10_tbl01,,,,vis_10__,,,,vis_10_image,,,,,,,,,,,,,,,,,,,,group3,,,,3,,,,pptx_template.vis_10.test.pptx,,,,8,,,,,,,,,,,,,,,,,,,,,,,,,,,,,,,,,,,,,,,,#D40062,Room need line,0,,,,,,,,,,,,,,1/1/2021,12,Subtitle font size,0,,8,Axis tick label size,0,,#d9d9d9,Background color,0,,16,Title font size,0,,0.3,Title image height,0,,bold,Title font weight,0,,13.33,Title image width,0,,,,,,,,,,,,,,,,,,,,,,cohort,0.85,Capacity Utilization Factor,1,percent0,0,Growth adjustment factor,0,percent0,,,,,1,,,,,0,Axis decimal places,0,,raw,raw count percent formatting mode,0,,1,Axis multiplier,0,,,Axis suffix,0,,,,,,fiscal
N,vis_10,vis_10,adf,adf.det.ch_high,detox.chronic_high,Detox Highly Severe Chronic Health Condition,((housing_detox_status == 'DETOX')) & (chronic_status == 'HIGH'),adf,det.ch_high,,,,,,,,,,,,,,,,,,,,,,,,,,,,,,,,,,,,,,,,,,,,,,,,,,,,,,,,,,,,,,,,,,,,,,,,,,,,,week,Aggregation level (hour/day_of_week/month/week),0,,,,,,,,,,,,,,30,,,,#2ca02c,,,,--,,,,1.25,,,,TRUE,,,,,,,,,,,,,,,,,,,,,,,,,,,,,,,,,,,,,,,,,,,,,,,,LC ADF,300,Image resolution,0,,,,,,1,12/31/2025,1,ESI 1 volume multiplier,0,percent0,1,ESI 2 volume multiplier,0,percent0,1,ESI 3 volume multiplier,0,percent0,1,ESI 4 volume multiplier,0,percent0,1,ESI 5 volume multiplier,0,percent0,,,,,6,Figure height,0,,10,Figure width,0,,,,,,,,,,Segoe UI,Global font family,0,,,,,,0,Display start value for graph,0,hour12,TRUE,,,,,,,,,,,,10,Legend font size,0,,3,Legend height,0,,2,Legend columns,0,,4,Legend width,0,,,,,,#A7AAAD,Off-peak bars,0,,#6F994E,P70 line,0,,#F2B701,P80 line,0,,#F28E2B,P90 line,0,,#3E839E,Peak bars,0,,#0B4F79,Peak census line,0,,12,Length of peak period,0,integer,auto,Peak period parameter mode,0,,6,Start for peak period,0,integer,vis_10_title,,,,vis_10_title,,,,vis_10_legend,,,,vis_10_legend,,,,vis_10_parameters,,,,vis_10_param,,,,_room_need_,,,,vis_10_tbl01,,,,vis_10__,,,,vis_10_image,,,,,,,,,,,,,,,,,,,,group3,,,,3,,,,pptx_template.vis_10.test.pptx,,,,8,,,,,,,,,,,,,,,,,,,,,,,,,,,,,,,,,,,,,,,,#D40062,Room need line,0,,,,,,,,,,,,,,1/1/2021,12,Subtitle font size,0,,8,Axis tick label size,0,,#d9d9d9,Background color,0,,16,Title font size,0,,0.3,Title image height,0,,bold,Title font weight,0,,13.33,Title image width,0,,,,,,,,,,,,,,,,,,,,,,cohort,0.85,Capacity Utilization Factor,1,percent0,0,Growth adjustment factor,0,percent0,,,,,1,,,,,0,Axis decimal places,0,,raw,raw count percent formatting mode,0,,1,Axis multiplier,0,,,Axis suffix,0,,,,,,fiscal
N,vis_10,vis_10,adf,adf.det.ch_low_mod_no,detox.chronic_low_moderate_no_chronic,Detox Low/Moderate/No Chronic Health Condition,"((housing_detox_status == 'DETOX')) & (chronic_status .isin(['LOW','MODERATE','NO CHRONIC CONDITION']))",adf,det.ch_low_mod_no,,,,,,,,,,,,,,,,,,,,,,,,,,,,,,,,,,,,,,,,,,,,,,,,,,,,,,,,,,,,,,,,,,,,,,,,,,,,,week,Aggregation level (hour/day_of_week/month/week),0,,,,,,,,,,,,,,30,,,,#2ca02c,,,,--,,,,1.25,,,,TRUE,,,,,,,,,,,,,,,,,,,,,,,,,,,,,,,,,,,,,,,,,,,,,,,,LC ADF,300,Image resolution,0,,,,,,1,12/31/2025,1,ESI 1 volume multiplier,0,percent0,1,ESI 2 volume multiplier,0,percent0,1,ESI 3 volume multiplier,0,percent0,1,ESI 4 volume multiplier,0,percent0,1,ESI 5 volume multiplier,0,percent0,,,,,6,Figure height,0,,10,Figure width,0,,,,,,,,,,Segoe UI,Global font family,0,,,,,,0,Display start value for graph,0,hour12,TRUE,,,,,,,,,,,,10,Legend font size,0,,3,Legend height,0,,2,Legend columns,0,,4,Legend width,0,,,,,,#A7AAAD,Off-peak bars,0,,#6F994E,P70 line,0,,#F2B701,P80 line,0,,#F28E2B,P90 line,0,,#3E839E,Peak bars,0,,#0B4F79,Peak census line,0,,12,Length of peak period,0,integer,auto,Peak period parameter mode,0,,6,Start for peak period,0,integer,vis_10_title,,,,vis_10_title,,,,vis_10_legend,,,,vis_10_legend,,,,vis_10_parameters,,,,vis_10_param,,,,_room_need_,,,,vis_10_tbl01,,,,vis_10__,,,,vis_10_image,,,,,,,,,,,,,,,,,,,,group3,,,,3,,,,pptx_template.vis_10.test.pptx,,,,8,,,,,,,,,,,,,,,,,,,,,,,,,,,,,,,,,,,,,,,,#D40062,Room need line,0,,,,,,,,,,,,,,1/1/2021,12,Subtitle font size,0,,8,Axis tick label size,0,,#d9d9d9,Background color,0,,16,Title font size,0,,0.3,Title image height,0,,bold,Title font weight,0,,13.33,Title image width,0,,,,,,,,,,,,,,,,,,,,,,cohort,0.85,Capacity Utilization Factor,1,percent0,0,Growth adjustment factor,0,percent0,,,,,1,,,,,0,Axis decimal places,0,,raw,raw count percent formatting mode,0,,1,Axis multiplier,0,,,Axis suffix,0,,,,,,fiscal
N,vis_10,vis_10,adf,adf.det.f,detox.female,Detox Female,((housing_detox_status == 'DETOX')) & (sex == 'F'),adf,det.f,,,,,,,,,,,,,,,,,,,,,,,,,,,,,,,,,,,,,,,,,,,,,,,,,,,,,,,,,,,,,,,,,,,,,,,,,,,,,week,Aggregation level (hour/day_of_week/month/week),0,,,,,,,,,,,,,,30,,,,#2ca02c,,,,--,,,,1.25,,,,TRUE,,,,,,,,,,,,,,,,,,,,,,,,,,,,,,,,,,,,,,,,,,,,,,,,LC ADF,300,Image resolution,0,,,,,,1,12/31/2025,1,ESI 1 volume multiplier,0,percent0,1,ESI 2 volume multiplier,0,percent0,1,ESI 3 volume multiplier,0,percent0,1,ESI 4 volume multiplier,0,percent0,1,ESI 5 volume multiplier,0,percent0,,,,,6,Figure height,0,,10,Figure width,0,,,,,,,,,,Segoe UI,Global font family,0,,,,,,0,Display start value for graph,0,hour12,TRUE,,,,,,,,,,,,10,Legend font size,0,,3,Legend height,0,,2,Legend columns,0,,4,Legend width,0,,,,,,#A7AAAD,Off-peak bars,0,,#6F994E,P70 line,0,,#F2B701,P80 line,0,,#F28E2B,P90 line,0,,#3E839E,Peak bars,0,,#0B4F79,Peak census line,0,,12,Length of peak period,0,integer,auto,Peak period parameter mode,0,,6,Start for peak period,0,integer,vis_10_title,,,,vis_10_title,,,,vis_10_legend,,,,vis_10_legend,,,,vis_10_parameters,,,,vis_10_param,,,,_room_need_,,,,vis_10_tbl01,,,,vis_10__,,,,vis_10_image,,,,,,,,,,,,,,,,,,,,group3,,,,3,,,,pptx_template.vis_10.test.pptx,,,,8,,,,,,,,,,,,,,,,,,,,,,,,,,,,,,,,,,,,,,,,#D40062,Room need line,0,,,,,,,,,,,,,,1/1/2021,12,Subtitle font size,0,,8,Axis tick label size,0,,#d9d9d9,Background color,0,,16,Title font size,0,,0.3,Title image height,0,,bold,Title font weight,0,,13.33,Title image width,0,,,,,,,,,,,,,,,,,,,,,,cohort,0.85,Capacity Utilization Factor,1,percent0,0,Growth adjustment factor,0,percent0,,,,,1,,,,,0,Axis decimal places,0,,raw,raw count percent formatting mode,0,,1,Axis multiplier,0,,,Axis suffix,0,,,,,,fiscal
N,vis_10,vis_10,adf,adf.det.f.55plus,detox.female.55plus,Detox Female 55+,(((housing_detox_status == 'DETOX')) & (sex == 'F')) & (age_bracket == 'adult 55+'),adf,det.f.55plus,,,,,,,,,,,,,,,,,,,,,,,,,,,,,,,,,,,,,,,,,,,,,,,,,,,,,,,,,,,,,,,,,,,,,,,,,,,,,week,Aggregation level (hour/day_of_week/month/week),0,,,,,,,,,,,,,,30,,,,#2ca02c,,,,--,,,,1.25,,,,TRUE,,,,,,,,,,,,,,,,,,,,,,,,,,,,,,,,,,,,,,,,,,,,,,,,LC ADF,300,Image resolution,0,,,,,,1,12/31/2025,1,ESI 1 volume multiplier,0,percent0,1,ESI 2 volume multiplier,0,percent0,1,ESI 3 volume multiplier,0,percent0,1,ESI 4 volume multiplier,0,percent0,1,ESI 5 volume multiplier,0,percent0,,,,,6,Figure height,0,,10,Figure width,0,,,,,,,,,,Segoe UI,Global font family,0,,,,,,0,Display start value for graph,0,hour12,TRUE,,,,,,,,,,,,10,Legend font size,0,,3,Legend height,0,,2,Legend columns,0,,4,Legend width,0,,,,,,#A7AAAD,Off-peak bars,0,,#6F994E,P70 line,0,,#F2B701,P80 line,0,,#F28E2B,P90 line,0,,#3E839E,Peak bars,0,,#0B4F79,Peak census line,0,,12,Length of peak period,0,integer,auto,Peak period parameter mode,0,,6,Start for peak period,0,integer,vis_10_title,,,,vis_10_title,,,,vis_10_legend,,,,vis_10_legend,,,,vis_10_parameters,,,,vis_10_param,,,,_room_need_,,,,vis_10_tbl01,,,,vis_10__,,,,vis_10_image,,,,,,,,,,,,,,,,,,,,group3,,,,3,,,,pptx_template.vis_10.test.pptx,,,,8,,,,,,,,,,,,,,,,,,,,,,,,,,,,,,,,,,,,,,,,#D40062,Room need line,0,,,,,,,,,,,,,,1/1/2021,12,Subtitle font size,0,,8,Axis tick label size,0,,#d9d9d9,Background color,0,,16,Title font size,0,,0.3,Title image height,0,,bold,Title font weight,0,,13.33,Title image width,0,,,,,,,,,,,,,,,,,,,,,,cohort,0.85,Capacity Utilization Factor,1,percent0,0,Growth adjustment factor,0,percent0,,,,,1,,,,,0,Axis decimal places,0,,raw,raw count percent formatting mode,0,,1,Axis multiplier,0,,,Axis suffix,0,,,,,,fiscal
N,vis_10,vis_10,adf,adf.det.f.ch_high,detox.female.chronic_high,Detox Female Highly Severe Chronic Health Condition,(((housing_detox_status == 'DETOX')) & (sex == 'F')) & (chronic_status == 'HIGH'),adf,det.f.ch_high,,,,,,,,,,,,,,,,,,,,,,,,,,,,,,,,,,,,,,,,,,,,,,,,,,,,,,,,,,,,,,,,,,,,,,,,,,,,,week,Aggregation level (hour/day_of_week/month/week),0,,,,,,,,,,,,,,30,,,,#2ca02c,,,,--,,,,1.25,,,,TRUE,,,,,,,,,,,,,,,,,,,,,,,,,,,,,,,,,,,,,,,,,,,,,,,,LC ADF,300,Image resolution,0,,,,,,1,12/31/2025,1,ESI 1 volume multiplier,0,percent0,1,ESI 2 volume multiplier,0,percent0,1,ESI 3 volume multiplier,0,percent0,1,ESI 4 volume multiplier,0,percent0,1,ESI 5 volume multiplier,0,percent0,,,,,6,Figure height,0,,10,Figure width,0,,,,,,,,,,Segoe UI,Global font family,0,,,,,,0,Display start value for graph,0,hour12,TRUE,,,,,,,,,,,,10,Legend font size,0,,3,Legend height,0,,2,Legend columns,0,,4,Legend width,0,,,,,,#A7AAAD,Off-peak bars,0,,#6F994E,P70 line,0,,#F2B701,P80 line,0,,#F28E2B,P90 line,0,,#3E839E,Peak bars,0,,#0B4F79,Peak census line,0,,12,Length of peak period,0,integer,auto,Peak period parameter mode,0,,6,Start for peak period,0,integer,vis_10_title,,,,vis_10_title,,,,vis_10_legend,,,,vis_10_legend,,,,vis_10_parameters,,,,vis_10_param,,,,_room_need_,,,,vis_10_tbl01,,,,vis_10__,,,,vis_10_image,,,,,,,,,,,,,,,,,,,,group3,,,,3,,,,pptx_template.vis_10.test.pptx,,,,8,,,,,,,,,,,,,,,,,,,,,,,,,,,,,,,,,,,,,,,,#D40062,Room need line,0,,,,,,,,,,,,,,1/1/2021,12,Subtitle font size,0,,8,Axis tick label size,0,,#d9d9d9,Background color,0,,16,Title font size,0,,0.3,Title image height,0,,bold,Title font weight,0,,13.33,Title image width,0,,,,,,,,,,,,,,,,,,,,,,cohort,0.85,Capacity Utilization Factor,1,percent0,0,Growth adjustment factor,0,percent0,,,,,1,,,,,0,Axis decimal places,0,,raw,raw count percent formatting mode,0,,1,Axis multiplier,0,,,Axis suffix,0,,,,,,fiscal
N,vis_10,vis_10,adf,adf.det.f.ch_low_mod_no,detox.female.chronic_low_moderate_no_chronic,Detox Female Low/Moderate/No Chronic Health Condition,"(((housing_detox_status == 'DETOX')) & (sex == 'F')) & (chronic_status .isin(['LOW','MODERATE','NO CHRONIC CONDITION']))",adf,det.f.ch_low_mod_no,,,,,,,,,,,,,,,,,,,,,,,,,,,,,,,,,,,,,,,,,,,,,,,,,,,,,,,,,,,,,,,,,,,,,,,,,,,,,week,Aggregation level (hour/day_of_week/month/week),0,,,,,,,,,,,,,,30,,,,#2ca02c,,,,--,,,,1.25,,,,TRUE,,,,,,,,,,,,,,,,,,,,,,,,,,,,,,,,,,,,,,,,,,,,,,,,LC ADF,300,Image resolution,0,,,,,,1,12/31/2025,1,ESI 1 volume multiplier,0,percent0,1,ESI 2 volume multiplier,0,percent0,1,ESI 3 volume multiplier,0,percent0,1,ESI 4 volume multiplier,0,percent0,1,ESI 5 volume multiplier,0,percent0,,,,,6,Figure height,0,,10,Figure width,0,,,,,,,,,,Segoe UI,Global font family,0,,,,,,0,Display start value for graph,0,hour12,TRUE,,,,,,,,,,,,10,Legend font size,0,,3,Legend height,0,,2,Legend columns,0,,4,Legend width,0,,,,,,#A7AAAD,Off-peak bars,0,,#6F994E,P70 line,0,,#F2B701,P80 line,0,,#F28E2B,P90 line,0,,#3E839E,Peak bars,0,,#0B4F79,Peak census line,0,,12,Length of peak period,0,integer,auto,Peak period parameter mode,0,,6,Start for peak period,0,integer,vis_10_title,,,,vis_10_title,,,,vis_10_legend,,,,vis_10_legend,,,,vis_10_parameters,,,,vis_10_param,,,,_room_need_,,,,vis_10_tbl01,,,,vis_10__,,,,vis_10_image,,,,,,,,,,,,,,,,,,,,group3,,,,3,,,,pptx_template.vis_10.test.pptx,,,,8,,,,,,,,,,,,,,,,,,,,,,,,,,,,,,,,,,,,,,,,#D40062,Room need line,0,,,,,,,,,,,,,,1/1/2021,12,Subtitle font size,0,,8,Axis tick label size,0,,#d9d9d9,Background color,0,,16,Title font size,0,,0.3,Title image height,0,,bold,Title font weight,0,,13.33,Title image width,0,,,,,,,,,,,,,,,,,,,,,,cohort,0.85,Capacity Utilization Factor,1,percent0,0,Growth adjustment factor,0,percent0,,,,,1,,,,,0,Axis decimal places,0,,raw,raw count percent formatting mode,0,,1,Axis multiplier,0,,,Axis suffix,0,,,,,,fiscal
N,vis_10,vis_10,adf,adf.det.f.u55,detox.female.u55,Detox Female Under 55,(((housing_detox_status == 'DETOX')) & (sex == 'F')) & (age_bracket == 'adult under 55'),adf,det.f.u55,,,,,,,,,,,,,,,,,,,,,,,,,,,,,,,,,,,,,,,,,,,,,,,,,,,,,,,,,,,,,,,,,,,,,,,,,,,,,week,Aggregation level (hour/day_of_week/month/week),0,,,,,,,,,,,,,,30,,,,#2ca02c,,,,--,,,,1.25,,,,TRUE,,,,,,,,,,,,,,,,,,,,,,,,,,,,,,,,,,,,,,,,,,,,,,,,LC ADF,300,Image resolution,0,,,,,,1,12/31/2025,1,ESI 1 volume multiplier,0,percent0,1,ESI 2 volume multiplier,0,percent0,1,ESI 3 volume multiplier,0,percent0,1,ESI 4 volume multiplier,0,percent0,1,ESI 5 volume multiplier,0,percent0,,,,,6,Figure height,0,,10,Figure width,0,,,,,,,,,,Segoe UI,Global font family,0,,,,,,0,Display start value for graph,0,hour12,TRUE,,,,,,,,,,,,10,Legend font size,0,,3,Legend height,0,,2,Legend columns,0,,4,Legend width,0,,,,,,#A7AAAD,Off-peak bars,0,,#6F994E,P70 line,0,,#F2B701,P80 line,0,,#F28E2B,P90 line,0,,#3E839E,Peak bars,0,,#0B4F79,Peak census line,0,,12,Length of peak period,0,integer,auto,Peak period parameter mode,0,,6,Start for peak period,0,integer,vis_10_title,,,,vis_10_title,,,,vis_10_legend,,,,vis_10_legend,,,,vis_10_parameters,,,,vis_10_param,,,,_room_need_,,,,vis_10_tbl01,,,,vis_10__,,,,vis_10_image,,,,,,,,,,,,,,,,,,,,group3,,,,3,,,,pptx_template.vis_10.test.pptx,,,,8,,,,,,,,,,,,,,,,,,,,,,,,,,,,,,,,,,,,,,,,#D40062,Room need line,0,,,,,,,,,,,,,,1/1/2021,12,Subtitle font size,0,,8,Axis tick label size,0,,#d9d9d9,Background color,0,,16,Title font size,0,,0.3,Title image height,0,,bold,Title font weight,0,,13.33,Title image width,0,,,,,,,,,,,,,,,,,,,,,,cohort,0.85,Capacity Utilization Factor,1,percent0,0,Growth adjustment factor,0,percent0,,,,,1,,,,,0,Axis decimal places,0,,raw,raw count percent formatting mode,0,,1,Axis multiplier,0,,,Axis suffix,0,,,,,,fiscal
N,vis_10,vis_10,adf,adf.det.m,detox.male,Detox Male,((housing_detox_status == 'DETOX')) & (sex == 'M'),adf,det.m,,,,,,,,,,,,,,,,,,,,,,,,,,,,,,,,,,,,,,,,,,,,,,,,,,,,,,,,,,,,,,,,,,,,,,,,,,,,,week,Aggregation level (hour/day_of_week/month/week),0,,,,,,,,,,,,,,30,,,,#2ca02c,,,,--,,,,1.25,,,,TRUE,,,,,,,,,,,,,,,,,,,,,,,,,,,,,,,,,,,,,,,,,,,,,,,,LC ADF,300,Image resolution,0,,,,,,1,12/31/2025,1,ESI 1 volume multiplier,0,percent0,1,ESI 2 volume multiplier,0,percent0,1,ESI 3 volume multiplier,0,percent0,1,ESI 4 volume multiplier,0,percent0,1,ESI 5 volume multiplier,0,percent0,,,,,6,Figure height,0,,10,Figure width,0,,,,,,,,,,Segoe UI,Global font family,0,,,,,,0,Display start value for graph,0,hour12,TRUE,,,,,,,,,,,,10,Legend font size,0,,3,Legend height,0,,2,Legend columns,0,,4,Legend width,0,,,,,,#A7AAAD,Off-peak bars,0,,#6F994E,P70 line,0,,#F2B701,P80 line,0,,#F28E2B,P90 line,0,,#3E839E,Peak bars,0,,#0B4F79,Peak census line,0,,12,Length of peak period,0,integer,auto,Peak period parameter mode,0,,6,Start for peak period,0,integer,vis_10_title,,,,vis_10_title,,,,vis_10_legend,,,,vis_10_legend,,,,vis_10_parameters,,,,vis_10_param,,,,_room_need_,,,,vis_10_tbl01,,,,vis_10__,,,,vis_10_image,,,,,,,,,,,,,,,,,,,,group3,,,,3,,,,pptx_template.vis_10.test.pptx,,,,8,,,,,,,,,,,,,,,,,,,,,,,,,,,,,,,,,,,,,,,,#D40062,Room need line,0,,,,,,,,,,,,,,1/1/2021,12,Subtitle font size,0,,8,Axis tick label size,0,,#d9d9d9,Background color,0,,16,Title font size,0,,0.3,Title image height,0,,bold,Title font weight,0,,13.33,Title image width,0,,,,,,,,,,,,,,,,,,,,,,cohort,0.85,Capacity Utilization Factor,1,percent0,0,Growth adjustment factor,0,percent0,,,,,1,,,,,0,Axis decimal places,0,,raw,raw count percent formatting mode,0,,1,Axis multiplier,0,,,Axis suffix,0,,,,,,fiscal
N,vis_10,vis_10,adf,adf.det.m.55plus,detox.male.55plus,Detox Male 55+,(((housing_detox_status == 'DETOX')) & (sex == 'M')) & (age_bracket == 'adult 55+'),adf,det.m.55plus,,,,,,,,,,,,,,,,,,,,,,,,,,,,,,,,,,,,,,,,,,,,,,,,,,,,,,,,,,,,,,,,,,,,,,,,,,,,,week,Aggregation level (hour/day_of_week/month/week),0,,,,,,,,,,,,,,30,,,,#2ca02c,,,,--,,,,1.25,,,,TRUE,,,,,,,,,,,,,,,,,,,,,,,,,,,,,,,,,,,,,,,,,,,,,,,,LC ADF,300,Image resolution,0,,,,,,1,12/31/2025,1,ESI 1 volume multiplier,0,percent0,1,ESI 2 volume multiplier,0,percent0,1,ESI 3 volume multiplier,0,percent0,1,ESI 4 volume multiplier,0,percent0,1,ESI 5 volume multiplier,0,percent0,,,,,6,Figure height,0,,10,Figure width,0,,,,,,,,,,Segoe UI,Global font family,0,,,,,,0,Display start value for graph,0,hour12,TRUE,,,,,,,,,,,,10,Legend font size,0,,3,Legend height,0,,2,Legend columns,0,,4,Legend width,0,,,,,,#A7AAAD,Off-peak bars,0,,#6F994E,P70 line,0,,#F2B701,P80 line,0,,#F28E2B,P90 line,0,,#3E839E,Peak bars,0,,#0B4F79,Peak census line,0,,12,Length of peak period,0,integer,auto,Peak period parameter mode,0,,6,Start for peak period,0,integer,vis_10_title,,,,vis_10_title,,,,vis_10_legend,,,,vis_10_legend,,,,vis_10_parameters,,,,vis_10_param,,,,_room_need_,,,,vis_10_tbl01,,,,vis_10__,,,,vis_10_image,,,,,,,,,,,,,,,,,,,,group3,,,,3,,,,pptx_template.vis_10.test.pptx,,,,8,,,,,,,,,,,,,,,,,,,,,,,,,,,,,,,,,,,,,,,,#D40062,Room need line,0,,,,,,,,,,,,,,1/1/2021,12,Subtitle font size,0,,8,Axis tick label size,0,,#d9d9d9,Background color,0,,16,Title font size,0,,0.3,Title image height,0,,bold,Title font weight,0,,13.33,Title image width,0,,,,,,,,,,,,,,,,,,,,,,cohort,0.85,Capacity Utilization Factor,1,percent0,0,Growth adjustment factor,0,percent0,,,,,1,,,,,0,Axis decimal places,0,,raw,raw count percent formatting mode,0,,1,Axis multiplier,0,,,Axis suffix,0,,,,,,fiscal
N,vis_10,vis_10,adf,adf.det.m.ch_high,detox.male.chronic_high,Detox Male Highly Severe Chronic Health Condition,(((housing_detox_status == 'DETOX')) & (sex == 'M')) & (chronic_status == 'HIGH'),adf,det.m.ch_high,,,,,,,,,,,,,,,,,,,,,,,,,,,,,,,,,,,,,,,,,,,,,,,,,,,,,,,,,,,,,,,,,,,,,,,,,,,,,week,Aggregation level (hour/day_of_week/month/week),0,,,,,,,,,,,,,,30,,,,#2ca02c,,,,--,,,,1.25,,,,TRUE,,,,,,,,,,,,,,,,,,,,,,,,,,,,,,,,,,,,,,,,,,,,,,,,LC ADF,300,Image resolution,0,,,,,,1,12/31/2025,1,ESI 1 volume multiplier,0,percent0,1,ESI 2 volume multiplier,0,percent0,1,ESI 3 volume multiplier,0,percent0,1,ESI 4 volume multiplier,0,percent0,1,ESI 5 volume multiplier,0,percent0,,,,,6,Figure height,0,,10,Figure width,0,,,,,,,,,,Segoe UI,Global font family,0,,,,,,0,Display start value for graph,0,hour12,TRUE,,,,,,,,,,,,10,Legend font size,0,,3,Legend height,0,,2,Legend columns,0,,4,Legend width,0,,,,,,#A7AAAD,Off-peak bars,0,,#6F994E,P70 line,0,,#F2B701,P80 line,0,,#F28E2B,P90 line,0,,#3E839E,Peak bars,0,,#0B4F79,Peak census line,0,,12,Length of peak period,0,integer,auto,Peak period parameter mode,0,,6,Start for peak period,0,integer,vis_10_title,,,,vis_10_title,,,,vis_10_legend,,,,vis_10_legend,,,,vis_10_parameters,,,,vis_10_param,,,,_room_need_,,,,vis_10_tbl01,,,,vis_10__,,,,vis_10_image,,,,,,,,,,,,,,,,,,,,group3,,,,3,,,,pptx_template.vis_10.test.pptx,,,,8,,,,,,,,,,,,,,,,,,,,,,,,,,,,,,,,,,,,,,,,#D40062,Room need line,0,,,,,,,,,,,,,,1/1/2021,12,Subtitle font size,0,,8,Axis tick label size,0,,#d9d9d9,Background color,0,,16,Title font size,0,,0.3,Title image height,0,,bold,Title font weight,0,,13.33,Title image width,0,,,,,,,,,,,,,,,,,,,,,,cohort,0.85,Capacity Utilization Factor,1,percent0,0,Growth adjustment factor,0,percent0,,,,,1,,,,,0,Axis decimal places,0,,raw,raw count percent formatting mode,0,,1,Axis multiplier,0,,,Axis suffix,0,,,,,,fiscal
N,vis_10,vis_10,adf,adf.det.m.ch_low_mod_no,detox.male.chronic_low_moderate_no_chronic,Detox Male Low/Moderate/No Chronic Health Condition,"(((housing_detox_status == 'DETOX')) & (sex == 'M')) & (chronic_status .isin(['LOW','MODERATE','NO CHRONIC CONDITION']))",adf,det.m.ch_low_mod_no,,,,,,,,,,,,,,,,,,,,,,,,,,,,,,,,,,,,,,,,,,,,,,,,,,,,,,,,,,,,,,,,,,,,,,,,,,,,,week,Aggregation level (hour/day_of_week/month/week),0,,,,,,,,,,,,,,30,,,,#2ca02c,,,,--,,,,1.25,,,,TRUE,,,,,,,,,,,,,,,,,,,,,,,,,,,,,,,,,,,,,,,,,,,,,,,,LC ADF,300,Image resolution,0,,,,,,1,12/31/2025,1,ESI 1 volume multiplier,0,percent0,1,ESI 2 volume multiplier,0,percent0,1,ESI 3 volume multiplier,0,percent0,1,ESI 4 volume multiplier,0,percent0,1,ESI 5 volume multiplier,0,percent0,,,,,6,Figure height,0,,10,Figure width,0,,,,,,,,,,Segoe UI,Global font family,0,,,,,,0,Display start value for graph,0,hour12,TRUE,,,,,,,,,,,,10,Legend font size,0,,3,Legend height,0,,2,Legend columns,0,,4,Legend width,0,,,,,,#A7AAAD,Off-peak bars,0,,#6F994E,P70 line,0,,#F2B701,P80 line,0,,#F28E2B,P90 line,0,,#3E839E,Peak bars,0,,#0B4F79,Peak census line,0,,12,Length of peak period,0,integer,auto,Peak period parameter mode,0,,6,Start for peak period,0,integer,vis_10_title,,,,vis_10_title,,,,vis_10_legend,,,,vis_10_legend,,,,vis_10_parameters,,,,vis_10_param,,,,_room_need_,,,,vis_10_tbl01,,,,vis_10__,,,,vis_10_image,,,,,,,,,,,,,,,,,,,,group3,,,,3,,,,pptx_template.vis_10.test.pptx,,,,8,,,,,,,,,,,,,,,,,,,,,,,,,,,,,,,,,,,,,,,,#D40062,Room need line,0,,,,,,,,,,,,,,1/1/2021,12,Subtitle font size,0,,8,Axis tick label size,0,,#d9d9d9,Background color,0,,16,Title font size,0,,0.3,Title image height,0,,bold,Title font weight,0,,13.33,Title image width,0,,,,,,,,,,,,,,,,,,,,,,cohort,0.85,Capacity Utilization Factor,1,percent0,0,Growth adjustment factor,0,percent0,,,,,1,,,,,0,Axis decimal places,0,,raw,raw count percent formatting mode,0,,1,Axis multiplier,0,,,Axis suffix,0,,,,,,fiscal
N,vis_10,vis_10,adf,adf.det.m.u55,detox.male.u55,Detox Male Under 55,(((housing_detox_status == 'DETOX')) & (sex == 'M')) & (age_bracket == 'adult under 55'),adf,det.m.u55,,,,,,,,,,,,,,,,,,,,,,,,,,,,,,,,,,,,,,,,,,,,,,,,,,,,,,,,,,,,,,,,,,,,,,,,,,,,,week,Aggregation level (hour/day_of_week/month/week),0,,,,,,,,,,,,,,30,,,,#2ca02c,,,,--,,,,1.25,,,,TRUE,,,,,,,,,,,,,,,,,,,,,,,,,,,,,,,,,,,,,,,,,,,,,,,,LC ADF,300,Image resolution,0,,,,,,1,12/31/2025,1,ESI 1 volume multiplier,0,percent0,1,ESI 2 volume multiplier,0,percent0,1,ESI 3 volume multiplier,0,percent0,1,ESI 4 volume multiplier,0,percent0,1,ESI 5 volume multiplier,0,percent0,,,,,6,Figure height,0,,10,Figure width,0,,,,,,,,,,Segoe UI,Global font family,0,,,,,,0,Display start value for graph,0,hour12,TRUE,,,,,,,,,,,,10,Legend font size,0,,3,Legend height,0,,2,Legend columns,0,,4,Legend width,0,,,,,,#A7AAAD,Off-peak bars,0,,#6F994E,P70 line,0,,#F2B701,P80 line,0,,#F28E2B,P90 line,0,,#3E839E,Peak bars,0,,#0B4F79,Peak census line,0,,12,Length of peak period,0,integer,auto,Peak period parameter mode,0,,6,Start for peak period,0,integer,vis_10_title,,,,vis_10_title,,,,vis_10_legend,,,,vis_10_legend,,,,vis_10_parameters,,,,vis_10_param,,,,_room_need_,,,,vis_10_tbl01,,,,vis_10__,,,,vis_10_image,,,,,,,,,,,,,,,,,,,,group3,,,,3,,,,pptx_template.vis_10.test.pptx,,,,8,,,,,,,,,,,,,,,,,,,,,,,,,,,,,,,,,,,,,,,,#D40062,Room need line,0,,,,,,,,,,,,,,1/1/2021,12,Subtitle font size,0,,8,Axis tick label size,0,,#d9d9d9,Background color,0,,16,Title font size,0,,0.3,Title image height,0,,bold,Title font weight,0,,13.33,Title image width,0,,,,,,,,,,,,,,,,,,,,,,cohort,0.85,Capacity Utilization Factor,1,percent0,0,Growth adjustment factor,0,percent0,,,,,1,,,,,0,Axis decimal places,0,,raw,raw count percent formatting mode,0,,1,Axis multiplier,0,,,Axis suffix,0,,,,,,fiscal
N,vis_10,vis_10,adf,adf.det.u55,detox.u55,Detox Under 55,((housing_detox_status == 'DETOX')) & (age_bracket == 'adult under 55'),adf,det.u55,,,,,,,,,,,,,,,,,,,,,,,,,,,,,,,,,,,,,,,,,,,,,,,,,,,,,,,,,,,,,,,,,,,,,,,,,,,,,week,Aggregation level (hour/day_of_week/month/week),0,,,,,,,,,,,,,,30,,,,#2ca02c,,,,--,,,,1.25,,,,TRUE,,,,,,,,,,,,,,,,,,,,,,,,,,,,,,,,,,,,,,,,,,,,,,,,LC ADF,300,Image resolution,0,,,,,,1,12/31/2025,1,ESI 1 volume multiplier,0,percent0,1,ESI 2 volume multiplier,0,percent0,1,ESI 3 volume multiplier,0,percent0,1,ESI 4 volume multiplier,0,percent0,1,ESI 5 volume multiplier,0,percent0,,,,,6,Figure height,0,,10,Figure width,0,,,,,,,,,,Segoe UI,Global font family,0,,,,,,0,Display start value for graph,0,hour12,TRUE,,,,,,,,,,,,10,Legend font size,0,,3,Legend height,0,,2,Legend columns,0,,4,Legend width,0,,,,,,#A7AAAD,Off-peak bars,0,,#6F994E,P70 line,0,,#F2B701,P80 line,0,,#F28E2B,P90 line,0,,#3E839E,Peak bars,0,,#0B4F79,Peak census line,0,,12,Length of peak period,0,integer,auto,Peak period parameter mode,0,,6,Start for peak period,0,integer,vis_10_title,,,,vis_10_title,,,,vis_10_legend,,,,vis_10_legend,,,,vis_10_parameters,,,,vis_10_param,,,,_room_need_,,,,vis_10_tbl01,,,,vis_10__,,,,vis_10_image,,,,,,,,,,,,,,,,,,,,group3,,,,3,,,,pptx_template.vis_10.test.pptx,,,,8,,,,,,,,,,,,,,,,,,,,,,,,,,,,,,,,,,,,,,,,#D40062,Room need line,0,,,,,,,,,,,,,,1/1/2021,12,Subtitle font size,0,,8,Axis tick label size,0,,#d9d9d9,Background color,0,,16,Title font size,0,,0.3,Title image height,0,,bold,Title font weight,0,,13.33,Title image width,0,,,,,,,,,,,,,,,,,,,,,,cohort,0.85,Capacity Utilization Factor,1,percent0,0,Growth adjustment factor,0,percent0,,,,,1,,,,,0,Axis decimal places,0,,raw,raw count percent formatting mode,0,,1,Axis multiplier,0,,,Axis suffix,0,,,,,,fiscal
N,vis_10,vis_10,adf,adf.disc,disciplinary,Disciplinary,"(housing == 'S2') & ~(custody_class.str.contains('AS', na=False) | custody_class.isin(['AS/KS','S3 AS/KS','S3- AS/KS']))",adf,disc,,,,,,,,,,,,,,,,,,,,,,,,,,,,,,,,,,,,,,,,,,,,,,,,,,,,,,,,,,,,,,,,,,,,,,,,,,,,,week,Aggregation level (hour/day_of_week/month/week),0,,,,,,,,,,,,,,30,,,,#2ca02c,,,,--,,,,1.25,,,,TRUE,,,,,,,,,,,,,,,,,,,,,,,,,,,,,,,,,,,,,,,,,,,,,,,,LC ADF,300,Image resolution,0,,,,,,1,12/31/2025,1,ESI 1 volume multiplier,0,percent0,1,ESI 2 volume multiplier,0,percent0,1,ESI 3 volume multiplier,0,percent0,1,ESI 4 volume multiplier,0,percent0,1,ESI 5 volume multiplier,0,percent0,,,,,6,Figure height,0,,10,Figure width,0,,,,,,,,,,Segoe UI,Global font family,0,,,,,,0,Display start value for graph,0,hour12,TRUE,,,,,,,,,,,,10,Legend font size,0,,3,Legend height,0,,2,Legend columns,0,,4,Legend width,0,,,,,,#A7AAAD,Off-peak bars,0,,#6F994E,P70 line,0,,#F2B701,P80 line,0,,#F28E2B,P90 line,0,,#3E839E,Peak bars,0,,#0B4F79,Peak census line,0,,12,Length of peak period,0,integer,auto,Peak period parameter mode,0,,6,Start for peak period,0,integer,vis_10_title,,,,vis_10_title,,,,vis_10_legend,,,,vis_10_legend,,,,vis_10_parameters,,,,vis_10_param,,,,_room_need_,,,,vis_10_tbl01,,,,vis_10__,,,,vis_10_image,,,,,,,,,,,,,,,,,,,,group3,,,,3,,,,pptx_template.vis_10.test.pptx,,,,8,,,,,,,,,,,,,,,,,,,,,,,,,,,,,,,,,,,,,,,,#D40062,Room need line,0,,,,,,,,,,,,,,1/1/2021,12,Subtitle font size,0,,8,Axis tick label size,0,,#d9d9d9,Background color,0,,16,Title font size,0,,0.3,Title image height,0,,bold,Title font weight,0,,13.33,Title image width,0,,,,,,,,,,,,,,,,,,,,,,cohort,0.85,Capacity Utilization Factor,1,percent0,0,Growth adjustment factor,0,percent0,,,,,1,,,,,0,Axis decimal places,0,,raw,raw count percent formatting mode,0,,1,Axis multiplier,0,,,Axis suffix,0,,,,,,fiscal
N,vis_10,vis_10,adf,adf.disc.55plus,disciplinary.55plus,Disciplinary 55+,"((housing == 'S2') & ~(custody_class.str.contains('AS', na=False) | custody_class.isin(['AS/KS','S3 AS/KS','S3- AS/KS']))) & (age_bracket == 'adult 55+')",adf,disc.55plus,,,,,,,,,,,,,,,,,,,,,,,,,,,,,,,,,,,,,,,,,,,,,,,,,,,,,,,,,,,,,,,,,,,,,,,,,,,,,week,Aggregation level (hour/day_of_week/month/week),0,,,,,,,,,,,,,,30,,,,#2ca02c,,,,--,,,,1.25,,,,TRUE,,,,,,,,,,,,,,,,,,,,,,,,,,,,,,,,,,,,,,,,,,,,,,,,LC ADF,300,Image resolution,0,,,,,,1,12/31/2025,1,ESI 1 volume multiplier,0,percent0,1,ESI 2 volume multiplier,0,percent0,1,ESI 3 volume multiplier,0,percent0,1,ESI 4 volume multiplier,0,percent0,1,ESI 5 volume multiplier,0,percent0,,,,,6,Figure height,0,,10,Figure width,0,,,,,,,,,,Segoe UI,Global font family,0,,,,,,0,Display start value for graph,0,hour12,TRUE,,,,,,,,,,,,10,Legend font size,0,,3,Legend height,0,,2,Legend columns,0,,4,Legend width,0,,,,,,#A7AAAD,Off-peak bars,0,,#6F994E,P70 line,0,,#F2B701,P80 line,0,,#F28E2B,P90 line,0,,#3E839E,Peak bars,0,,#0B4F79,Peak census line,0,,12,Length of peak period,0,integer,auto,Peak period parameter mode,0,,6,Start for peak period,0,integer,vis_10_title,,,,vis_10_title,,,,vis_10_legend,,,,vis_10_legend,,,,vis_10_parameters,,,,vis_10_param,,,,_room_need_,,,,vis_10_tbl01,,,,vis_10__,,,,vis_10_image,,,,,,,,,,,,,,,,,,,,group3,,,,3,,,,pptx_template.vis_10.test.pptx,,,,8,,,,,,,,,,,,,,,,,,,,,,,,,,,,,,,,,,,,,,,,#D40062,Room need line,0,,,,,,,,,,,,,,1/1/2021,12,Subtitle font size,0,,8,Axis tick label size,0,,#d9d9d9,Background color,0,,16,Title font size,0,,0.3,Title image height,0,,bold,Title font weight,0,,13.33,Title image width,0,,,,,,,,,,,,,,,,,,,,,,cohort,0.85,Capacity Utilization Factor,1,percent0,0,Growth adjustment factor,0,percent0,,,,,1,,,,,0,Axis decimal places,0,,raw,raw count percent formatting mode,0,,1,Axis multiplier,0,,,Axis suffix,0,,,,,,fiscal
N,vis_10,vis_10,adf,adf.disc.ch_high,disciplinary.chronic_high,Disciplinary Highly Severe Chronic Health Condition,"((housing == 'S2') & ~(custody_class.str.contains('AS', na=False) | custody_class.isin(['AS/KS','S3 AS/KS','S3- AS/KS']))) & (chronic_status == 'HIGH')",adf,disc.ch_high,,,,,,,,,,,,,,,,,,,,,,,,,,,,,,,,,,,,,,,,,,,,,,,,,,,,,,,,,,,,,,,,,,,,,,,,,,,,,week,Aggregation level (hour/day_of_week/month/week),0,,,,,,,,,,,,,,30,,,,#2ca02c,,,,--,,,,1.25,,,,TRUE,,,,,,,,,,,,,,,,,,,,,,,,,,,,,,,,,,,,,,,,,,,,,,,,LC ADF,300,Image resolution,0,,,,,,1,12/31/2025,1,ESI 1 volume multiplier,0,percent0,1,ESI 2 volume multiplier,0,percent0,1,ESI 3 volume multiplier,0,percent0,1,ESI 4 volume multiplier,0,percent0,1,ESI 5 volume multiplier,0,percent0,,,,,6,Figure height,0,,10,Figure width,0,,,,,,,,,,Segoe UI,Global font family,0,,,,,,0,Display start value for graph,0,hour12,TRUE,,,,,,,,,,,,10,Legend font size,0,,3,Legend height,0,,2,Legend columns,0,,4,Legend width,0,,,,,,#A7AAAD,Off-peak bars,0,,#6F994E,P70 line,0,,#F2B701,P80 line,0,,#F28E2B,P90 line,0,,#3E839E,Peak bars,0,,#0B4F79,Peak census line,0,,12,Length of peak period,0,integer,auto,Peak period parameter mode,0,,6,Start for peak period,0,integer,vis_10_title,,,,vis_10_title,,,,vis_10_legend,,,,vis_10_legend,,,,vis_10_parameters,,,,vis_10_param,,,,_room_need_,,,,vis_10_tbl01,,,,vis_10__,,,,vis_10_image,,,,,,,,,,,,,,,,,,,,group3,,,,3,,,,pptx_template.vis_10.test.pptx,,,,8,,,,,,,,,,,,,,,,,,,,,,,,,,,,,,,,,,,,,,,,#D40062,Room need line,0,,,,,,,,,,,,,,1/1/2021,12,Subtitle font size,0,,8,Axis tick label size,0,,#d9d9d9,Background color,0,,16,Title font size,0,,0.3,Title image height,0,,bold,Title font weight,0,,13.33,Title image width,0,,,,,,,,,,,,,,,,,,,,,,cohort,0.85,Capacity Utilization Factor,1,percent0,0,Growth adjustment factor,0,percent0,,,,,1,,,,,0,Axis decimal places,0,,raw,raw count percent formatting mode,0,,1,Axis multiplier,0,,,Axis suffix,0,,,,,,fiscal
N,vis_10,vis_10,adf,adf.disc.ch_low_mod_no,disciplinary.chronic_low_moderate_no_chronic,Disciplinary Low/Moderate/No Chronic Health Condition,"((housing == 'S2') & ~(custody_class.str.contains('AS', na=False) | custody_class.isin(['AS/KS','S3 AS/KS','S3- AS/KS']))) & (chronic_status .isin(['LOW','MODERATE','NO CHRONIC CONDITION']))",adf,disc.ch_low_mod_no,,,,,,,,,,,,,,,,,,,,,,,,,,,,,,,,,,,,,,,,,,,,,,,,,,,,,,,,,,,,,,,,,,,,,,,,,,,,,week,Aggregation level (hour/day_of_week/month/week),0,,,,,,,,,,,,,,30,,,,#2ca02c,,,,--,,,,1.25,,,,TRUE,,,,,,,,,,,,,,,,,,,,,,,,,,,,,,,,,,,,,,,,,,,,,,,,LC ADF,300,Image resolution,0,,,,,,1,12/31/2025,1,ESI 1 volume multiplier,0,percent0,1,ESI 2 volume multiplier,0,percent0,1,ESI 3 volume multiplier,0,percent0,1,ESI 4 volume multiplier,0,percent0,1,ESI 5 volume multiplier,0,percent0,,,,,6,Figure height,0,,10,Figure width,0,,,,,,,,,,Segoe UI,Global font family,0,,,,,,0,Display start value for graph,0,hour12,TRUE,,,,,,,,,,,,10,Legend font size,0,,3,Legend height,0,,2,Legend columns,0,,4,Legend width,0,,,,,,#A7AAAD,Off-peak bars,0,,#6F994E,P70 line,0,,#F2B701,P80 line,0,,#F28E2B,P90 line,0,,#3E839E,Peak bars,0,,#0B4F79,Peak census line,0,,12,Length of peak period,0,integer,auto,Peak period parameter mode,0,,6,Start for peak period,0,integer,vis_10_title,,,,vis_10_title,,,,vis_10_legend,,,,vis_10_legend,,,,vis_10_parameters,,,,vis_10_param,,,,_room_need_,,,,vis_10_tbl01,,,,vis_10__,,,,vis_10_image,,,,,,,,,,,,,,,,,,,,group3,,,,3,,,,pptx_template.vis_10.test.pptx,,,,8,,,,,,,,,,,,,,,,,,,,,,,,,,,,,,,,,,,,,,,,#D40062,Room need line,0,,,,,,,,,,,,,,1/1/2021,12,Subtitle font size,0,,8,Axis tick label size,0,,#d9d9d9,Background color,0,,16,Title font size,0,,0.3,Title image height,0,,bold,Title font weight,0,,13.33,Title image width,0,,,,,,,,,,,,,,,,,,,,,,cohort,0.85,Capacity Utilization Factor,1,percent0,0,Growth adjustment factor,0,percent0,,,,,1,,,,,0,Axis decimal places,0,,raw,raw count percent formatting mode,0,,1,Axis multiplier,0,,,Axis suffix,0,,,,,,fiscal
N,vis_10,vis_10,adf,adf.disc.f,disciplinary.female,Disciplinary Female,"((housing == 'S2') & ~(custody_class.str.contains('AS', na=False) | custody_class.isin(['AS/KS','S3 AS/KS','S3- AS/KS']))) & (sex == 'F')",adf,disc.f,,,,,,,,,,,,,,,,,,,,,,,,,,,,,,,,,,,,,,,,,,,,,,,,,,,,,,,,,,,,,,,,,,,,,,,,,,,,,week,Aggregation level (hour/day_of_week/month/week),0,,,,,,,,,,,,,,30,,,,#2ca02c,,,,--,,,,1.25,,,,TRUE,,,,,,,,,,,,,,,,,,,,,,,,,,,,,,,,,,,,,,,,,,,,,,,,LC ADF,300,Image resolution,0,,,,,,1,12/31/2025,1,ESI 1 volume multiplier,0,percent0,1,ESI 2 volume multiplier,0,percent0,1,ESI 3 volume multiplier,0,percent0,1,ESI 4 volume multiplier,0,percent0,1,ESI 5 volume multiplier,0,percent0,,,,,6,Figure height,0,,10,Figure width,0,,,,,,,,,,Segoe UI,Global font family,0,,,,,,0,Display start value for graph,0,hour12,TRUE,,,,,,,,,,,,10,Legend font size,0,,3,Legend height,0,,2,Legend columns,0,,4,Legend width,0,,,,,,#A7AAAD,Off-peak bars,0,,#6F994E,P70 line,0,,#F2B701,P80 line,0,,#F28E2B,P90 line,0,,#3E839E,Peak bars,0,,#0B4F79,Peak census line,0,,12,Length of peak period,0,integer,auto,Peak period parameter mode,0,,6,Start for peak period,0,integer,vis_10_title,,,,vis_10_title,,,,vis_10_legend,,,,vis_10_legend,,,,vis_10_parameters,,,,vis_10_param,,,,_room_need_,,,,vis_10_tbl01,,,,vis_10__,,,,vis_10_image,,,,,,,,,,,,,,,,,,,,group3,,,,3,,,,pptx_template.vis_10.test.pptx,,,,8,,,,,,,,,,,,,,,,,,,,,,,,,,,,,,,,,,,,,,,,#D40062,Room need line,0,,,,,,,,,,,,,,1/1/2021,12,Subtitle font size,0,,8,Axis tick label size,0,,#d9d9d9,Background color,0,,16,Title font size,0,,0.3,Title image height,0,,bold,Title font weight,0,,13.33,Title image width,0,,,,,,,,,,,,,,,,,,,,,,cohort,0.85,Capacity Utilization Factor,1,percent0,0,Growth adjustment factor,0,percent0,,,,,1,,,,,0,Axis decimal places,0,,raw,raw count percent formatting mode,0,,1,Axis multiplier,0,,,Axis suffix,0,,,,,,fiscal
N,vis_10,vis_10,adf,adf.disc.f.55plus,disciplinary.female.55plus,Disciplinary Female 55+,"(((housing == 'S2') & ~(custody_class.str.contains('AS', na=False) | custody_class.isin(['AS/KS','S3 AS/KS','S3- AS/KS']))) & (sex == 'F')) & (age_bracket == 'adult 55+')",adf,disc.f.55plus,,,,,,,,,,,,,,,,,,,,,,,,,,,,,,,,,,,,,,,,,,,,,,,,,,,,,,,,,,,,,,,,,,,,,,,,,,,,,week,Aggregation level (hour/day_of_week/month/week),0,,,,,,,,,,,,,,30,,,,#2ca02c,,,,--,,,,1.25,,,,TRUE,,,,,,,,,,,,,,,,,,,,,,,,,,,,,,,,,,,,,,,,,,,,,,,,LC ADF,300,Image resolution,0,,,,,,1,12/31/2025,1,ESI 1 volume multiplier,0,percent0,1,ESI 2 volume multiplier,0,percent0,1,ESI 3 volume multiplier,0,percent0,1,ESI 4 volume multiplier,0,percent0,1,ESI 5 volume multiplier,0,percent0,,,,,6,Figure height,0,,10,Figure width,0,,,,,,,,,,Segoe UI,Global font family,0,,,,,,0,Display start value for graph,0,hour12,TRUE,,,,,,,,,,,,10,Legend font size,0,,3,Legend height,0,,2,Legend columns,0,,4,Legend width,0,,,,,,#A7AAAD,Off-peak bars,0,,#6F994E,P70 line,0,,#F2B701,P80 line,0,,#F28E2B,P90 line,0,,#3E839E,Peak bars,0,,#0B4F79,Peak census line,0,,12,Length of peak period,0,integer,auto,Peak period parameter mode,0,,6,Start for peak period,0,integer,vis_10_title,,,,vis_10_title,,,,vis_10_legend,,,,vis_10_legend,,,,vis_10_parameters,,,,vis_10_param,,,,_room_need_,,,,vis_10_tbl01,,,,vis_10__,,,,vis_10_image,,,,,,,,,,,,,,,,,,,,group3,,,,3,,,,pptx_template.vis_10.test.pptx,,,,8,,,,,,,,,,,,,,,,,,,,,,,,,,,,,,,,,,,,,,,,#D40062,Room need line,0,,,,,,,,,,,,,,1/1/2021,12,Subtitle font size,0,,8,Axis tick label size,0,,#d9d9d9,Background color,0,,16,Title font size,0,,0.3,Title image height,0,,bold,Title font weight,0,,13.33,Title image width,0,,,,,,,,,,,,,,,,,,,,,,cohort,0.85,Capacity Utilization Factor,1,percent0,0,Growth adjustment factor,0,percent0,,,,,1,,,,,0,Axis decimal places,0,,raw,raw count percent formatting mode,0,,1,Axis multiplier,0,,,Axis suffix,0,,,,,,fiscal
N,vis_10,vis_10,adf,adf.disc.f.ch_high,disciplinary.female.chronic_high,Disciplinary Female Highly Severe Chronic Health Condition,"(((housing == 'S2') & ~(custody_class.str.contains('AS', na=False) | custody_class.isin(['AS/KS','S3 AS/KS','S3- AS/KS']))) & (sex == 'F')) & (chronic_status == 'HIGH')",adf,disc.f.ch_high,,,,,,,,,,,,,,,,,,,,,,,,,,,,,,,,,,,,,,,,,,,,,,,,,,,,,,,,,,,,,,,,,,,,,,,,,,,,,week,Aggregation level (hour/day_of_week/month/week),0,,,,,,,,,,,,,,30,,,,#2ca02c,,,,--,,,,1.25,,,,TRUE,,,,,,,,,,,,,,,,,,,,,,,,,,,,,,,,,,,,,,,,,,,,,,,,LC ADF,300,Image resolution,0,,,,,,1,12/31/2025,1,ESI 1 volume multiplier,0,percent0,1,ESI 2 volume multiplier,0,percent0,1,ESI 3 volume multiplier,0,percent0,1,ESI 4 volume multiplier,0,percent0,1,ESI 5 volume multiplier,0,percent0,,,,,6,Figure height,0,,10,Figure width,0,,,,,,,,,,Segoe UI,Global font family,0,,,,,,0,Display start value for graph,0,hour12,TRUE,,,,,,,,,,,,10,Legend font size,0,,3,Legend height,0,,2,Legend columns,0,,4,Legend width,0,,,,,,#A7AAAD,Off-peak bars,0,,#6F994E,P70 line,0,,#F2B701,P80 line,0,,#F28E2B,P90 line,0,,#3E839E,Peak bars,0,,#0B4F79,Peak census line,0,,12,Length of peak period,0,integer,auto,Peak period parameter mode,0,,6,Start for peak period,0,integer,vis_10_title,,,,vis_10_title,,,,vis_10_legend,,,,vis_10_legend,,,,vis_10_parameters,,,,vis_10_param,,,,_room_need_,,,,vis_10_tbl01,,,,vis_10__,,,,vis_10_image,,,,,,,,,,,,,,,,,,,,group3,,,,3,,,,pptx_template.vis_10.test.pptx,,,,8,,,,,,,,,,,,,,,,,,,,,,,,,,,,,,,,,,,,,,,,#D40062,Room need line,0,,,,,,,,,,,,,,1/1/2021,12,Subtitle font size,0,,8,Axis tick label size,0,,#d9d9d9,Background color,0,,16,Title font size,0,,0.3,Title image height,0,,bold,Title font weight,0,,13.33,Title image width,0,,,,,,,,,,,,,,,,,,,,,,cohort,0.85,Capacity Utilization Factor,1,percent0,0,Growth adjustment factor,0,percent0,,,,,1,,,,,0,Axis decimal places,0,,raw,raw count percent formatting mode,0,,1,Axis multiplier,0,,,Axis suffix,0,,,,,,fiscal
N,vis_10,vis_10,adf,adf.disc.f.ch_low_mod_no,disciplinary.female.chronic_low_moderate_no_chronic,Disciplinary Female Low/Moderate/No Chronic Health Condition,"(((housing == 'S2') & ~(custody_class.str.contains('AS', na=False) | custody_class.isin(['AS/KS','S3 AS/KS','S3- AS/KS']))) & (sex == 'F')) & (chronic_status .isin(['LOW','MODERATE','NO CHRONIC CONDITION']))",adf,disc.f.ch_low_mod_no,,,,,,,,,,,,,,,,,,,,,,,,,,,,,,,,,,,,,,,,,,,,,,,,,,,,,,,,,,,,,,,,,,,,,,,,,,,,,week,Aggregation level (hour/day_of_week/month/week),0,,,,,,,,,,,,,,30,,,,#2ca02c,,,,--,,,,1.25,,,,TRUE,,,,,,,,,,,,,,,,,,,,,,,,,,,,,,,,,,,,,,,,,,,,,,,,LC ADF,300,Image resolution,0,,,,,,1,12/31/2025,1,ESI 1 volume multiplier,0,percent0,1,ESI 2 volume multiplier,0,percent0,1,ESI 3 volume multiplier,0,percent0,1,ESI 4 volume multiplier,0,percent0,1,ESI 5 volume multiplier,0,percent0,,,,,6,Figure height,0,,10,Figure width,0,,,,,,,,,,Segoe UI,Global font family,0,,,,,,0,Display start value for graph,0,hour12,TRUE,,,,,,,,,,,,10,Legend font size,0,,3,Legend height,0,,2,Legend columns,0,,4,Legend width,0,,,,,,#A7AAAD,Off-peak bars,0,,#6F994E,P70 line,0,,#F2B701,P80 line,0,,#F28E2B,P90 line,0,,#3E839E,Peak bars,0,,#0B4F79,Peak census line,0,,12,Length of peak period,0,integer,auto,Peak period parameter mode,0,,6,Start for peak period,0,integer,vis_10_title,,,,vis_10_title,,,,vis_10_legend,,,,vis_10_legend,,,,vis_10_parameters,,,,vis_10_param,,,,_room_need_,,,,vis_10_tbl01,,,,vis_10__,,,,vis_10_image,,,,,,,,,,,,,,,,,,,,group3,,,,3,,,,pptx_template.vis_10.test.pptx,,,,8,,,,,,,,,,,,,,,,,,,,,,,,,,,,,,,,,,,,,,,,#D40062,Room need line,0,,,,,,,,,,,,,,1/1/2021,12,Subtitle font size,0,,8,Axis tick label size,0,,#d9d9d9,Background color,0,,16,Title font size,0,,0.3,Title image height,0,,bold,Title font weight,0,,13.33,Title image width,0,,,,,,,,,,,,,,,,,,,,,,cohort,0.85,Capacity Utilization Factor,1,percent0,0,Growth adjustment factor,0,percent0,,,,,1,,,,,0,Axis decimal places,0,,raw,raw count percent formatting mode,0,,1,Axis multiplier,0,,,Axis suffix,0,,,,,,fiscal
N,vis_10,vis_10,adf,adf.disc.f.u55,disciplinary.female.u55,Disciplinary Female Under 55,"(((housing == 'S2') & ~(custody_class.str.contains('AS', na=False) | custody_class.isin(['AS/KS','S3 AS/KS','S3- AS/KS']))) & (sex == 'F')) & (age_bracket == 'adult under 55')",adf,disc.f.u55,,,,,,,,,,,,,,,,,,,,,,,,,,,,,,,,,,,,,,,,,,,,,,,,,,,,,,,,,,,,,,,,,,,,,,,,,,,,,week,Aggregation level (hour/day_of_week/month/week),0,,,,,,,,,,,,,,30,,,,#2ca02c,,,,--,,,,1.25,,,,TRUE,,,,,,,,,,,,,,,,,,,,,,,,,,,,,,,,,,,,,,,,,,,,,,,,LC ADF,300,Image resolution,0,,,,,,1,12/31/2025,1,ESI 1 volume multiplier,0,percent0,1,ESI 2 volume multiplier,0,percent0,1,ESI 3 volume multiplier,0,percent0,1,ESI 4 volume multiplier,0,percent0,1,ESI 5 volume multiplier,0,percent0,,,,,6,Figure height,0,,10,Figure width,0,,,,,,,,,,Segoe UI,Global font family,0,,,,,,0,Display start value for graph,0,hour12,TRUE,,,,,,,,,,,,10,Legend font size,0,,3,Legend height,0,,2,Legend columns,0,,4,Legend width,0,,,,,,#A7AAAD,Off-peak bars,0,,#6F994E,P70 line,0,,#F2B701,P80 line,0,,#F28E2B,P90 line,0,,#3E839E,Peak bars,0,,#0B4F79,Peak census line,0,,12,Length of peak period,0,integer,auto,Peak period parameter mode,0,,6,Start for peak period,0,integer,vis_10_title,,,,vis_10_title,,,,vis_10_legend,,,,vis_10_legend,,,,vis_10_parameters,,,,vis_10_param,,,,_room_need_,,,,vis_10_tbl01,,,,vis_10__,,,,vis_10_image,,,,,,,,,,,,,,,,,,,,group3,,,,3,,,,pptx_template.vis_10.test.pptx,,,,8,,,,,,,,,,,,,,,,,,,,,,,,,,,,,,,,,,,,,,,,#D40062,Room need line,0,,,,,,,,,,,,,,1/1/2021,12,Subtitle font size,0,,8,Axis tick label size,0,,#d9d9d9,Background color,0,,16,Title font size,0,,0.3,Title image height,0,,bold,Title font weight,0,,13.33,Title image width,0,,,,,,,,,,,,,,,,,,,,,,cohort,0.85,Capacity Utilization Factor,1,percent0,0,Growth adjustment factor,0,percent0,,,,,1,,,,,0,Axis decimal places,0,,raw,raw count percent formatting mode,0,,1,Axis multiplier,0,,,Axis suffix,0,,,,,,fiscal
N,vis_10,vis_10,adf,adf.disc.m,disciplinary.male,Disciplinary Male,"((housing == 'S2') & ~(custody_class.str.contains('AS', na=False) | custody_class.isin(['AS/KS','S3 AS/KS','S3- AS/KS']))) & (sex == 'M')",adf,disc.m,,,,,,,,,,,,,,,,,,,,,,,,,,,,,,,,,,,,,,,,,,,,,,,,,,,,,,,,,,,,,,,,,,,,,,,,,,,,,week,Aggregation level (hour/day_of_week/month/week),0,,,,,,,,,,,,,,30,,,,#2ca02c,,,,--,,,,1.25,,,,TRUE,,,,,,,,,,,,,,,,,,,,,,,,,,,,,,,,,,,,,,,,,,,,,,,,LC ADF,300,Image resolution,0,,,,,,1,12/31/2025,1,ESI 1 volume multiplier,0,percent0,1,ESI 2 volume multiplier,0,percent0,1,ESI 3 volume multiplier,0,percent0,1,ESI 4 volume multiplier,0,percent0,1,ESI 5 volume multiplier,0,percent0,,,,,6,Figure height,0,,10,Figure width,0,,,,,,,,,,Segoe UI,Global font family,0,,,,,,0,Display start value for graph,0,hour12,TRUE,,,,,,,,,,,,10,Legend font size,0,,3,Legend height,0,,2,Legend columns,0,,4,Legend width,0,,,,,,#A7AAAD,Off-peak bars,0,,#6F994E,P70 line,0,,#F2B701,P80 line,0,,#F28E2B,P90 line,0,,#3E839E,Peak bars,0,,#0B4F79,Peak census line,0,,12,Length of peak period,0,integer,auto,Peak period parameter mode,0,,6,Start for peak period,0,integer,vis_10_title,,,,vis_10_title,,,,vis_10_legend,,,,vis_10_legend,,,,vis_10_parameters,,,,vis_10_param,,,,_room_need_,,,,vis_10_tbl01,,,,vis_10__,,,,vis_10_image,,,,,,,,,,,,,,,,,,,,group3,,,,3,,,,pptx_template.vis_10.test.pptx,,,,8,,,,,,,,,,,,,,,,,,,,,,,,,,,,,,,,,,,,,,,,#D40062,Room need line,0,,,,,,,,,,,,,,1/1/2021,12,Subtitle font size,0,,8,Axis tick label size,0,,#d9d9d9,Background color,0,,16,Title font size,0,,0.3,Title image height,0,,bold,Title font weight,0,,13.33,Title image width,0,,,,,,,,,,,,,,,,,,,,,,cohort,0.85,Capacity Utilization Factor,1,percent0,0,Growth adjustment factor,0,percent0,,,,,1,,,,,0,Axis decimal places,0,,raw,raw count percent formatting mode,0,,1,Axis multiplier,0,,,Axis suffix,0,,,,,,fiscal
N,vis_10,vis_10,adf,adf.disc.m.55plus,disciplinary.male.55plus,Disciplinary Male 55+,"(((housing == 'S2') & ~(custody_class.str.contains('AS', na=False) | custody_class.isin(['AS/KS','S3 AS/KS','S3- AS/KS']))) & (sex == 'M')) & (age_bracket == 'adult 55+')",adf,disc.m.55plus,,,,,,,,,,,,,,,,,,,,,,,,,,,,,,,,,,,,,,,,,,,,,,,,,,,,,,,,,,,,,,,,,,,,,,,,,,,,,week,Aggregation level (hour/day_of_week/month/week),0,,,,,,,,,,,,,,30,,,,#2ca02c,,,,--,,,,1.25,,,,TRUE,,,,,,,,,,,,,,,,,,,,,,,,,,,,,,,,,,,,,,,,,,,,,,,,LC ADF,300,Image resolution,0,,,,,,1,12/31/2025,1,ESI 1 volume multiplier,0,percent0,1,ESI 2 volume multiplier,0,percent0,1,ESI 3 volume multiplier,0,percent0,1,ESI 4 volume multiplier,0,percent0,1,ESI 5 volume multiplier,0,percent0,,,,,6,Figure height,0,,10,Figure width,0,,,,,,,,,,Segoe UI,Global font family,0,,,,,,0,Display start value for graph,0,hour12,TRUE,,,,,,,,,,,,10,Legend font size,0,,3,Legend height,0,,2,Legend columns,0,,4,Legend width,0,,,,,,#A7AAAD,Off-peak bars,0,,#6F994E,P70 line,0,,#F2B701,P80 line,0,,#F28E2B,P90 line,0,,#3E839E,Peak bars,0,,#0B4F79,Peak census line,0,,12,Length of peak period,0,integer,auto,Peak period parameter mode,0,,6,Start for peak period,0,integer,vis_10_title,,,,vis_10_title,,,,vis_10_legend,,,,vis_10_legend,,,,vis_10_parameters,,,,vis_10_param,,,,_room_need_,,,,vis_10_tbl01,,,,vis_10__,,,,vis_10_image,,,,,,,,,,,,,,,,,,,,group3,,,,3,,,,pptx_template.vis_10.test.pptx,,,,8,,,,,,,,,,,,,,,,,,,,,,,,,,,,,,,,,,,,,,,,#D40062,Room need line,0,,,,,,,,,,,,,,1/1/2021,12,Subtitle font size,0,,8,Axis tick label size,0,,#d9d9d9,Background color,0,,16,Title font size,0,,0.3,Title image height,0,,bold,Title font weight,0,,13.33,Title image width,0,,,,,,,,,,,,,,,,,,,,,,cohort,0.85,Capacity Utilization Factor,1,percent0,0,Growth adjustment factor,0,percent0,,,,,1,,,,,0,Axis decimal places,0,,raw,raw count percent formatting mode,0,,1,Axis multiplier,0,,,Axis suffix,0,,,,,,fiscal
N,vis_10,vis_10,adf,adf.disc.m.ch_high,disciplinary.male.chronic_high,Disciplinary Male Highly Severe Chronic Health Condition,"(((housing == 'S2') & ~(custody_class.str.contains('AS', na=False) | custody_class.isin(['AS/KS','S3 AS/KS','S3- AS/KS']))) & (sex == 'M')) & (chronic_status == 'HIGH')",adf,disc.m.ch_high,,,,,,,,,,,,,,,,,,,,,,,,,,,,,,,,,,,,,,,,,,,,,,,,,,,,,,,,,,,,,,,,,,,,,,,,,,,,,week,Aggregation level (hour/day_of_week/month/week),0,,,,,,,,,,,,,,30,,,,#2ca02c,,,,--,,,,1.25,,,,TRUE,,,,,,,,,,,,,,,,,,,,,,,,,,,,,,,,,,,,,,,,,,,,,,,,LC ADF,300,Image resolution,0,,,,,,1,12/31/2025,1,ESI 1 volume multiplier,0,percent0,1,ESI 2 volume multiplier,0,percent0,1,ESI 3 volume multiplier,0,percent0,1,ESI 4 volume multiplier,0,percent0,1,ESI 5 volume multiplier,0,percent0,,,,,6,Figure height,0,,10,Figure width,0,,,,,,,,,,Segoe UI,Global font family,0,,,,,,0,Display start value for graph,0,hour12,TRUE,,,,,,,,,,,,10,Legend font size,0,,3,Legend height,0,,2,Legend columns,0,,4,Legend width,0,,,,,,#A7AAAD,Off-peak bars,0,,#6F994E,P70 line,0,,#F2B701,P80 line,0,,#F28E2B,P90 line,0,,#3E839E,Peak bars,0,,#0B4F79,Peak census line,0,,12,Length of peak period,0,integer,auto,Peak period parameter mode,0,,6,Start for peak period,0,integer,vis_10_title,,,,vis_10_title,,,,vis_10_legend,,,,vis_10_legend,,,,vis_10_parameters,,,,vis_10_param,,,,_room_need_,,,,vis_10_tbl01,,,,vis_10__,,,,vis_10_image,,,,,,,,,,,,,,,,,,,,group3,,,,3,,,,pptx_template.vis_10.test.pptx,,,,8,,,,,,,,,,,,,,,,,,,,,,,,,,,,,,,,,,,,,,,,#D40062,Room need line,0,,,,,,,,,,,,,,1/1/2021,12,Subtitle font size,0,,8,Axis tick label size,0,,#d9d9d9,Background color,0,,16,Title font size,0,,0.3,Title image height,0,,bold,Title font weight,0,,13.33,Title image width,0,,,,,,,,,,,,,,,,,,,,,,cohort,0.85,Capacity Utilization Factor,1,percent0,0,Growth adjustment factor,0,percent0,,,,,1,,,,,0,Axis decimal places,0,,raw,raw count percent formatting mode,0,,1,Axis multiplier,0,,,Axis suffix,0,,,,,,fiscal
N,vis_10,vis_10,adf,adf.disc.m.ch_low_mod_no,disciplinary.male.chronic_low_moderate_no_chronic,Disciplinary Male Low/Moderate/No Chronic Health Condition,"(((housing == 'S2') & ~(custody_class.str.contains('AS', na=False) | custody_class.isin(['AS/KS','S3 AS/KS','S3- AS/KS']))) & (sex == 'M')) & (chronic_status .isin(['LOW','MODERATE','NO CHRONIC CONDITION']))",adf,disc.m.ch_low_mod_no,,,,,,,,,,,,,,,,,,,,,,,,,,,,,,,,,,,,,,,,,,,,,,,,,,,,,,,,,,,,,,,,,,,,,,,,,,,,,week,Aggregation level (hour/day_of_week/month/week),0,,,,,,,,,,,,,,30,,,,#2ca02c,,,,--,,,,1.25,,,,TRUE,,,,,,,,,,,,,,,,,,,,,,,,,,,,,,,,,,,,,,,,,,,,,,,,LC ADF,300,Image resolution,0,,,,,,1,12/31/2025,1,ESI 1 volume multiplier,0,percent0,1,ESI 2 volume multiplier,0,percent0,1,ESI 3 volume multiplier,0,percent0,1,ESI 4 volume multiplier,0,percent0,1,ESI 5 volume multiplier,0,percent0,,,,,6,Figure height,0,,10,Figure width,0,,,,,,,,,,Segoe UI,Global font family,0,,,,,,0,Display start value for graph,0,hour12,TRUE,,,,,,,,,,,,10,Legend font size,0,,3,Legend height,0,,2,Legend columns,0,,4,Legend width,0,,,,,,#A7AAAD,Off-peak bars,0,,#6F994E,P70 line,0,,#F2B701,P80 line,0,,#F28E2B,P90 line,0,,#3E839E,Peak bars,0,,#0B4F79,Peak census line,0,,12,Length of peak period,0,integer,auto,Peak period parameter mode,0,,6,Start for peak period,0,integer,vis_10_title,,,,vis_10_title,,,,vis_10_legend,,,,vis_10_legend,,,,vis_10_parameters,,,,vis_10_param,,,,_room_need_,,,,vis_10_tbl01,,,,vis_10__,,,,vis_10_image,,,,,,,,,,,,,,,,,,,,group3,,,,3,,,,pptx_template.vis_10.test.pptx,,,,8,,,,,,,,,,,,,,,,,,,,,,,,,,,,,,,,,,,,,,,,#D40062,Room need line,0,,,,,,,,,,,,,,1/1/2021,12,Subtitle font size,0,,8,Axis tick label size,0,,#d9d9d9,Background color,0,,16,Title font size,0,,0.3,Title image height,0,,bold,Title font weight,0,,13.33,Title image width,0,,,,,,,,,,,,,,,,,,,,,,cohort,0.85,Capacity Utilization Factor,1,percent0,0,Growth adjustment factor,0,percent0,,,,,1,,,,,0,Axis decimal places,0,,raw,raw count percent formatting mode,0,,1,Axis multiplier,0,,,Axis suffix,0,,,,,,fiscal
N,vis_10,vis_10,adf,adf.disc.m.u55,disciplinary.male.u55,Disciplinary Male Under 55,"(((housing == 'S2') & ~(custody_class.str.contains('AS', na=False) | custody_class.isin(['AS/KS','S3 AS/KS','S3- AS/KS']))) & (sex == 'M')) & (age_bracket == 'adult under 55')",adf,disc.m.u55,,,,,,,,,,,,,,,,,,,,,,,,,,,,,,,,,,,,,,,,,,,,,,,,,,,,,,,,,,,,,,,,,,,,,,,,,,,,,week,Aggregation level (hour/day_of_week/month/week),0,,,,,,,,,,,,,,30,,,,#2ca02c,,,,--,,,,1.25,,,,TRUE,,,,,,,,,,,,,,,,,,,,,,,,,,,,,,,,,,,,,,,,,,,,,,,,LC ADF,300,Image resolution,0,,,,,,1,12/31/2025,1,ESI 1 volume multiplier,0,percent0,1,ESI 2 volume multiplier,0,percent0,1,ESI 3 volume multiplier,0,percent0,1,ESI 4 volume multiplier,0,percent0,1,ESI 5 volume multiplier,0,percent0,,,,,6,Figure height,0,,10,Figure width,0,,,,,,,,,,Segoe UI,Global font family,0,,,,,,0,Display start value for graph,0,hour12,TRUE,,,,,,,,,,,,10,Legend font size,0,,3,Legend height,0,,2,Legend columns,0,,4,Legend width,0,,,,,,#A7AAAD,Off-peak bars,0,,#6F994E,P70 line,0,,#F2B701,P80 line,0,,#F28E2B,P90 line,0,,#3E839E,Peak bars,0,,#0B4F79,Peak census line,0,,12,Length of peak period,0,integer,auto,Peak period parameter mode,0,,6,Start for peak period,0,integer,vis_10_title,,,,vis_10_title,,,,vis_10_legend,,,,vis_10_legend,,,,vis_10_parameters,,,,vis_10_param,,,,_room_need_,,,,vis_10_tbl01,,,,vis_10__,,,,vis_10_image,,,,,,,,,,,,,,,,,,,,group3,,,,3,,,,pptx_template.vis_10.test.pptx,,,,8,,,,,,,,,,,,,,,,,,,,,,,,,,,,,,,,,,,,,,,,#D40062,Room need line,0,,,,,,,,,,,,,,1/1/2021,12,Subtitle font size,0,,8,Axis tick label size,0,,#d9d9d9,Background color,0,,16,Title font size,0,,0.3,Title image height,0,,bold,Title font weight,0,,13.33,Title image width,0,,,,,,,,,,,,,,,,,,,,,,cohort,0.85,Capacity Utilization Factor,1,percent0,0,Growth adjustment factor,0,percent0,,,,,1,,,,,0,Axis decimal places,0,,raw,raw count percent formatting mode,0,,1,Axis multiplier,0,,,Axis suffix,0,,,,,,fiscal
N,vis_10,vis_10,adf,adf.disc.u55,disciplinary.u55,Disciplinary Under 55,"((housing == 'S2') & ~(custody_class.str.contains('AS', na=False) | custody_class.isin(['AS/KS','S3 AS/KS','S3- AS/KS']))) & (age_bracket == 'adult under 55')",adf,disc.u55,,,,,,,,,,,,,,,,,,,,,,,,,,,,,,,,,,,,,,,,,,,,,,,,,,,,,,,,,,,,,,,,,,,,,,,,,,,,,week,Aggregation level (hour/day_of_week/month/week),0,,,,,,,,,,,,,,30,,,,#2ca02c,,,,--,,,,1.25,,,,TRUE,,,,,,,,,,,,,,,,,,,,,,,,,,,,,,,,,,,,,,,,,,,,,,,,LC ADF,300,Image resolution,0,,,,,,1,12/31/2025,1,ESI 1 volume multiplier,0,percent0,1,ESI 2 volume multiplier,0,percent0,1,ESI 3 volume multiplier,0,percent0,1,ESI 4 volume multiplier,0,percent0,1,ESI 5 volume multiplier,0,percent0,,,,,6,Figure height,0,,10,Figure width,0,,,,,,,,,,Segoe UI,Global font family,0,,,,,,0,Display start value for graph,0,hour12,TRUE,,,,,,,,,,,,10,Legend font size,0,,3,Legend height,0,,2,Legend columns,0,,4,Legend width,0,,,,,,#A7AAAD,Off-peak bars,0,,#6F994E,P70 line,0,,#F2B701,P80 line,0,,#F28E2B,P90 line,0,,#3E839E,Peak bars,0,,#0B4F79,Peak census line,0,,12,Length of peak period,0,integer,auto,Peak period parameter mode,0,,6,Start for peak period,0,integer,vis_10_title,,,,vis_10_title,,,,vis_10_legend,,,,vis_10_legend,,,,vis_10_parameters,,,,vis_10_param,,,,_room_need_,,,,vis_10_tbl01,,,,vis_10__,,,,vis_10_image,,,,,,,,,,,,,,,,,,,,group3,,,,3,,,,pptx_template.vis_10.test.pptx,,,,8,,,,,,,,,,,,,,,,,,,,,,,,,,,,,,,,,,,,,,,,#D40062,Room need line,0,,,,,,,,,,,,,,1/1/2021,12,Subtitle font size,0,,8,Axis tick label size,0,,#d9d9d9,Background color,0,,16,Title font size,0,,0.3,Title image height,0,,bold,Title font weight,0,,13.33,Title image width,0,,,,,,,,,,,,,,,,,,,,,,cohort,0.85,Capacity Utilization Factor,1,percent0,0,Growth adjustment factor,0,percent0,,,,,1,,,,,0,Axis decimal places,0,,raw,raw count percent formatting mode,0,,1,Axis multiplier,0,,,Axis suffix,0,,,,,,fiscal
N,vis_10,vis_10,adf,adf.f,female,Female Detainees,(sex == 'F'),adf,f,,,,,,,,,,,,,,,,,,,,,,,,,,,,,,,,,,,,,,,,,,,,,,,,,,,,,,,,,,,,,,,,,,,,,,,,,,,,,week,Aggregation level (hour/day_of_week/month/week),0,,,,,,,,,,,,,,30,,,,#2ca02c,,,,--,,,,1.25,,,,TRUE,,,,,,,,,,,,,,,,,,,,,,,,,,,,,,,,,,,,,,,,,,,,,,,,LC ADF,300,Image resolution,0,,,,,,1,12/31/2025,1,ESI 1 volume multiplier,0,percent0,1,ESI 2 volume multiplier,0,percent0,1,ESI 3 volume multiplier,0,percent0,1,ESI 4 volume multiplier,0,percent0,1,ESI 5 volume multiplier,0,percent0,,,,,6,Figure height,0,,10,Figure width,0,,,,,,,,,,Segoe UI,Global font family,0,,,,,,0,Display start value for graph,0,hour12,TRUE,,,,,,,,,,,,10,Legend font size,0,,3,Legend height,0,,2,Legend columns,0,,4,Legend width,0,,,,,,#A7AAAD,Off-peak bars,0,,#6F994E,P70 line,0,,#F2B701,P80 line,0,,#F28E2B,P90 line,0,,#3E839E,Peak bars,0,,#0B4F79,Peak census line,0,,12,Length of peak period,0,integer,auto,Peak period parameter mode,0,,6,Start for peak period,0,integer,vis_10_title,,,,vis_10_title,,,,vis_10_legend,,,,vis_10_legend,,,,vis_10_parameters,,,,vis_10_param,,,,_room_need_,,,,vis_10_tbl01,,,,vis_10__,,,,vis_10_image,,,,,,,,,,,,,,,,,,,,group3,,,,3,,,,pptx_template.vis_10.test.pptx,,,,8,,,,,,,,,,,,,,,,,,,,,,,,,,,,,,,,,,,,,,,,#D40062,Room need line,0,,,,,,,,,,,,,,1/1/2021,12,Subtitle font size,0,,8,Axis tick label size,0,,#d9d9d9,Background color,0,,16,Title font size,0,,0.3,Title image height,0,,bold,Title font weight,0,,13.33,Title image width,0,,,,,,,,,,,,,,,,,,,,,,cohort,0.85,Capacity Utilization Factor,1,percent0,0,Growth adjustment factor,0,percent0,,,,,1,,,,,0,Axis decimal places,0,,raw,raw count percent formatting mode,0,,1,Axis multiplier,0,,,Axis suffix,0,,,,,,fiscal
N,vis_10,vis_10,adf,adf.f.55plus,female.55plus,Female Detainees 55+,((sex == 'F')) & (age_bracket == 'adult 55+'),adf,f.55plus,,,,,,,,,,,,,,,,,,,,,,,,,,,,,,,,,,,,,,,,,,,,,,,,,,,,,,,,,,,,,,,,,,,,,,,,,,,,,week,Aggregation level (hour/day_of_week/month/week),0,,,,,,,,,,,,,,30,,,,#2ca02c,,,,--,,,,1.25,,,,TRUE,,,,,,,,,,,,,,,,,,,,,,,,,,,,,,,,,,,,,,,,,,,,,,,,LC ADF,300,Image resolution,0,,,,,,1,12/31/2025,1,ESI 1 volume multiplier,0,percent0,1,ESI 2 volume multiplier,0,percent0,1,ESI 3 volume multiplier,0,percent0,1,ESI 4 volume multiplier,0,percent0,1,ESI 5 volume multiplier,0,percent0,,,,,6,Figure height,0,,10,Figure width,0,,,,,,,,,,Segoe UI,Global font family,0,,,,,,0,Display start value for graph,0,hour12,TRUE,,,,,,,,,,,,10,Legend font size,0,,3,Legend height,0,,2,Legend columns,0,,4,Legend width,0,,,,,,#A7AAAD,Off-peak bars,0,,#6F994E,P70 line,0,,#F2B701,P80 line,0,,#F28E2B,P90 line,0,,#3E839E,Peak bars,0,,#0B4F79,Peak census line,0,,12,Length of peak period,0,integer,auto,Peak period parameter mode,0,,6,Start for peak period,0,integer,vis_10_title,,,,vis_10_title,,,,vis_10_legend,,,,vis_10_legend,,,,vis_10_parameters,,,,vis_10_param,,,,_room_need_,,,,vis_10_tbl01,,,,vis_10__,,,,vis_10_image,,,,,,,,,,,,,,,,,,,,group3,,,,3,,,,pptx_template.vis_10.test.pptx,,,,8,,,,,,,,,,,,,,,,,,,,,,,,,,,,,,,,,,,,,,,,#D40062,Room need line,0,,,,,,,,,,,,,,1/1/2021,12,Subtitle font size,0,,8,Axis tick label size,0,,#d9d9d9,Background color,0,,16,Title font size,0,,0.3,Title image height,0,,bold,Title font weight,0,,13.33,Title image width,0,,,,,,,,,,,,,,,,,,,,,,cohort,0.85,Capacity Utilization Factor,1,percent0,0,Growth adjustment factor,0,percent0,,,,,1,,,,,0,Axis decimal places,0,,raw,raw count percent formatting mode,0,,1,Axis multiplier,0,,,Axis suffix,0,,,,,,fiscal
N,vis_10,vis_10,adf,adf.f.ch_high,female.chronic_high,Female Detainees Highly Severe Chronic Health Condition,((sex == 'F')) & (chronic_status == 'HIGH'),adf,f.ch_high,,,,,,,,,,,,,,,,,,,,,,,,,,,,,,,,,,,,,,,,,,,,,,,,,,,,,,,,,,,,,,,,,,,,,,,,,,,,,week,Aggregation level (hour/day_of_week/month/week),0,,,,,,,,,,,,,,30,,,,#2ca02c,,,,--,,,,1.25,,,,TRUE,,,,,,,,,,,,,,,,,,,,,,,,,,,,,,,,,,,,,,,,,,,,,,,,LC ADF,300,Image resolution,0,,,,,,1,12/31/2025,1,ESI 1 volume multiplier,0,percent0,1,ESI 2 volume multiplier,0,percent0,1,ESI 3 volume multiplier,0,percent0,1,ESI 4 volume multiplier,0,percent0,1,ESI 5 volume multiplier,0,percent0,,,,,6,Figure height,0,,10,Figure width,0,,,,,,,,,,Segoe UI,Global font family,0,,,,,,0,Display start value for graph,0,hour12,TRUE,,,,,,,,,,,,10,Legend font size,0,,3,Legend height,0,,2,Legend columns,0,,4,Legend width,0,,,,,,#A7AAAD,Off-peak bars,0,,#6F994E,P70 line,0,,#F2B701,P80 line,0,,#F28E2B,P90 line,0,,#3E839E,Peak bars,0,,#0B4F79,Peak census line,0,,12,Length of peak period,0,integer,auto,Peak period parameter mode,0,,6,Start for peak period,0,integer,vis_10_title,,,,vis_10_title,,,,vis_10_legend,,,,vis_10_legend,,,,vis_10_parameters,,,,vis_10_param,,,,_room_need_,,,,vis_10_tbl01,,,,vis_10__,,,,vis_10_image,,,,,,,,,,,,,,,,,,,,group3,,,,3,,,,pptx_template.vis_10.test.pptx,,,,8,,,,,,,,,,,,,,,,,,,,,,,,,,,,,,,,,,,,,,,,#D40062,Room need line,0,,,,,,,,,,,,,,1/1/2021,12,Subtitle font size,0,,8,Axis tick label size,0,,#d9d9d9,Background color,0,,16,Title font size,0,,0.3,Title image height,0,,bold,Title font weight,0,,13.33,Title image width,0,,,,,,,,,,,,,,,,,,,,,,cohort,0.85,Capacity Utilization Factor,1,percent0,0,Growth adjustment factor,0,percent0,,,,,1,,,,,0,Axis decimal places,0,,raw,raw count percent formatting mode,0,,1,Axis multiplier,0,,,Axis suffix,0,,,,,,fiscal
N,vis_10,vis_10,adf,adf.f.ch_low_mod_no,female.chronic_low_moderate_no_chronic,Female Detainees Low/Moderate/No Chronic Health Condition,"((sex == 'F')) & (chronic_status .isin(['LOW','MODERATE','NO CHRONIC CONDITION']))",adf,f.ch_low_mod_no,,,,,,,,,,,,,,,,,,,,,,,,,,,,,,,,,,,,,,,,,,,,,,,,,,,,,,,,,,,,,,,,,,,,,,,,,,,,,week,Aggregation level (hour/day_of_week/month/week),0,,,,,,,,,,,,,,30,,,,#2ca02c,,,,--,,,,1.25,,,,TRUE,,,,,,,,,,,,,,,,,,,,,,,,,,,,,,,,,,,,,,,,,,,,,,,,LC ADF,300,Image resolution,0,,,,,,1,12/31/2025,1,ESI 1 volume multiplier,0,percent0,1,ESI 2 volume multiplier,0,percent0,1,ESI 3 volume multiplier,0,percent0,1,ESI 4 volume multiplier,0,percent0,1,ESI 5 volume multiplier,0,percent0,,,,,6,Figure height,0,,10,Figure width,0,,,,,,,,,,Segoe UI,Global font family,0,,,,,,0,Display start value for graph,0,hour12,TRUE,,,,,,,,,,,,10,Legend font size,0,,3,Legend height,0,,2,Legend columns,0,,4,Legend width,0,,,,,,#A7AAAD,Off-peak bars,0,,#6F994E,P70 line,0,,#F2B701,P80 line,0,,#F28E2B,P90 line,0,,#3E839E,Peak bars,0,,#0B4F79,Peak census line,0,,12,Length of peak period,0,integer,auto,Peak period parameter mode,0,,6,Start for peak period,0,integer,vis_10_title,,,,vis_10_title,,,,vis_10_legend,,,,vis_10_legend,,,,vis_10_parameters,,,,vis_10_param,,,,_room_need_,,,,vis_10_tbl01,,,,vis_10__,,,,vis_10_image,,,,,,,,,,,,,,,,,,,,group3,,,,3,,,,pptx_template.vis_10.test.pptx,,,,8,,,,,,,,,,,,,,,,,,,,,,,,,,,,,,,,,,,,,,,,#D40062,Room need line,0,,,,,,,,,,,,,,1/1/2021,12,Subtitle font size,0,,8,Axis tick label size,0,,#d9d9d9,Background color,0,,16,Title font size,0,,0.3,Title image height,0,,bold,Title font weight,0,,13.33,Title image width,0,,,,,,,,,,,,,,,,,,,,,,cohort,0.85,Capacity Utilization Factor,1,percent0,0,Growth adjustment factor,0,percent0,,,,,1,,,,,0,Axis decimal places,0,,raw,raw count percent formatting mode,0,,1,Axis multiplier,0,,,Axis suffix,0,,,,,,fiscal
N,vis_10,vis_10,adf,adf.f.u55,female.u55,Female Detainees Under 55,((sex == 'F')) & (age_bracket == 'adult under 55'),adf,f.u55,,,,,,,,,,,,,,,,,,,,,,,,,,,,,,,,,,,,,,,,,,,,,,,,,,,,,,,,,,,,,,,,,,,,,,,,,,,,,week,Aggregation level (hour/day_of_week/month/week),0,,,,,,,,,,,,,,30,,,,#2ca02c,,,,--,,,,1.25,,,,TRUE,,,,,,,,,,,,,,,,,,,,,,,,,,,,,,,,,,,,,,,,,,,,,,,,LC ADF,300,Image resolution,0,,,,,,1,12/31/2025,1,ESI 1 volume multiplier,0,percent0,1,ESI 2 volume multiplier,0,percent0,1,ESI 3 volume multiplier,0,percent0,1,ESI 4 volume multiplier,0,percent0,1,ESI 5 volume multiplier,0,percent0,,,,,6,Figure height,0,,10,Figure width,0,,,,,,,,,,Segoe UI,Global font family,0,,,,,,0,Display start value for graph,0,hour12,TRUE,,,,,,,,,,,,10,Legend font size,0,,3,Legend height,0,,2,Legend columns,0,,4,Legend width,0,,,,,,#A7AAAD,Off-peak bars,0,,#6F994E,P70 line,0,,#F2B701,P80 line,0,,#F28E2B,P90 line,0,,#3E839E,Peak bars,0,,#0B4F79,Peak census line,0,,12,Length of peak period,0,integer,auto,Peak period parameter mode,0,,6,Start for peak period,0,integer,vis_10_title,,,,vis_10_title,,,,vis_10_legend,,,,vis_10_legend,,,,vis_10_parameters,,,,vis_10_param,,,,_room_need_,,,,vis_10_tbl01,,,,vis_10__,,,,vis_10_image,,,,,,,,,,,,,,,,,,,,group3,,,,3,,,,pptx_template.vis_10.test.pptx,,,,8,,,,,,,,,,,,,,,,,,,,,,,,,,,,,,,,,,,,,,,,#D40062,Room need line,0,,,,,,,,,,,,,,1/1/2021,12,Subtitle font size,0,,8,Axis tick label size,0,,#d9d9d9,Background color,0,,16,Title font size,0,,0.3,Title image height,0,,bold,Title font weight,0,,13.33,Title image width,0,,,,,,,,,,,,,,,,,,,,,,cohort,0.85,Capacity Utilization Factor,1,percent0,0,Growth adjustment factor,0,percent0,,,,,1,,,,,0,Axis decimal places,0,,raw,raw count percent formatting mode,0,,1,Axis multiplier,0,,,Axis suffix,0,,,,,,fiscal
N,vis_10,vis_10,adf,adf.ks,ks,Keep Separate,"custody_class.isin(['AS/KS', 'SN/KS', 'SN/ KS', 'PC/KS', 'AK/KS', 'SK/KS', 'G2 SN/KS', 'S3 AS/KS', 'S3- AS/KS'])",adf,ks,,,,,,,,,,,,,,,,,,,,,,,,,,,,,,,,,,,,,,,,,,,,,,,,,,,,,,,,,,,,,,,,,,,,,,,,,,,,,week,Aggregation level (hour/day_of_week/month/week),0,,,,,,,,,,,,,,30,,,,#2ca02c,,,,--,,,,1.25,,,,TRUE,,,,,,,,,,,,,,,,,,,,,,,,,,,,,,,,,,,,,,,,,,,,,,,,LC ADF,300,Image resolution,0,,,,,,1,12/31/2025,1,ESI 1 volume multiplier,0,percent0,1,ESI 2 volume multiplier,0,percent0,1,ESI 3 volume multiplier,0,percent0,1,ESI 4 volume multiplier,0,percent0,1,ESI 5 volume multiplier,0,percent0,,,,,6,Figure height,0,,10,Figure width,0,,,,,,,,,,Segoe UI,Global font family,0,,,,,,0,Display start value for graph,0,hour12,TRUE,,,,,,,,,,,,10,Legend font size,0,,3,Legend height,0,,2,Legend columns,0,,4,Legend width,0,,,,,,#A7AAAD,Off-peak bars,0,,#6F994E,P70 line,0,,#F2B701,P80 line,0,,#F28E2B,P90 line,0,,#3E839E,Peak bars,0,,#0B4F79,Peak census line,0,,12,Length of peak period,0,integer,auto,Peak period parameter mode,0,,6,Start for peak period,0,integer,vis_10_title,,,,vis_10_title,,,,vis_10_legend,,,,vis_10_legend,,,,vis_10_parameters,,,,vis_10_param,,,,_room_need_,,,,vis_10_tbl01,,,,vis_10__,,,,vis_10_image,,,,,,,,,,,,,,,,,,,,group3,,,,3,,,,pptx_template.vis_10.test.pptx,,,,8,,,,,,,,,,,,,,,,,,,,,,,,,,,,,,,,,,,,,,,,#D40062,Room need line,0,,,,,,,,,,,,,,1/1/2021,12,Subtitle font size,0,,8,Axis tick label size,0,,#d9d9d9,Background color,0,,16,Title font size,0,,0.3,Title image height,0,,bold,Title font weight,0,,13.33,Title image width,0,,,,,,,,,,,,,,,,,,,,,,cohort,0.85,Capacity Utilization Factor,1,percent0,0,Growth adjustment factor,0,percent0,,,,,1,,,,,0,Axis decimal places,0,,raw,raw count percent formatting mode,0,,1,Axis multiplier,0,,,Axis suffix,0,,,,,,fiscal
N,vis_10,vis_10,adf,adf.ks.55plus,ks.55plus,Keep Separate 55+,"(custody_class.isin(['AS/KS', 'SN/KS', 'SN/ KS', 'PC/KS', 'AK/KS', 'SK/KS', 'G2 SN/KS', 'S3 AS/KS', 'S3- AS/KS'])) & (age_bracket == 'adult 55+')",adf,ks.55plus,,,,,,,,,,,,,,,,,,,,,,,,,,,,,,,,,,,,,,,,,,,,,,,,,,,,,,,,,,,,,,,,,,,,,,,,,,,,,week,Aggregation level (hour/day_of_week/month/week),0,,,,,,,,,,,,,,30,,,,#2ca02c,,,,--,,,,1.25,,,,TRUE,,,,,,,,,,,,,,,,,,,,,,,,,,,,,,,,,,,,,,,,,,,,,,,,LC ADF,300,Image resolution,0,,,,,,1,12/31/2025,1,ESI 1 volume multiplier,0,percent0,1,ESI 2 volume multiplier,0,percent0,1,ESI 3 volume multiplier,0,percent0,1,ESI 4 volume multiplier,0,percent0,1,ESI 5 volume multiplier,0,percent0,,,,,6,Figure height,0,,10,Figure width,0,,,,,,,,,,Segoe UI,Global font family,0,,,,,,0,Display start value for graph,0,hour12,TRUE,,,,,,,,,,,,10,Legend font size,0,,3,Legend height,0,,2,Legend columns,0,,4,Legend width,0,,,,,,#A7AAAD,Off-peak bars,0,,#6F994E,P70 line,0,,#F2B701,P80 line,0,,#F28E2B,P90 line,0,,#3E839E,Peak bars,0,,#0B4F79,Peak census line,0,,12,Length of peak period,0,integer,auto,Peak period parameter mode,0,,6,Start for peak period,0,integer,vis_10_title,,,,vis_10_title,,,,vis_10_legend,,,,vis_10_legend,,,,vis_10_parameters,,,,vis_10_param,,,,_room_need_,,,,vis_10_tbl01,,,,vis_10__,,,,vis_10_image,,,,,,,,,,,,,,,,,,,,group3,,,,3,,,,pptx_template.vis_10.test.pptx,,,,8,,,,,,,,,,,,,,,,,,,,,,,,,,,,,,,,,,,,,,,,#D40062,Room need line,0,,,,,,,,,,,,,,1/1/2021,12,Subtitle font size,0,,8,Axis tick label size,0,,#d9d9d9,Background color,0,,16,Title font size,0,,0.3,Title image height,0,,bold,Title font weight,0,,13.33,Title image width,0,,,,,,,,,,,,,,,,,,,,,,cohort,0.85,Capacity Utilization Factor,1,percent0,0,Growth adjustment factor,0,percent0,,,,,1,,,,,0,Axis decimal places,0,,raw,raw count percent formatting mode,0,,1,Axis multiplier,0,,,Axis suffix,0,,,,,,fiscal
N,vis_10,vis_10,adf,adf.ks.ch_high,ks.chronic_high,Keep Separate Highly Severe Chronic Health Condition,"(custody_class.isin(['AS/KS', 'SN/KS', 'SN/ KS', 'PC/KS', 'AK/KS', 'SK/KS', 'G2 SN/KS', 'S3 AS/KS', 'S3- AS/KS'])) & (chronic_status == 'HIGH')",adf,ks.ch_high,,,,,,,,,,,,,,,,,,,,,,,,,,,,,,,,,,,,,,,,,,,,,,,,,,,,,,,,,,,,,,,,,,,,,,,,,,,,,week,Aggregation level (hour/day_of_week/month/week),0,,,,,,,,,,,,,,30,,,,#2ca02c,,,,--,,,,1.25,,,,TRUE,,,,,,,,,,,,,,,,,,,,,,,,,,,,,,,,,,,,,,,,,,,,,,,,LC ADF,300,Image resolution,0,,,,,,1,12/31/2025,1,ESI 1 volume multiplier,0,percent0,1,ESI 2 volume multiplier,0,percent0,1,ESI 3 volume multiplier,0,percent0,1,ESI 4 volume multiplier,0,percent0,1,ESI 5 volume multiplier,0,percent0,,,,,6,Figure height,0,,10,Figure width,0,,,,,,,,,,Segoe UI,Global font family,0,,,,,,0,Display start value for graph,0,hour12,TRUE,,,,,,,,,,,,10,Legend font size,0,,3,Legend height,0,,2,Legend columns,0,,4,Legend width,0,,,,,,#A7AAAD,Off-peak bars,0,,#6F994E,P70 line,0,,#F2B701,P80 line,0,,#F28E2B,P90 line,0,,#3E839E,Peak bars,0,,#0B4F79,Peak census line,0,,12,Length of peak period,0,integer,auto,Peak period parameter mode,0,,6,Start for peak period,0,integer,vis_10_title,,,,vis_10_title,,,,vis_10_legend,,,,vis_10_legend,,,,vis_10_parameters,,,,vis_10_param,,,,_room_need_,,,,vis_10_tbl01,,,,vis_10__,,,,vis_10_image,,,,,,,,,,,,,,,,,,,,group3,,,,3,,,,pptx_template.vis_10.test.pptx,,,,8,,,,,,,,,,,,,,,,,,,,,,,,,,,,,,,,,,,,,,,,#D40062,Room need line,0,,,,,,,,,,,,,,1/1/2021,12,Subtitle font size,0,,8,Axis tick label size,0,,#d9d9d9,Background color,0,,16,Title font size,0,,0.3,Title image height,0,,bold,Title font weight,0,,13.33,Title image width,0,,,,,,,,,,,,,,,,,,,,,,cohort,0.85,Capacity Utilization Factor,1,percent0,0,Growth adjustment factor,0,percent0,,,,,1,,,,,0,Axis decimal places,0,,raw,raw count percent formatting mode,0,,1,Axis multiplier,0,,,Axis suffix,0,,,,,,fiscal
N,vis_10,vis_10,adf,adf.ks.ch_low_mod_no,ks.chronic_low_moderate_no_chronic,Keep Separate Low/Moderate/No Chronic Health Condition,"(custody_class.isin(['AS/KS', 'SN/KS', 'SN/ KS', 'PC/KS', 'AK/KS', 'SK/KS', 'G2 SN/KS', 'S3 AS/KS', 'S3- AS/KS'])) & (chronic_status .isin(['LOW','MODERATE','NO CHRONIC CONDITION']))",adf,ks.ch_low_mod_no,,,,,,,,,,,,,,,,,,,,,,,,,,,,,,,,,,,,,,,,,,,,,,,,,,,,,,,,,,,,,,,,,,,,,,,,,,,,,week,Aggregation level (hour/day_of_week/month/week),0,,,,,,,,,,,,,,30,,,,#2ca02c,,,,--,,,,1.25,,,,TRUE,,,,,,,,,,,,,,,,,,,,,,,,,,,,,,,,,,,,,,,,,,,,,,,,LC ADF,300,Image resolution,0,,,,,,1,12/31/2025,1,ESI 1 volume multiplier,0,percent0,1,ESI 2 volume multiplier,0,percent0,1,ESI 3 volume multiplier,0,percent0,1,ESI 4 volume multiplier,0,percent0,1,ESI 5 volume multiplier,0,percent0,,,,,6,Figure height,0,,10,Figure width,0,,,,,,,,,,Segoe UI,Global font family,0,,,,,,0,Display start value for graph,0,hour12,TRUE,,,,,,,,,,,,10,Legend font size,0,,3,Legend height,0,,2,Legend columns,0,,4,Legend width,0,,,,,,#A7AAAD,Off-peak bars,0,,#6F994E,P70 line,0,,#F2B701,P80 line,0,,#F28E2B,P90 line,0,,#3E839E,Peak bars,0,,#0B4F79,Peak census line,0,,12,Length of peak period,0,integer,auto,Peak period parameter mode,0,,6,Start for peak period,0,integer,vis_10_title,,,,vis_10_title,,,,vis_10_legend,,,,vis_10_legend,,,,vis_10_parameters,,,,vis_10_param,,,,_room_need_,,,,vis_10_tbl01,,,,vis_10__,,,,vis_10_image,,,,,,,,,,,,,,,,,,,,group3,,,,3,,,,pptx_template.vis_10.test.pptx,,,,8,,,,,,,,,,,,,,,,,,,,,,,,,,,,,,,,,,,,,,,,#D40062,Room need line,0,,,,,,,,,,,,,,1/1/2021,12,Subtitle font size,0,,8,Axis tick label size,0,,#d9d9d9,Background color,0,,16,Title font size,0,,0.3,Title image height,0,,bold,Title font weight,0,,13.33,Title image width,0,,,,,,,,,,,,,,,,,,,,,,cohort,0.85,Capacity Utilization Factor,1,percent0,0,Growth adjustment factor,0,percent0,,,,,1,,,,,0,Axis decimal places,0,,raw,raw count percent formatting mode,0,,1,Axis multiplier,0,,,Axis suffix,0,,,,,,fiscal
N,vis_10,vis_10,adf,adf.ks.f,ks.female,Keep Separate Female,"(custody_class.isin(['AS/KS', 'SN/KS', 'SN/ KS', 'PC/KS', 'AK/KS', 'SK/KS', 'G2 SN/KS', 'S3 AS/KS', 'S3- AS/KS'])) & (sex == 'F')",adf,ks.f,,,,,,,,,,,,,,,,,,,,,,,,,,,,,,,,,,,,,,,,,,,,,,,,,,,,,,,,,,,,,,,,,,,,,,,,,,,,,week,Aggregation level (hour/day_of_week/month/week),0,,,,,,,,,,,,,,30,,,,#2ca02c,,,,--,,,,1.25,,,,TRUE,,,,,,,,,,,,,,,,,,,,,,,,,,,,,,,,,,,,,,,,,,,,,,,,LC ADF,300,Image resolution,0,,,,,,1,12/31/2025,1,ESI 1 volume multiplier,0,percent0,1,ESI 2 volume multiplier,0,percent0,1,ESI 3 volume multiplier,0,percent0,1,ESI 4 volume multiplier,0,percent0,1,ESI 5 volume multiplier,0,percent0,,,,,6,Figure height,0,,10,Figure width,0,,,,,,,,,,Segoe UI,Global font family,0,,,,,,0,Display start value for graph,0,hour12,TRUE,,,,,,,,,,,,10,Legend font size,0,,3,Legend height,0,,2,Legend columns,0,,4,Legend width,0,,,,,,#A7AAAD,Off-peak bars,0,,#6F994E,P70 line,0,,#F2B701,P80 line,0,,#F28E2B,P90 line,0,,#3E839E,Peak bars,0,,#0B4F79,Peak census line,0,,12,Length of peak period,0,integer,auto,Peak period parameter mode,0,,6,Start for peak period,0,integer,vis_10_title,,,,vis_10_title,,,,vis_10_legend,,,,vis_10_legend,,,,vis_10_parameters,,,,vis_10_param,,,,_room_need_,,,,vis_10_tbl01,,,,vis_10__,,,,vis_10_image,,,,,,,,,,,,,,,,,,,,group3,,,,3,,,,pptx_template.vis_10.test.pptx,,,,8,,,,,,,,,,,,,,,,,,,,,,,,,,,,,,,,,,,,,,,,#D40062,Room need line,0,,,,,,,,,,,,,,1/1/2021,12,Subtitle font size,0,,8,Axis tick label size,0,,#d9d9d9,Background color,0,,16,Title font size,0,,0.3,Title image height,0,,bold,Title font weight,0,,13.33,Title image width,0,,,,,,,,,,,,,,,,,,,,,,cohort,0.85,Capacity Utilization Factor,1,percent0,0,Growth adjustment factor,0,percent0,,,,,1,,,,,0,Axis decimal places,0,,raw,raw count percent formatting mode,0,,1,Axis multiplier,0,,,Axis suffix,0,,,,,,fiscal
N,vis_10,vis_10,adf,adf.ks.f.55plus,ks.female.55plus,Keep Separate Female 55+,"((custody_class.isin(['AS/KS', 'SN/KS', 'SN/ KS', 'PC/KS', 'AK/KS', 'SK/KS', 'G2 SN/KS', 'S3 AS/KS', 'S3- AS/KS'])) & (sex == 'F')) & (age_bracket == 'adult 55+')",adf,ks.f.55plus,,,,,,,,,,,,,,,,,,,,,,,,,,,,,,,,,,,,,,,,,,,,,,,,,,,,,,,,,,,,,,,,,,,,,,,,,,,,,week,Aggregation level (hour/day_of_week/month/week),0,,,,,,,,,,,,,,30,,,,#2ca02c,,,,--,,,,1.25,,,,TRUE,,,,,,,,,,,,,,,,,,,,,,,,,,,,,,,,,,,,,,,,,,,,,,,,LC ADF,300,Image resolution,0,,,,,,1,12/31/2025,1,ESI 1 volume multiplier,0,percent0,1,ESI 2 volume multiplier,0,percent0,1,ESI 3 volume multiplier,0,percent0,1,ESI 4 volume multiplier,0,percent0,1,ESI 5 volume multiplier,0,percent0,,,,,6,Figure height,0,,10,Figure width,0,,,,,,,,,,Segoe UI,Global font family,0,,,,,,0,Display start value for graph,0,hour12,TRUE,,,,,,,,,,,,10,Legend font size,0,,3,Legend height,0,,2,Legend columns,0,,4,Legend width,0,,,,,,#A7AAAD,Off-peak bars,0,,#6F994E,P70 line,0,,#F2B701,P80 line,0,,#F28E2B,P90 line,0,,#3E839E,Peak bars,0,,#0B4F79,Peak census line,0,,12,Length of peak period,0,integer,auto,Peak period parameter mode,0,,6,Start for peak period,0,integer,vis_10_title,,,,vis_10_title,,,,vis_10_legend,,,,vis_10_legend,,,,vis_10_parameters,,,,vis_10_param,,,,_room_need_,,,,vis_10_tbl01,,,,vis_10__,,,,vis_10_image,,,,,,,,,,,,,,,,,,,,group3,,,,3,,,,pptx_template.vis_10.test.pptx,,,,8,,,,,,,,,,,,,,,,,,,,,,,,,,,,,,,,,,,,,,,,#D40062,Room need line,0,,,,,,,,,,,,,,1/1/2021,12,Subtitle font size,0,,8,Axis tick label size,0,,#d9d9d9,Background color,0,,16,Title font size,0,,0.3,Title image height,0,,bold,Title font weight,0,,13.33,Title image width,0,,,,,,,,,,,,,,,,,,,,,,cohort,0.85,Capacity Utilization Factor,1,percent0,0,Growth adjustment factor,0,percent0,,,,,1,,,,,0,Axis decimal places,0,,raw,raw count percent formatting mode,0,,1,Axis multiplier,0,,,Axis suffix,0,,,,,,fiscal
N,vis_10,vis_10,adf,adf.ks.f.ch_high,ks.female.chronic_high,Keep Separate Female Highly Severe Chronic Health Condition,"((custody_class.isin(['AS/KS', 'SN/KS', 'SN/ KS', 'PC/KS', 'AK/KS', 'SK/KS', 'G2 SN/KS', 'S3 AS/KS', 'S3- AS/KS'])) & (sex == 'F')) & (chronic_status == 'HIGH')",adf,ks.f.ch_high,,,,,,,,,,,,,,,,,,,,,,,,,,,,,,,,,,,,,,,,,,,,,,,,,,,,,,,,,,,,,,,,,,,,,,,,,,,,,week,Aggregation level (hour/day_of_week/month/week),0,,,,,,,,,,,,,,30,,,,#2ca02c,,,,--,,,,1.25,,,,TRUE,,,,,,,,,,,,,,,,,,,,,,,,,,,,,,,,,,,,,,,,,,,,,,,,LC ADF,300,Image resolution,0,,,,,,1,12/31/2025,1,ESI 1 volume multiplier,0,percent0,1,ESI 2 volume multiplier,0,percent0,1,ESI 3 volume multiplier,0,percent0,1,ESI 4 volume multiplier,0,percent0,1,ESI 5 volume multiplier,0,percent0,,,,,6,Figure height,0,,10,Figure width,0,,,,,,,,,,Segoe UI,Global font family,0,,,,,,0,Display start value for graph,0,hour12,TRUE,,,,,,,,,,,,10,Legend font size,0,,3,Legend height,0,,2,Legend columns,0,,4,Legend width,0,,,,,,#A7AAAD,Off-peak bars,0,,#6F994E,P70 line,0,,#F2B701,P80 line,0,,#F28E2B,P90 line,0,,#3E839E,Peak bars,0,,#0B4F79,Peak census line,0,,12,Length of peak period,0,integer,auto,Peak period parameter mode,0,,6,Start for peak period,0,integer,vis_10_title,,,,vis_10_title,,,,vis_10_legend,,,,vis_10_legend,,,,vis_10_parameters,,,,vis_10_param,,,,_room_need_,,,,vis_10_tbl01,,,,vis_10__,,,,vis_10_image,,,,,,,,,,,,,,,,,,,,group3,,,,3,,,,pptx_template.vis_10.test.pptx,,,,8,,,,,,,,,,,,,,,,,,,,,,,,,,,,,,,,,,,,,,,,#D40062,Room need line,0,,,,,,,,,,,,,,1/1/2021,12,Subtitle font size,0,,8,Axis tick label size,0,,#d9d9d9,Background color,0,,16,Title font size,0,,0.3,Title image height,0,,bold,Title font weight,0,,13.33,Title image width,0,,,,,,,,,,,,,,,,,,,,,,cohort,0.85,Capacity Utilization Factor,1,percent0,0,Growth adjustment factor,0,percent0,,,,,1,,,,,0,Axis decimal places,0,,raw,raw count percent formatting mode,0,,1,Axis multiplier,0,,,Axis suffix,0,,,,,,fiscal
N,vis_10,vis_10,adf,adf.ks.f.ch_low_mod_no,ks.female.chronic_low_moderate_no_chronic,Keep Separate Female Low/Moderate/No Chronic Health Condition,"((custody_class.isin(['AS/KS', 'SN/KS', 'SN/ KS', 'PC/KS', 'AK/KS', 'SK/KS', 'G2 SN/KS', 'S3 AS/KS', 'S3- AS/KS'])) & (sex == 'F')) & (chronic_status .isin(['LOW','MODERATE','NO CHRONIC CONDITION']))",adf,ks.f.ch_low_mod_no,,,,,,,,,,,,,,,,,,,,,,,,,,,,,,,,,,,,,,,,,,,,,,,,,,,,,,,,,,,,,,,,,,,,,,,,,,,,,week,Aggregation level (hour/day_of_week/month/week),0,,,,,,,,,,,,,,30,,,,#2ca02c,,,,--,,,,1.25,,,,TRUE,,,,,,,,,,,,,,,,,,,,,,,,,,,,,,,,,,,,,,,,,,,,,,,,LC ADF,300,Image resolution,0,,,,,,1,12/31/2025,1,ESI 1 volume multiplier,0,percent0,1,ESI 2 volume multiplier,0,percent0,1,ESI 3 volume multiplier,0,percent0,1,ESI 4 volume multiplier,0,percent0,1,ESI 5 volume multiplier,0,percent0,,,,,6,Figure height,0,,10,Figure width,0,,,,,,,,,,Segoe UI,Global font family,0,,,,,,0,Display start value for graph,0,hour12,TRUE,,,,,,,,,,,,10,Legend font size,0,,3,Legend height,0,,2,Legend columns,0,,4,Legend width,0,,,,,,#A7AAAD,Off-peak bars,0,,#6F994E,P70 line,0,,#F2B701,P80 line,0,,#F28E2B,P90 line,0,,#3E839E,Peak bars,0,,#0B4F79,Peak census line,0,,12,Length of peak period,0,integer,auto,Peak period parameter mode,0,,6,Start for peak period,0,integer,vis_10_title,,,,vis_10_title,,,,vis_10_legend,,,,vis_10_legend,,,,vis_10_parameters,,,,vis_10_param,,,,_room_need_,,,,vis_10_tbl01,,,,vis_10__,,,,vis_10_image,,,,,,,,,,,,,,,,,,,,group3,,,,3,,,,pptx_template.vis_10.test.pptx,,,,8,,,,,,,,,,,,,,,,,,,,,,,,,,,,,,,,,,,,,,,,#D40062,Room need line,0,,,,,,,,,,,,,,1/1/2021,12,Subtitle font size,0,,8,Axis tick label size,0,,#d9d9d9,Background color,0,,16,Title font size,0,,0.3,Title image height,0,,bold,Title font weight,0,,13.33,Title image width,0,,,,,,,,,,,,,,,,,,,,,,cohort,0.85,Capacity Utilization Factor,1,percent0,0,Growth adjustment factor,0,percent0,,,,,1,,,,,0,Axis decimal places,0,,raw,raw count percent formatting mode,0,,1,Axis multiplier,0,,,Axis suffix,0,,,,,,fiscal
N,vis_10,vis_10,adf,adf.ks.f.u55,ks.female.u55,Keep Separate Female Under 55,"((custody_class.isin(['AS/KS', 'SN/KS', 'SN/ KS', 'PC/KS', 'AK/KS', 'SK/KS', 'G2 SN/KS', 'S3 AS/KS', 'S3- AS/KS'])) & (sex == 'F')) & (age_bracket == 'adult under 55')",adf,ks.f.u55,,,,,,,,,,,,,,,,,,,,,,,,,,,,,,,,,,,,,,,,,,,,,,,,,,,,,,,,,,,,,,,,,,,,,,,,,,,,,week,Aggregation level (hour/day_of_week/month/week),0,,,,,,,,,,,,,,30,,,,#2ca02c,,,,--,,,,1.25,,,,TRUE,,,,,,,,,,,,,,,,,,,,,,,,,,,,,,,,,,,,,,,,,,,,,,,,LC ADF,300,Image resolution,0,,,,,,1,12/31/2025,1,ESI 1 volume multiplier,0,percent0,1,ESI 2 volume multiplier,0,percent0,1,ESI 3 volume multiplier,0,percent0,1,ESI 4 volume multiplier,0,percent0,1,ESI 5 volume multiplier,0,percent0,,,,,6,Figure height,0,,10,Figure width,0,,,,,,,,,,Segoe UI,Global font family,0,,,,,,0,Display start value for graph,0,hour12,TRUE,,,,,,,,,,,,10,Legend font size,0,,3,Legend height,0,,2,Legend columns,0,,4,Legend width,0,,,,,,#A7AAAD,Off-peak bars,0,,#6F994E,P70 line,0,,#F2B701,P80 line,0,,#F28E2B,P90 line,0,,#3E839E,Peak bars,0,,#0B4F79,Peak census line,0,,12,Length of peak period,0,integer,auto,Peak period parameter mode,0,,6,Start for peak period,0,integer,vis_10_title,,,,vis_10_title,,,,vis_10_legend,,,,vis_10_legend,,,,vis_10_parameters,,,,vis_10_param,,,,_room_need_,,,,vis_10_tbl01,,,,vis_10__,,,,vis_10_image,,,,,,,,,,,,,,,,,,,,group3,,,,3,,,,pptx_template.vis_10.test.pptx,,,,8,,,,,,,,,,,,,,,,,,,,,,,,,,,,,,,,,,,,,,,,#D40062,Room need line,0,,,,,,,,,,,,,,1/1/2021,12,Subtitle font size,0,,8,Axis tick label size,0,,#d9d9d9,Background color,0,,16,Title font size,0,,0.3,Title image height,0,,bold,Title font weight,0,,13.33,Title image width,0,,,,,,,,,,,,,,,,,,,,,,cohort,0.85,Capacity Utilization Factor,1,percent0,0,Growth adjustment factor,0,percent0,,,,,1,,,,,0,Axis decimal places,0,,raw,raw count percent formatting mode,0,,1,Axis multiplier,0,,,Axis suffix,0,,,,,,fiscal
N,vis_10,vis_10,adf,adf.ks.m,ks.male,Keep Separate Male,"(custody_class.isin(['AS/KS', 'SN/KS', 'SN/ KS', 'PC/KS', 'AK/KS', 'SK/KS', 'G2 SN/KS', 'S3 AS/KS', 'S3- AS/KS'])) & (sex == 'M')",adf,ks.m,,,,,,,,,,,,,,,,,,,,,,,,,,,,,,,,,,,,,,,,,,,,,,,,,,,,,,,,,,,,,,,,,,,,,,,,,,,,,week,Aggregation level (hour/day_of_week/month/week),0,,,,,,,,,,,,,,30,,,,#2ca02c,,,,--,,,,1.25,,,,TRUE,,,,,,,,,,,,,,,,,,,,,,,,,,,,,,,,,,,,,,,,,,,,,,,,LC ADF,300,Image resolution,0,,,,,,1,12/31/2025,1,ESI 1 volume multiplier,0,percent0,1,ESI 2 volume multiplier,0,percent0,1,ESI 3 volume multiplier,0,percent0,1,ESI 4 volume multiplier,0,percent0,1,ESI 5 volume multiplier,0,percent0,,,,,6,Figure height,0,,10,Figure width,0,,,,,,,,,,Segoe UI,Global font family,0,,,,,,0,Display start value for graph,0,hour12,TRUE,,,,,,,,,,,,10,Legend font size,0,,3,Legend height,0,,2,Legend columns,0,,4,Legend width,0,,,,,,#A7AAAD,Off-peak bars,0,,#6F994E,P70 line,0,,#F2B701,P80 line,0,,#F28E2B,P90 line,0,,#3E839E,Peak bars,0,,#0B4F79,Peak census line,0,,12,Length of peak period,0,integer,auto,Peak period parameter mode,0,,6,Start for peak period,0,integer,vis_10_title,,,,vis_10_title,,,,vis_10_legend,,,,vis_10_legend,,,,vis_10_parameters,,,,vis_10_param,,,,_room_need_,,,,vis_10_tbl01,,,,vis_10__,,,,vis_10_image,,,,,,,,,,,,,,,,,,,,group3,,,,3,,,,pptx_template.vis_10.test.pptx,,,,8,,,,,,,,,,,,,,,,,,,,,,,,,,,,,,,,,,,,,,,,#D40062,Room need line,0,,,,,,,,,,,,,,1/1/2021,12,Subtitle font size,0,,8,Axis tick label size,0,,#d9d9d9,Background color,0,,16,Title font size,0,,0.3,Title image height,0,,bold,Title font weight,0,,13.33,Title image width,0,,,,,,,,,,,,,,,,,,,,,,cohort,0.85,Capacity Utilization Factor,1,percent0,0,Growth adjustment factor,0,percent0,,,,,1,,,,,0,Axis decimal places,0,,raw,raw count percent formatting mode,0,,1,Axis multiplier,0,,,Axis suffix,0,,,,,,fiscal
N,vis_10,vis_10,adf,adf.ks.m.55plus,ks.male.55plus,Keep Separate Male 55+,"((custody_class.isin(['AS/KS', 'SN/KS', 'SN/ KS', 'PC/KS', 'AK/KS', 'SK/KS', 'G2 SN/KS', 'S3 AS/KS', 'S3- AS/KS'])) & (sex == 'M')) & (age_bracket == 'adult 55+')",adf,ks.m.55plus,,,,,,,,,,,,,,,,,,,,,,,,,,,,,,,,,,,,,,,,,,,,,,,,,,,,,,,,,,,,,,,,,,,,,,,,,,,,,week,Aggregation level (hour/day_of_week/month/week),0,,,,,,,,,,,,,,30,,,,#2ca02c,,,,--,,,,1.25,,,,TRUE,,,,,,,,,,,,,,,,,,,,,,,,,,,,,,,,,,,,,,,,,,,,,,,,LC ADF,300,Image resolution,0,,,,,,1,12/31/2025,1,ESI 1 volume multiplier,0,percent0,1,ESI 2 volume multiplier,0,percent0,1,ESI 3 volume multiplier,0,percent0,1,ESI 4 volume multiplier,0,percent0,1,ESI 5 volume multiplier,0,percent0,,,,,6,Figure height,0,,10,Figure width,0,,,,,,,,,,Segoe UI,Global font family,0,,,,,,0,Display start value for graph,0,hour12,TRUE,,,,,,,,,,,,10,Legend font size,0,,3,Legend height,0,,2,Legend columns,0,,4,Legend width,0,,,,,,#A7AAAD,Off-peak bars,0,,#6F994E,P70 line,0,,#F2B701,P80 line,0,,#F28E2B,P90 line,0,,#3E839E,Peak bars,0,,#0B4F79,Peak census line,0,,12,Length of peak period,0,integer,auto,Peak period parameter mode,0,,6,Start for peak period,0,integer,vis_10_title,,,,vis_10_title,,,,vis_10_legend,,,,vis_10_legend,,,,vis_10_parameters,,,,vis_10_param,,,,_room_need_,,,,vis_10_tbl01,,,,vis_10__,,,,vis_10_image,,,,,,,,,,,,,,,,,,,,group3,,,,3,,,,pptx_template.vis_10.test.pptx,,,,8,,,,,,,,,,,,,,,,,,,,,,,,,,,,,,,,,,,,,,,,#D40062,Room need line,0,,,,,,,,,,,,,,1/1/2021,12,Subtitle font size,0,,8,Axis tick label size,0,,#d9d9d9,Background color,0,,16,Title font size,0,,0.3,Title image height,0,,bold,Title font weight,0,,13.33,Title image width,0,,,,,,,,,,,,,,,,,,,,,,cohort,0.85,Capacity Utilization Factor,1,percent0,0,Growth adjustment factor,0,percent0,,,,,1,,,,,0,Axis decimal places,0,,raw,raw count percent formatting mode,0,,1,Axis multiplier,0,,,Axis suffix,0,,,,,,fiscal
N,vis_10,vis_10,adf,adf.ks.m.ch_high,ks.male.chronic_high,Keep Separate Male Highly Severe Chronic Health Condition,"((custody_class.isin(['AS/KS', 'SN/KS', 'SN/ KS', 'PC/KS', 'AK/KS', 'SK/KS', 'G2 SN/KS', 'S3 AS/KS', 'S3- AS/KS'])) & (sex == 'M')) & (chronic_status == 'HIGH')",adf,ks.m.ch_high,,,,,,,,,,,,,,,,,,,,,,,,,,,,,,,,,,,,,,,,,,,,,,,,,,,,,,,,,,,,,,,,,,,,,,,,,,,,,week,Aggregation level (hour/day_of_week/month/week),0,,,,,,,,,,,,,,30,,,,#2ca02c,,,,--,,,,1.25,,,,TRUE,,,,,,,,,,,,,,,,,,,,,,,,,,,,,,,,,,,,,,,,,,,,,,,,LC ADF,300,Image resolution,0,,,,,,1,12/31/2025,1,ESI 1 volume multiplier,0,percent0,1,ESI 2 volume multiplier,0,percent0,1,ESI 3 volume multiplier,0,percent0,1,ESI 4 volume multiplier,0,percent0,1,ESI 5 volume multiplier,0,percent0,,,,,6,Figure height,0,,10,Figure width,0,,,,,,,,,,Segoe UI,Global font family,0,,,,,,0,Display start value for graph,0,hour12,TRUE,,,,,,,,,,,,10,Legend font size,0,,3,Legend height,0,,2,Legend columns,0,,4,Legend width,0,,,,,,#A7AAAD,Off-peak bars,0,,#6F994E,P70 line,0,,#F2B701,P80 line,0,,#F28E2B,P90 line,0,,#3E839E,Peak bars,0,,#0B4F79,Peak census line,0,,12,Length of peak period,0,integer,auto,Peak period parameter mode,0,,6,Start for peak period,0,integer,vis_10_title,,,,vis_10_title,,,,vis_10_legend,,,,vis_10_legend,,,,vis_10_parameters,,,,vis_10_param,,,,_room_need_,,,,vis_10_tbl01,,,,vis_10__,,,,vis_10_image,,,,,,,,,,,,,,,,,,,,group3,,,,3,,,,pptx_template.vis_10.test.pptx,,,,8,,,,,,,,,,,,,,,,,,,,,,,,,,,,,,,,,,,,,,,,#D40062,Room need line,0,,,,,,,,,,,,,,1/1/2021,12,Subtitle font size,0,,8,Axis tick label size,0,,#d9d9d9,Background color,0,,16,Title font size,0,,0.3,Title image height,0,,bold,Title font weight,0,,13.33,Title image width,0,,,,,,,,,,,,,,,,,,,,,,cohort,0.85,Capacity Utilization Factor,1,percent0,0,Growth adjustment factor,0,percent0,,,,,1,,,,,0,Axis decimal places,0,,raw,raw count percent formatting mode,0,,1,Axis multiplier,0,,,Axis suffix,0,,,,,,fiscal
N,vis_10,vis_10,adf,adf.ks.m.ch_low_mod_no,ks.male.chronic_low_moderate_no_chronic,Keep Separate Male Low/Moderate/No Chronic Health Condition,"((custody_class.isin(['AS/KS', 'SN/KS', 'SN/ KS', 'PC/KS', 'AK/KS', 'SK/KS', 'G2 SN/KS', 'S3 AS/KS', 'S3- AS/KS'])) & (sex == 'M')) & (chronic_status .isin(['LOW','MODERATE','NO CHRONIC CONDITION']))",adf,ks.m.ch_low_mod_no,,,,,,,,,,,,,,,,,,,,,,,,,,,,,,,,,,,,,,,,,,,,,,,,,,,,,,,,,,,,,,,,,,,,,,,,,,,,,week,Aggregation level (hour/day_of_week/month/week),0,,,,,,,,,,,,,,30,,,,#2ca02c,,,,--,,,,1.25,,,,TRUE,,,,,,,,,,,,,,,,,,,,,,,,,,,,,,,,,,,,,,,,,,,,,,,,LC ADF,300,Image resolution,0,,,,,,1,12/31/2025,1,ESI 1 volume multiplier,0,percent0,1,ESI 2 volume multiplier,0,percent0,1,ESI 3 volume multiplier,0,percent0,1,ESI 4 volume multiplier,0,percent0,1,ESI 5 volume multiplier,0,percent0,,,,,6,Figure height,0,,10,Figure width,0,,,,,,,,,,Segoe UI,Global font family,0,,,,,,0,Display start value for graph,0,hour12,TRUE,,,,,,,,,,,,10,Legend font size,0,,3,Legend height,0,,2,Legend columns,0,,4,Legend width,0,,,,,,#A7AAAD,Off-peak bars,0,,#6F994E,P70 line,0,,#F2B701,P80 line,0,,#F28E2B,P90 line,0,,#3E839E,Peak bars,0,,#0B4F79,Peak census line,0,,12,Length of peak period,0,integer,auto,Peak period parameter mode,0,,6,Start for peak period,0,integer,vis_10_title,,,,vis_10_title,,,,vis_10_legend,,,,vis_10_legend,,,,vis_10_parameters,,,,vis_10_param,,,,_room_need_,,,,vis_10_tbl01,,,,vis_10__,,,,vis_10_image,,,,,,,,,,,,,,,,,,,,group3,,,,3,,,,pptx_template.vis_10.test.pptx,,,,8,,,,,,,,,,,,,,,,,,,,,,,,,,,,,,,,,,,,,,,,#D40062,Room need line,0,,,,,,,,,,,,,,1/1/2021,12,Subtitle font size,0,,8,Axis tick label size,0,,#d9d9d9,Background color,0,,16,Title font size,0,,0.3,Title image height,0,,bold,Title font weight,0,,13.33,Title image width,0,,,,,,,,,,,,,,,,,,,,,,cohort,0.85,Capacity Utilization Factor,1,percent0,0,Growth adjustment factor,0,percent0,,,,,1,,,,,0,Axis decimal places,0,,raw,raw count percent formatting mode,0,,1,Axis multiplier,0,,,Axis suffix,0,,,,,,fiscal
N,vis_10,vis_10,adf,adf.ks.m.u55,ks.male.u55,Keep Separate Male Under 55,"((custody_class.isin(['AS/KS', 'SN/KS', 'SN/ KS', 'PC/KS', 'AK/KS', 'SK/KS', 'G2 SN/KS', 'S3 AS/KS', 'S3- AS/KS'])) & (sex == 'M')) & (age_bracket == 'adult under 55')",adf,ks.m.u55,,,,,,,,,,,,,,,,,,,,,,,,,,,,,,,,,,,,,,,,,,,,,,,,,,,,,,,,,,,,,,,,,,,,,,,,,,,,,week,Aggregation level (hour/day_of_week/month/week),0,,,,,,,,,,,,,,30,,,,#2ca02c,,,,--,,,,1.25,,,,TRUE,,,,,,,,,,,,,,,,,,,,,,,,,,,,,,,,,,,,,,,,,,,,,,,,LC ADF,300,Image resolution,0,,,,,,1,12/31/2025,1,ESI 1 volume multiplier,0,percent0,1,ESI 2 volume multiplier,0,percent0,1,ESI 3 volume multiplier,0,percent0,1,ESI 4 volume multiplier,0,percent0,1,ESI 5 volume multiplier,0,percent0,,,,,6,Figure height,0,,10,Figure width,0,,,,,,,,,,Segoe UI,Global font family,0,,,,,,0,Display start value for graph,0,hour12,TRUE,,,,,,,,,,,,10,Legend font size,0,,3,Legend height,0,,2,Legend columns,0,,4,Legend width,0,,,,,,#A7AAAD,Off-peak bars,0,,#6F994E,P70 line,0,,#F2B701,P80 line,0,,#F28E2B,P90 line,0,,#3E839E,Peak bars,0,,#0B4F79,Peak census line,0,,12,Length of peak period,0,integer,auto,Peak period parameter mode,0,,6,Start for peak period,0,integer,vis_10_title,,,,vis_10_title,,,,vis_10_legend,,,,vis_10_legend,,,,vis_10_parameters,,,,vis_10_param,,,,_room_need_,,,,vis_10_tbl01,,,,vis_10__,,,,vis_10_image,,,,,,,,,,,,,,,,,,,,group3,,,,3,,,,pptx_template.vis_10.test.pptx,,,,8,,,,,,,,,,,,,,,,,,,,,,,,,,,,,,,,,,,,,,,,#D40062,Room need line,0,,,,,,,,,,,,,,1/1/2021,12,Subtitle font size,0,,8,Axis tick label size,0,,#d9d9d9,Background color,0,,16,Title font size,0,,0.3,Title image height,0,,bold,Title font weight,0,,13.33,Title image width,0,,,,,,,,,,,,,,,,,,,,,,cohort,0.85,Capacity Utilization Factor,1,percent0,0,Growth adjustment factor,0,percent0,,,,,1,,,,,0,Axis decimal places,0,,raw,raw count percent formatting mode,0,,1,Axis multiplier,0,,,Axis suffix,0,,,,,,fiscal
N,vis_10,vis_10,adf,adf.ks.u55,ks.u55,Keep Separate Under 55,"(custody_class.isin(['AS/KS', 'SN/KS', 'SN/ KS', 'PC/KS', 'AK/KS', 'SK/KS', 'G2 SN/KS', 'S3 AS/KS', 'S3- AS/KS'])) & (age_bracket == 'adult under 55')",adf,ks.u55,,,,,,,,,,,,,,,,,,,,,,,,,,,,,,,,,,,,,,,,,,,,,,,,,,,,,,,,,,,,,,,,,,,,,,,,,,,,,week,Aggregation level (hour/day_of_week/month/week),0,,,,,,,,,,,,,,30,,,,#2ca02c,,,,--,,,,1.25,,,,TRUE,,,,,,,,,,,,,,,,,,,,,,,,,,,,,,,,,,,,,,,,,,,,,,,,LC ADF,300,Image resolution,0,,,,,,1,12/31/2025,1,ESI 1 volume multiplier,0,percent0,1,ESI 2 volume multiplier,0,percent0,1,ESI 3 volume multiplier,0,percent0,1,ESI 4 volume multiplier,0,percent0,1,ESI 5 volume multiplier,0,percent0,,,,,6,Figure height,0,,10,Figure width,0,,,,,,,,,,Segoe UI,Global font family,0,,,,,,0,Display start value for graph,0,hour12,TRUE,,,,,,,,,,,,10,Legend font size,0,,3,Legend height,0,,2,Legend columns,0,,4,Legend width,0,,,,,,#A7AAAD,Off-peak bars,0,,#6F994E,P70 line,0,,#F2B701,P80 line,0,,#F28E2B,P90 line,0,,#3E839E,Peak bars,0,,#0B4F79,Peak census line,0,,12,Length of peak period,0,integer,auto,Peak period parameter mode,0,,6,Start for peak period,0,integer,vis_10_title,,,,vis_10_title,,,,vis_10_legend,,,,vis_10_legend,,,,vis_10_parameters,,,,vis_10_param,,,,_room_need_,,,,vis_10_tbl01,,,,vis_10__,,,,vis_10_image,,,,,,,,,,,,,,,,,,,,group3,,,,3,,,,pptx_template.vis_10.test.pptx,,,,8,,,,,,,,,,,,,,,,,,,,,,,,,,,,,,,,,,,,,,,,#D40062,Room need line,0,,,,,,,,,,,,,,1/1/2021,12,Subtitle font size,0,,8,Axis tick label size,0,,#d9d9d9,Background color,0,,16,Title font size,0,,0.3,Title image height,0,,bold,Title font weight,0,,13.33,Title image width,0,,,,,,,,,,,,,,,,,,,,,,cohort,0.85,Capacity Utilization Factor,1,percent0,0,Growth adjustment factor,0,percent0,,,,,1,,,,,0,Axis decimal places,0,,raw,raw count percent formatting mode,0,,1,Axis multiplier,0,,,Axis suffix,0,,,,,,fiscal
N,vis_10,vis_10,adf,adf.m,male,Male Detainees,(sex == 'M'),adf,m,,,,,,,,,,,,,,,,,,,,,,,,,,,,,,,,,,,,,,,,,,,,,,,,,,,,,,,,,,,,,,,,,,,,,,,,,,,,,week,Aggregation level (hour/day_of_week/month/week),0,,,,,,,,,,,,,,30,,,,#2ca02c,,,,--,,,,1.25,,,,TRUE,,,,,,,,,,,,,,,,,,,,,,,,,,,,,,,,,,,,,,,,,,,,,,,,LC ADF,300,Image resolution,0,,,,,,1,12/31/2025,1,ESI 1 volume multiplier,0,percent0,1,ESI 2 volume multiplier,0,percent0,1,ESI 3 volume multiplier,0,percent0,1,ESI 4 volume multiplier,0,percent0,1,ESI 5 volume multiplier,0,percent0,,,,,6,Figure height,0,,10,Figure width,0,,,,,,,,,,Segoe UI,Global font family,0,,,,,,0,Display start value for graph,0,hour12,TRUE,,,,,,,,,,,,10,Legend font size,0,,3,Legend height,0,,2,Legend columns,0,,4,Legend width,0,,,,,,#A7AAAD,Off-peak bars,0,,#6F994E,P70 line,0,,#F2B701,P80 line,0,,#F28E2B,P90 line,0,,#3E839E,Peak bars,0,,#0B4F79,Peak census line,0,,12,Length of peak period,0,integer,auto,Peak period parameter mode,0,,6,Start for peak period,0,integer,vis_10_title,,,,vis_10_title,,,,vis_10_legend,,,,vis_10_legend,,,,vis_10_parameters,,,,vis_10_param,,,,_room_need_,,,,vis_10_tbl01,,,,vis_10__,,,,vis_10_image,,,,,,,,,,,,,,,,,,,,group3,,,,3,,,,pptx_template.vis_10.test.pptx,,,,8,,,,,,,,,,,,,,,,,,,,,,,,,,,,,,,,,,,,,,,,#D40062,Room need line,0,,,,,,,,,,,,,,1/1/2021,12,Subtitle font size,0,,8,Axis tick label size,0,,#d9d9d9,Background color,0,,16,Title font size,0,,0.3,Title image height,0,,bold,Title font weight,0,,13.33,Title image width,0,,,,,,,,,,,,,,,,,,,,,,cohort,0.85,Capacity Utilization Factor,1,percent0,0,Growth adjustment factor,0,percent0,,,,,1,,,,,0,Axis decimal places,0,,raw,raw count percent formatting mode,0,,1,Axis multiplier,0,,,Axis suffix,0,,,,,,fiscal
N,vis_10,vis_10,adf,adf.m.55plus,male.55plus,Male Detainees 55+,((sex == 'M')) & (age_bracket == 'adult 55+'),adf,m.55plus,,,,,,,,,,,,,,,,,,,,,,,,,,,,,,,,,,,,,,,,,,,,,,,,,,,,,,,,,,,,,,,,,,,,,,,,,,,,,week,Aggregation level (hour/day_of_week/month/week),0,,,,,,,,,,,,,,30,,,,#2ca02c,,,,--,,,,1.25,,,,TRUE,,,,,,,,,,,,,,,,,,,,,,,,,,,,,,,,,,,,,,,,,,,,,,,,LC ADF,300,Image resolution,0,,,,,,1,12/31/2025,1,ESI 1 volume multiplier,0,percent0,1,ESI 2 volume multiplier,0,percent0,1,ESI 3 volume multiplier,0,percent0,1,ESI 4 volume multiplier,0,percent0,1,ESI 5 volume multiplier,0,percent0,,,,,6,Figure height,0,,10,Figure width,0,,,,,,,,,,Segoe UI,Global font family,0,,,,,,0,Display start value for graph,0,hour12,TRUE,,,,,,,,,,,,10,Legend font size,0,,3,Legend height,0,,2,Legend columns,0,,4,Legend width,0,,,,,,#A7AAAD,Off-peak bars,0,,#6F994E,P70 line,0,,#F2B701,P80 line,0,,#F28E2B,P90 line,0,,#3E839E,Peak bars,0,,#0B4F79,Peak census line,0,,12,Length of peak period,0,integer,auto,Peak period parameter mode,0,,6,Start for peak period,0,integer,vis_10_title,,,,vis_10_title,,,,vis_10_legend,,,,vis_10_legend,,,,vis_10_parameters,,,,vis_10_param,,,,_room_need_,,,,vis_10_tbl01,,,,vis_10__,,,,vis_10_image,,,,,,,,,,,,,,,,,,,,group3,,,,3,,,,pptx_template.vis_10.test.pptx,,,,8,,,,,,,,,,,,,,,,,,,,,,,,,,,,,,,,,,,,,,,,#D40062,Room need line,0,,,,,,,,,,,,,,1/1/2021,12,Subtitle font size,0,,8,Axis tick label size,0,,#d9d9d9,Background color,0,,16,Title font size,0,,0.3,Title image height,0,,bold,Title font weight,0,,13.33,Title image width,0,,,,,,,,,,,,,,,,,,,,,,cohort,0.85,Capacity Utilization Factor,1,percent0,0,Growth adjustment factor,0,percent0,,,,,1,,,,,0,Axis decimal places,0,,raw,raw count percent formatting mode,0,,1,Axis multiplier,0,,,Axis suffix,0,,,,,,fiscal
N,vis_10,vis_10,adf,adf.m.ch_high,male.chronic_high,Male Detainees Highly Severe Chronic Health Condition,((sex == 'M')) & (chronic_status == 'HIGH'),adf,m.ch_high,,,,,,,,,,,,,,,,,,,,,,,,,,,,,,,,,,,,,,,,,,,,,,,,,,,,,,,,,,,,,,,,,,,,,,,,,,,,,week,Aggregation level (hour/day_of_week/month/week),0,,,,,,,,,,,,,,30,,,,#2ca02c,,,,--,,,,1.25,,,,TRUE,,,,,,,,,,,,,,,,,,,,,,,,,,,,,,,,,,,,,,,,,,,,,,,,LC ADF,300,Image resolution,0,,,,,,1,12/31/2025,1,ESI 1 volume multiplier,0,percent0,1,ESI 2 volume multiplier,0,percent0,1,ESI 3 volume multiplier,0,percent0,1,ESI 4 volume multiplier,0,percent0,1,ESI 5 volume multiplier,0,percent0,,,,,6,Figure height,0,,10,Figure width,0,,,,,,,,,,Segoe UI,Global font family,0,,,,,,0,Display start value for graph,0,hour12,TRUE,,,,,,,,,,,,10,Legend font size,0,,3,Legend height,0,,2,Legend columns,0,,4,Legend width,0,,,,,,#A7AAAD,Off-peak bars,0,,#6F994E,P70 line,0,,#F2B701,P80 line,0,,#F28E2B,P90 line,0,,#3E839E,Peak bars,0,,#0B4F79,Peak census line,0,,12,Length of peak period,0,integer,auto,Peak period parameter mode,0,,6,Start for peak period,0,integer,vis_10_title,,,,vis_10_title,,,,vis_10_legend,,,,vis_10_legend,,,,vis_10_parameters,,,,vis_10_param,,,,_room_need_,,,,vis_10_tbl01,,,,vis_10__,,,,vis_10_image,,,,,,,,,,,,,,,,,,,,group3,,,,3,,,,pptx_template.vis_10.test.pptx,,,,8,,,,,,,,,,,,,,,,,,,,,,,,,,,,,,,,,,,,,,,,#D40062,Room need line,0,,,,,,,,,,,,,,1/1/2021,12,Subtitle font size,0,,8,Axis tick label size,0,,#d9d9d9,Background color,0,,16,Title font size,0,,0.3,Title image height,0,,bold,Title font weight,0,,13.33,Title image width,0,,,,,,,,,,,,,,,,,,,,,,cohort,0.85,Capacity Utilization Factor,1,percent0,0,Growth adjustment factor,0,percent0,,,,,1,,,,,0,Axis decimal places,0,,raw,raw count percent formatting mode,0,,1,Axis multiplier,0,,,Axis suffix,0,,,,,,fiscal
N,vis_10,vis_10,adf,adf.m.ch_low_mod_no,male.chronic_low_moderate_no_chronic,Male Detainees Low/Moderate/No Chronic Health Condition,"((sex == 'M')) & (chronic_status .isin(['LOW','MODERATE','NO CHRONIC CONDITION']))",adf,m.ch_low_mod_no,,,,,,,,,,,,,,,,,,,,,,,,,,,,,,,,,,,,,,,,,,,,,,,,,,,,,,,,,,,,,,,,,,,,,,,,,,,,,week,Aggregation level (hour/day_of_week/month/week),0,,,,,,,,,,,,,,30,,,,#2ca02c,,,,--,,,,1.25,,,,TRUE,,,,,,,,,,,,,,,,,,,,,,,,,,,,,,,,,,,,,,,,,,,,,,,,LC ADF,300,Image resolution,0,,,,,,1,12/31/2025,1,ESI 1 volume multiplier,0,percent0,1,ESI 2 volume multiplier,0,percent0,1,ESI 3 volume multiplier,0,percent0,1,ESI 4 volume multiplier,0,percent0,1,ESI 5 volume multiplier,0,percent0,,,,,6,Figure height,0,,10,Figure width,0,,,,,,,,,,Segoe UI,Global font family,0,,,,,,0,Display start value for graph,0,hour12,TRUE,,,,,,,,,,,,10,Legend font size,0,,3,Legend height,0,,2,Legend columns,0,,4,Legend width,0,,,,,,#A7AAAD,Off-peak bars,0,,#6F994E,P70 line,0,,#F2B701,P80 line,0,,#F28E2B,P90 line,0,,#3E839E,Peak bars,0,,#0B4F79,Peak census line,0,,12,Length of peak period,0,integer,auto,Peak period parameter mode,0,,6,Start for peak period,0,integer,vis_10_title,,,,vis_10_title,,,,vis_10_legend,,,,vis_10_legend,,,,vis_10_parameters,,,,vis_10_param,,,,_room_need_,,,,vis_10_tbl01,,,,vis_10__,,,,vis_10_image,,,,,,,,,,,,,,,,,,,,group3,,,,3,,,,pptx_template.vis_10.test.pptx,,,,8,,,,,,,,,,,,,,,,,,,,,,,,,,,,,,,,,,,,,,,,#D40062,Room need line,0,,,,,,,,,,,,,,1/1/2021,12,Subtitle font size,0,,8,Axis tick label size,0,,#d9d9d9,Background color,0,,16,Title font size,0,,0.3,Title image height,0,,bold,Title font weight,0,,13.33,Title image width,0,,,,,,,,,,,,,,,,,,,,,,cohort,0.85,Capacity Utilization Factor,1,percent0,0,Growth adjustment factor,0,percent0,,,,,1,,,,,0,Axis decimal places,0,,raw,raw count percent formatting mode,0,,1,Axis multiplier,0,,,Axis suffix,0,,,,,,fiscal
N,vis_10,vis_10,adf,adf.m.u55,male.u55,Male Detainees Under 55,((sex == 'M')) & (age_bracket == 'adult under 55'),adf,m.u55,,,,,,,,,,,,,,,,,,,,,,,,,,,,,,,,,,,,,,,,,,,,,,,,,,,,,,,,,,,,,,,,,,,,,,,,,,,,,week,Aggregation level (hour/day_of_week/month/week),0,,,,,,,,,,,,,,30,,,,#2ca02c,,,,--,,,,1.25,,,,TRUE,,,,,,,,,,,,,,,,,,,,,,,,,,,,,,,,,,,,,,,,,,,,,,,,LC ADF,300,Image resolution,0,,,,,,1,12/31/2025,1,ESI 1 volume multiplier,0,percent0,1,ESI 2 volume multiplier,0,percent0,1,ESI 3 volume multiplier,0,percent0,1,ESI 4 volume multiplier,0,percent0,1,ESI 5 volume multiplier,0,percent0,,,,,6,Figure height,0,,10,Figure width,0,,,,,,,,,,Segoe UI,Global font family,0,,,,,,0,Display start value for graph,0,hour12,TRUE,,,,,,,,,,,,10,Legend font size,0,,3,Legend height,0,,2,Legend columns,0,,4,Legend width,0,,,,,,#A7AAAD,Off-peak bars,0,,#6F994E,P70 line,0,,#F2B701,P80 line,0,,#F28E2B,P90 line,0,,#3E839E,Peak bars,0,,#0B4F79,Peak census line,0,,12,Length of peak period,0,integer,auto,Peak period parameter mode,0,,6,Start for peak period,0,integer,vis_10_title,,,,vis_10_title,,,,vis_10_legend,,,,vis_10_legend,,,,vis_10_parameters,,,,vis_10_param,,,,_room_need_,,,,vis_10_tbl01,,,,vis_10__,,,,vis_10_image,,,,,,,,,,,,,,,,,,,,group3,,,,3,,,,pptx_template.vis_10.test.pptx,,,,8,,,,,,,,,,,,,,,,,,,,,,,,,,,,,,,,,,,,,,,,#D40062,Room need line,0,,,,,,,,,,,,,,1/1/2021,12,Subtitle font size,0,,8,Axis tick label size,0,,#d9d9d9,Background color,0,,16,Title font size,0,,0.3,Title image height,0,,bold,Title font weight,0,,13.33,Title image width,0,,,,,,,,,,,,,,,,,,,,,,cohort,0.85,Capacity Utilization Factor,1,percent0,0,Growth adjustment factor,0,percent0,,,,,1,,,,,0,Axis decimal places,0,,raw,raw count percent formatting mode,0,,1,Axis multiplier,0,,,Axis suffix,0,,,,,,fiscal
N,vis_10,vis_10,adf,adf.max,maximum,Maximum Custody,(custody_class.isin(['MAX'])),adf,max,,,,,,,,,,,,,,,,,,,,,,,,,,,,,,,,,,,,,,,,,,,,,,,,,,,,,,,,,,,,,,,,,,,,,,,,,,,,,week,Aggregation level (hour/day_of_week/month/week),0,,,,,,,,,,,,,,30,,,,#2ca02c,,,,--,,,,1.25,,,,TRUE,,,,,,,,,,,,,,,,,,,,,,,,,,,,,,,,,,,,,,,,,,,,,,,,LC ADF,300,Image resolution,0,,,,,,1,12/31/2025,1,ESI 1 volume multiplier,0,percent0,1,ESI 2 volume multiplier,0,percent0,1,ESI 3 volume multiplier,0,percent0,1,ESI 4 volume multiplier,0,percent0,1,ESI 5 volume multiplier,0,percent0,,,,,6,Figure height,0,,10,Figure width,0,,,,,,,,,,Segoe UI,Global font family,0,,,,,,0,Display start value for graph,0,hour12,TRUE,,,,,,,,,,,,10,Legend font size,0,,3,Legend height,0,,2,Legend columns,0,,4,Legend width,0,,,,,,#A7AAAD,Off-peak bars,0,,#6F994E,P70 line,0,,#F2B701,P80 line,0,,#F28E2B,P90 line,0,,#3E839E,Peak bars,0,,#0B4F79,Peak census line,0,,12,Length of peak period,0,integer,auto,Peak period parameter mode,0,,6,Start for peak period,0,integer,vis_10_title,,,,vis_10_title,,,,vis_10_legend,,,,vis_10_legend,,,,vis_10_parameters,,,,vis_10_param,,,,_room_need_,,,,vis_10_tbl01,,,,vis_10__,,,,vis_10_image,,,,,,,,,,,,,,,,,,,,group3,,,,3,,,,pptx_template.vis_10.test.pptx,,,,8,,,,,,,,,,,,,,,,,,,,,,,,,,,,,,,,,,,,,,,,#D40062,Room need line,0,,,,,,,,,,,,,,1/1/2021,12,Subtitle font size,0,,8,Axis tick label size,0,,#d9d9d9,Background color,0,,16,Title font size,0,,0.3,Title image height,0,,bold,Title font weight,0,,13.33,Title image width,0,,,,,,,,,,,,,,,,,,,,,,cohort,0.85,Capacity Utilization Factor,1,percent0,0,Growth adjustment factor,0,percent0,,,,,1,,,,,0,Axis decimal places,0,,raw,raw count percent formatting mode,0,,1,Axis multiplier,0,,,Axis suffix,0,,,,,,fiscal
N,vis_10,vis_10,adf,adf.max.55plus,maximum.55plus,Maximum Custody 55+,((custody_class.isin(['MAX']))) & (age_bracket == 'adult 55+'),adf,max.55plus,,,,,,,,,,,,,,,,,,,,,,,,,,,,,,,,,,,,,,,,,,,,,,,,,,,,,,,,,,,,,,,,,,,,,,,,,,,,,week,Aggregation level (hour/day_of_week/month/week),0,,,,,,,,,,,,,,30,,,,#2ca02c,,,,--,,,,1.25,,,,TRUE,,,,,,,,,,,,,,,,,,,,,,,,,,,,,,,,,,,,,,,,,,,,,,,,LC ADF,300,Image resolution,0,,,,,,1,12/31/2025,1,ESI 1 volume multiplier,0,percent0,1,ESI 2 volume multiplier,0,percent0,1,ESI 3 volume multiplier,0,percent0,1,ESI 4 volume multiplier,0,percent0,1,ESI 5 volume multiplier,0,percent0,,,,,6,Figure height,0,,10,Figure width,0,,,,,,,,,,Segoe UI,Global font family,0,,,,,,0,Display start value for graph,0,hour12,TRUE,,,,,,,,,,,,10,Legend font size,0,,3,Legend height,0,,2,Legend columns,0,,4,Legend width,0,,,,,,#A7AAAD,Off-peak bars,0,,#6F994E,P70 line,0,,#F2B701,P80 line,0,,#F28E2B,P90 line,0,,#3E839E,Peak bars,0,,#0B4F79,Peak census line,0,,12,Length of peak period,0,integer,auto,Peak period parameter mode,0,,6,Start for peak period,0,integer,vis_10_title,,,,vis_10_title,,,,vis_10_legend,,,,vis_10_legend,,,,vis_10_parameters,,,,vis_10_param,,,,_room_need_,,,,vis_10_tbl01,,,,vis_10__,,,,vis_10_image,,,,,,,,,,,,,,,,,,,,group3,,,,3,,,,pptx_template.vis_10.test.pptx,,,,8,,,,,,,,,,,,,,,,,,,,,,,,,,,,,,,,,,,,,,,,#D40062,Room need line,0,,,,,,,,,,,,,,1/1/2021,12,Subtitle font size,0,,8,Axis tick label size,0,,#d9d9d9,Background color,0,,16,Title font size,0,,0.3,Title image height,0,,bold,Title font weight,0,,13.33,Title image width,0,,,,,,,,,,,,,,,,,,,,,,cohort,0.85,Capacity Utilization Factor,1,percent0,0,Growth adjustment factor,0,percent0,,,,,1,,,,,0,Axis decimal places,0,,raw,raw count percent formatting mode,0,,1,Axis multiplier,0,,,Axis suffix,0,,,,,,fiscal
N,vis_10,vis_10,adf,adf.max.ch_high,maximum.chronic_high,Maximum Custody Highly Severe Chronic Health Condition,((custody_class.isin(['MAX']))) & (chronic_status == 'HIGH'),adf,max.ch_high,,,,,,,,,,,,,,,,,,,,,,,,,,,,,,,,,,,,,,,,,,,,,,,,,,,,,,,,,,,,,,,,,,,,,,,,,,,,,week,Aggregation level (hour/day_of_week/month/week),0,,,,,,,,,,,,,,30,,,,#2ca02c,,,,--,,,,1.25,,,,TRUE,,,,,,,,,,,,,,,,,,,,,,,,,,,,,,,,,,,,,,,,,,,,,,,,LC ADF,300,Image resolution,0,,,,,,1,12/31/2025,1,ESI 1 volume multiplier,0,percent0,1,ESI 2 volume multiplier,0,percent0,1,ESI 3 volume multiplier,0,percent0,1,ESI 4 volume multiplier,0,percent0,1,ESI 5 volume multiplier,0,percent0,,,,,6,Figure height,0,,10,Figure width,0,,,,,,,,,,Segoe UI,Global font family,0,,,,,,0,Display start value for graph,0,hour12,TRUE,,,,,,,,,,,,10,Legend font size,0,,3,Legend height,0,,2,Legend columns,0,,4,Legend width,0,,,,,,#A7AAAD,Off-peak bars,0,,#6F994E,P70 line,0,,#F2B701,P80 line,0,,#F28E2B,P90 line,0,,#3E839E,Peak bars,0,,#0B4F79,Peak census line,0,,12,Length of peak period,0,integer,auto,Peak period parameter mode,0,,6,Start for peak period,0,integer,vis_10_title,,,,vis_10_title,,,,vis_10_legend,,,,vis_10_legend,,,,vis_10_parameters,,,,vis_10_param,,,,_room_need_,,,,vis_10_tbl01,,,,vis_10__,,,,vis_10_image,,,,,,,,,,,,,,,,,,,,group3,,,,3,,,,pptx_template.vis_10.test.pptx,,,,8,,,,,,,,,,,,,,,,,,,,,,,,,,,,,,,,,,,,,,,,#D40062,Room need line,0,,,,,,,,,,,,,,1/1/2021,12,Subtitle font size,0,,8,Axis tick label size,0,,#d9d9d9,Background color,0,,16,Title font size,0,,0.3,Title image height,0,,bold,Title font weight,0,,13.33,Title image width,0,,,,,,,,,,,,,,,,,,,,,,cohort,0.85,Capacity Utilization Factor,1,percent0,0,Growth adjustment factor,0,percent0,,,,,1,,,,,0,Axis decimal places,0,,raw,raw count percent formatting mode,0,,1,Axis multiplier,0,,,Axis suffix,0,,,,,,fiscal
N,vis_10,vis_10,adf,adf.max.ch_low_mod_no,maximum.chronic_low_moderate_no_chronic,Maximum Custody Low/Moderate/No Chronic Health Condition,"((custody_class.isin(['MAX']))) & (chronic_status .isin(['LOW','MODERATE','NO CHRONIC CONDITION']))",adf,max.ch_low_mod_no,,,,,,,,,,,,,,,,,,,,,,,,,,,,,,,,,,,,,,,,,,,,,,,,,,,,,,,,,,,,,,,,,,,,,,,,,,,,,week,Aggregation level (hour/day_of_week/month/week),0,,,,,,,,,,,,,,30,,,,#2ca02c,,,,--,,,,1.25,,,,TRUE,,,,,,,,,,,,,,,,,,,,,,,,,,,,,,,,,,,,,,,,,,,,,,,,LC ADF,300,Image resolution,0,,,,,,1,12/31/2025,1,ESI 1 volume multiplier,0,percent0,1,ESI 2 volume multiplier,0,percent0,1,ESI 3 volume multiplier,0,percent0,1,ESI 4 volume multiplier,0,percent0,1,ESI 5 volume multiplier,0,percent0,,,,,6,Figure height,0,,10,Figure width,0,,,,,,,,,,Segoe UI,Global font family,0,,,,,,0,Display start value for graph,0,hour12,TRUE,,,,,,,,,,,,10,Legend font size,0,,3,Legend height,0,,2,Legend columns,0,,4,Legend width,0,,,,,,#A7AAAD,Off-peak bars,0,,#6F994E,P70 line,0,,#F2B701,P80 line,0,,#F28E2B,P90 line,0,,#3E839E,Peak bars,0,,#0B4F79,Peak census line,0,,12,Length of peak period,0,integer,auto,Peak period parameter mode,0,,6,Start for peak period,0,integer,vis_10_title,,,,vis_10_title,,,,vis_10_legend,,,,vis_10_legend,,,,vis_10_parameters,,,,vis_10_param,,,,_room_need_,,,,vis_10_tbl01,,,,vis_10__,,,,vis_10_image,,,,,,,,,,,,,,,,,,,,group3,,,,3,,,,pptx_template.vis_10.test.pptx,,,,8,,,,,,,,,,,,,,,,,,,,,,,,,,,,,,,,,,,,,,,,#D40062,Room need line,0,,,,,,,,,,,,,,1/1/2021,12,Subtitle font size,0,,8,Axis tick label size,0,,#d9d9d9,Background color,0,,16,Title font size,0,,0.3,Title image height,0,,bold,Title font weight,0,,13.33,Title image width,0,,,,,,,,,,,,,,,,,,,,,,cohort,0.85,Capacity Utilization Factor,1,percent0,0,Growth adjustment factor,0,percent0,,,,,1,,,,,0,Axis decimal places,0,,raw,raw count percent formatting mode,0,,1,Axis multiplier,0,,,Axis suffix,0,,,,,,fiscal
N,vis_10,vis_10,adf,adf.max.f,maximum.female,Maximum Custody Female,((custody_class.isin(['MAX']))) & (sex == 'F'),adf,max.f,,,,,,,,,,,,,,,,,,,,,,,,,,,,,,,,,,,,,,,,,,,,,,,,,,,,,,,,,,,,,,,,,,,,,,,,,,,,,week,Aggregation level (hour/day_of_week/month/week),0,,,,,,,,,,,,,,30,,,,#2ca02c,,,,--,,,,1.25,,,,TRUE,,,,,,,,,,,,,,,,,,,,,,,,,,,,,,,,,,,,,,,,,,,,,,,,LC ADF,300,Image resolution,0,,,,,,1,12/31/2025,1,ESI 1 volume multiplier,0,percent0,1,ESI 2 volume multiplier,0,percent0,1,ESI 3 volume multiplier,0,percent0,1,ESI 4 volume multiplier,0,percent0,1,ESI 5 volume multiplier,0,percent0,,,,,6,Figure height,0,,10,Figure width,0,,,,,,,,,,Segoe UI,Global font family,0,,,,,,0,Display start value for graph,0,hour12,TRUE,,,,,,,,,,,,10,Legend font size,0,,3,Legend height,0,,2,Legend columns,0,,4,Legend width,0,,,,,,#A7AAAD,Off-peak bars,0,,#6F994E,P70 line,0,,#F2B701,P80 line,0,,#F28E2B,P90 line,0,,#3E839E,Peak bars,0,,#0B4F79,Peak census line,0,,12,Length of peak period,0,integer,auto,Peak period parameter mode,0,,6,Start for peak period,0,integer,vis_10_title,,,,vis_10_title,,,,vis_10_legend,,,,vis_10_legend,,,,vis_10_parameters,,,,vis_10_param,,,,_room_need_,,,,vis_10_tbl01,,,,vis_10__,,,,vis_10_image,,,,,,,,,,,,,,,,,,,,group3,,,,3,,,,pptx_template.vis_10.test.pptx,,,,8,,,,,,,,,,,,,,,,,,,,,,,,,,,,,,,,,,,,,,,,#D40062,Room need line,0,,,,,,,,,,,,,,1/1/2021,12,Subtitle font size,0,,8,Axis tick label size,0,,#d9d9d9,Background color,0,,16,Title font size,0,,0.3,Title image height,0,,bold,Title font weight,0,,13.33,Title image width,0,,,,,,,,,,,,,,,,,,,,,,cohort,0.85,Capacity Utilization Factor,1,percent0,0,Growth adjustment factor,0,percent0,,,,,1,,,,,0,Axis decimal places,0,,raw,raw count percent formatting mode,0,,1,Axis multiplier,0,,,Axis suffix,0,,,,,,fiscal
N,vis_10,vis_10,adf,adf.max.f.55plus,maximum.female.55plus,Maximum Custody Female 55+,(((custody_class.isin(['MAX']))) & (sex == 'F')) & (age_bracket == 'adult 55+'),adf,max.f.55plus,,,,,,,,,,,,,,,,,,,,,,,,,,,,,,,,,,,,,,,,,,,,,,,,,,,,,,,,,,,,,,,,,,,,,,,,,,,,,week,Aggregation level (hour/day_of_week/month/week),0,,,,,,,,,,,,,,30,,,,#2ca02c,,,,--,,,,1.25,,,,TRUE,,,,,,,,,,,,,,,,,,,,,,,,,,,,,,,,,,,,,,,,,,,,,,,,LC ADF,300,Image resolution,0,,,,,,1,12/31/2025,1,ESI 1 volume multiplier,0,percent0,1,ESI 2 volume multiplier,0,percent0,1,ESI 3 volume multiplier,0,percent0,1,ESI 4 volume multiplier,0,percent0,1,ESI 5 volume multiplier,0,percent0,,,,,6,Figure height,0,,10,Figure width,0,,,,,,,,,,Segoe UI,Global font family,0,,,,,,0,Display start value for graph,0,hour12,TRUE,,,,,,,,,,,,10,Legend font size,0,,3,Legend height,0,,2,Legend columns,0,,4,Legend width,0,,,,,,#A7AAAD,Off-peak bars,0,,#6F994E,P70 line,0,,#F2B701,P80 line,0,,#F28E2B,P90 line,0,,#3E839E,Peak bars,0,,#0B4F79,Peak census line,0,,12,Length of peak period,0,integer,auto,Peak period parameter mode,0,,6,Start for peak period,0,integer,vis_10_title,,,,vis_10_title,,,,vis_10_legend,,,,vis_10_legend,,,,vis_10_parameters,,,,vis_10_param,,,,_room_need_,,,,vis_10_tbl01,,,,vis_10__,,,,vis_10_image,,,,,,,,,,,,,,,,,,,,group3,,,,3,,,,pptx_template.vis_10.test.pptx,,,,8,,,,,,,,,,,,,,,,,,,,,,,,,,,,,,,,,,,,,,,,#D40062,Room need line,0,,,,,,,,,,,,,,1/1/2021,12,Subtitle font size,0,,8,Axis tick label size,0,,#d9d9d9,Background color,0,,16,Title font size,0,,0.3,Title image height,0,,bold,Title font weight,0,,13.33,Title image width,0,,,,,,,,,,,,,,,,,,,,,,cohort,0.85,Capacity Utilization Factor,1,percent0,0,Growth adjustment factor,0,percent0,,,,,1,,,,,0,Axis decimal places,0,,raw,raw count percent formatting mode,0,,1,Axis multiplier,0,,,Axis suffix,0,,,,,,fiscal
N,vis_10,vis_10,adf,adf.max.f.ch_high,maximum.female.chronic_high,Maximum Custody Female Highly Severe Chronic Health Condition,(((custody_class.isin(['MAX']))) & (sex == 'F')) & (chronic_status == 'HIGH'),adf,max.f.ch_high,,,,,,,,,,,,,,,,,,,,,,,,,,,,,,,,,,,,,,,,,,,,,,,,,,,,,,,,,,,,,,,,,,,,,,,,,,,,,week,Aggregation level (hour/day_of_week/month/week),0,,,,,,,,,,,,,,30,,,,#2ca02c,,,,--,,,,1.25,,,,TRUE,,,,,,,,,,,,,,,,,,,,,,,,,,,,,,,,,,,,,,,,,,,,,,,,LC ADF,300,Image resolution,0,,,,,,1,12/31/2025,1,ESI 1 volume multiplier,0,percent0,1,ESI 2 volume multiplier,0,percent0,1,ESI 3 volume multiplier,0,percent0,1,ESI 4 volume multiplier,0,percent0,1,ESI 5 volume multiplier,0,percent0,,,,,6,Figure height,0,,10,Figure width,0,,,,,,,,,,Segoe UI,Global font family,0,,,,,,0,Display start value for graph,0,hour12,TRUE,,,,,,,,,,,,10,Legend font size,0,,3,Legend height,0,,2,Legend columns,0,,4,Legend width,0,,,,,,#A7AAAD,Off-peak bars,0,,#6F994E,P70 line,0,,#F2B701,P80 line,0,,#F28E2B,P90 line,0,,#3E839E,Peak bars,0,,#0B4F79,Peak census line,0,,12,Length of peak period,0,integer,auto,Peak period parameter mode,0,,6,Start for peak period,0,integer,vis_10_title,,,,vis_10_title,,,,vis_10_legend,,,,vis_10_legend,,,,vis_10_parameters,,,,vis_10_param,,,,_room_need_,,,,vis_10_tbl01,,,,vis_10__,,,,vis_10_image,,,,,,,,,,,,,,,,,,,,group3,,,,3,,,,pptx_template.vis_10.test.pptx,,,,8,,,,,,,,,,,,,,,,,,,,,,,,,,,,,,,,,,,,,,,,#D40062,Room need line,0,,,,,,,,,,,,,,1/1/2021,12,Subtitle font size,0,,8,Axis tick label size,0,,#d9d9d9,Background color,0,,16,Title font size,0,,0.3,Title image height,0,,bold,Title font weight,0,,13.33,Title image width,0,,,,,,,,,,,,,,,,,,,,,,cohort,0.85,Capacity Utilization Factor,1,percent0,0,Growth adjustment factor,0,percent0,,,,,1,,,,,0,Axis decimal places,0,,raw,raw count percent formatting mode,0,,1,Axis multiplier,0,,,Axis suffix,0,,,,,,fiscal
N,vis_10,vis_10,adf,adf.max.f.ch_low_mod_no,maximum.female.chronic_low_moderate_no_chronic,Maximum Custody Female Low/Moderate/No Chronic Health Condition,"(((custody_class.isin(['MAX']))) & (sex == 'F')) & (chronic_status .isin(['LOW','MODERATE','NO CHRONIC CONDITION']))",adf,max.f.ch_low_mod_no,,,,,,,,,,,,,,,,,,,,,,,,,,,,,,,,,,,,,,,,,,,,,,,,,,,,,,,,,,,,,,,,,,,,,,,,,,,,,week,Aggregation level (hour/day_of_week/month/week),0,,,,,,,,,,,,,,30,,,,#2ca02c,,,,--,,,,1.25,,,,TRUE,,,,,,,,,,,,,,,,,,,,,,,,,,,,,,,,,,,,,,,,,,,,,,,,LC ADF,300,Image resolution,0,,,,,,1,12/31/2025,1,ESI 1 volume multiplier,0,percent0,1,ESI 2 volume multiplier,0,percent0,1,ESI 3 volume multiplier,0,percent0,1,ESI 4 volume multiplier,0,percent0,1,ESI 5 volume multiplier,0,percent0,,,,,6,Figure height,0,,10,Figure width,0,,,,,,,,,,Segoe UI,Global font family,0,,,,,,0,Display start value for graph,0,hour12,TRUE,,,,,,,,,,,,10,Legend font size,0,,3,Legend height,0,,2,Legend columns,0,,4,Legend width,0,,,,,,#A7AAAD,Off-peak bars,0,,#6F994E,P70 line,0,,#F2B701,P80 line,0,,#F28E2B,P90 line,0,,#3E839E,Peak bars,0,,#0B4F79,Peak census line,0,,12,Length of peak period,0,integer,auto,Peak period parameter mode,0,,6,Start for peak period,0,integer,vis_10_title,,,,vis_10_title,,,,vis_10_legend,,,,vis_10_legend,,,,vis_10_parameters,,,,vis_10_param,,,,_room_need_,,,,vis_10_tbl01,,,,vis_10__,,,,vis_10_image,,,,,,,,,,,,,,,,,,,,group3,,,,3,,,,pptx_template.vis_10.test.pptx,,,,8,,,,,,,,,,,,,,,,,,,,,,,,,,,,,,,,,,,,,,,,#D40062,Room need line,0,,,,,,,,,,,,,,1/1/2021,12,Subtitle font size,0,,8,Axis tick label size,0,,#d9d9d9,Background color,0,,16,Title font size,0,,0.3,Title image height,0,,bold,Title font weight,0,,13.33,Title image width,0,,,,,,,,,,,,,,,,,,,,,,cohort,0.85,Capacity Utilization Factor,1,percent0,0,Growth adjustment factor,0,percent0,,,,,1,,,,,0,Axis decimal places,0,,raw,raw count percent formatting mode,0,,1,Axis multiplier,0,,,Axis suffix,0,,,,,,fiscal
N,vis_10,vis_10,adf,adf.max.f.u55,maximum.female.u55,Maximum Custody Female Under 55,(((custody_class.isin(['MAX']))) & (sex == 'F')) & (age_bracket == 'adult under 55'),adf,max.f.u55,,,,,,,,,,,,,,,,,,,,,,,,,,,,,,,,,,,,,,,,,,,,,,,,,,,,,,,,,,,,,,,,,,,,,,,,,,,,,week,Aggregation level (hour/day_of_week/month/week),0,,,,,,,,,,,,,,30,,,,#2ca02c,,,,--,,,,1.25,,,,TRUE,,,,,,,,,,,,,,,,,,,,,,,,,,,,,,,,,,,,,,,,,,,,,,,,LC ADF,300,Image resolution,0,,,,,,1,12/31/2025,1,ESI 1 volume multiplier,0,percent0,1,ESI 2 volume multiplier,0,percent0,1,ESI 3 volume multiplier,0,percent0,1,ESI 4 volume multiplier,0,percent0,1,ESI 5 volume multiplier,0,percent0,,,,,6,Figure height,0,,10,Figure width,0,,,,,,,,,,Segoe UI,Global font family,0,,,,,,0,Display start value for graph,0,hour12,TRUE,,,,,,,,,,,,10,Legend font size,0,,3,Legend height,0,,2,Legend columns,0,,4,Legend width,0,,,,,,#A7AAAD,Off-peak bars,0,,#6F994E,P70 line,0,,#F2B701,P80 line,0,,#F28E2B,P90 line,0,,#3E839E,Peak bars,0,,#0B4F79,Peak census line,0,,12,Length of peak period,0,integer,auto,Peak period parameter mode,0,,6,Start for peak period,0,integer,vis_10_title,,,,vis_10_title,,,,vis_10_legend,,,,vis_10_legend,,,,vis_10_parameters,,,,vis_10_param,,,,_room_need_,,,,vis_10_tbl01,,,,vis_10__,,,,vis_10_image,,,,,,,,,,,,,,,,,,,,group3,,,,3,,,,pptx_template.vis_10.test.pptx,,,,8,,,,,,,,,,,,,,,,,,,,,,,,,,,,,,,,,,,,,,,,#D40062,Room need line,0,,,,,,,,,,,,,,1/1/2021,12,Subtitle font size,0,,8,Axis tick label size,0,,#d9d9d9,Background color,0,,16,Title font size,0,,0.3,Title image height,0,,bold,Title font weight,0,,13.33,Title image width,0,,,,,,,,,,,,,,,,,,,,,,cohort,0.85,Capacity Utilization Factor,1,percent0,0,Growth adjustment factor,0,percent0,,,,,1,,,,,0,Axis decimal places,0,,raw,raw count percent formatting mode,0,,1,Axis multiplier,0,,,Axis suffix,0,,,,,,fiscal
N,vis_10,vis_10,adf,adf.max.m,maximum.male,Maximum Custody Male,((custody_class.isin(['MAX']))) & (sex == 'M'),adf,max.m,,,,,,,,,,,,,,,,,,,,,,,,,,,,,,,,,,,,,,,,,,,,,,,,,,,,,,,,,,,,,,,,,,,,,,,,,,,,,week,Aggregation level (hour/day_of_week/month/week),0,,,,,,,,,,,,,,30,,,,#2ca02c,,,,--,,,,1.25,,,,TRUE,,,,,,,,,,,,,,,,,,,,,,,,,,,,,,,,,,,,,,,,,,,,,,,,LC ADF,300,Image resolution,0,,,,,,1,12/31/2025,1,ESI 1 volume multiplier,0,percent0,1,ESI 2 volume multiplier,0,percent0,1,ESI 3 volume multiplier,0,percent0,1,ESI 4 volume multiplier,0,percent0,1,ESI 5 volume multiplier,0,percent0,,,,,6,Figure height,0,,10,Figure width,0,,,,,,,,,,Segoe UI,Global font family,0,,,,,,0,Display start value for graph,0,hour12,TRUE,,,,,,,,,,,,10,Legend font size,0,,3,Legend height,0,,2,Legend columns,0,,4,Legend width,0,,,,,,#A7AAAD,Off-peak bars,0,,#6F994E,P70 line,0,,#F2B701,P80 line,0,,#F28E2B,P90 line,0,,#3E839E,Peak bars,0,,#0B4F79,Peak census line,0,,12,Length of peak period,0,integer,auto,Peak period parameter mode,0,,6,Start for peak period,0,integer,vis_10_title,,,,vis_10_title,,,,vis_10_legend,,,,vis_10_legend,,,,vis_10_parameters,,,,vis_10_param,,,,_room_need_,,,,vis_10_tbl01,,,,vis_10__,,,,vis_10_image,,,,,,,,,,,,,,,,,,,,group3,,,,3,,,,pptx_template.vis_10.test.pptx,,,,8,,,,,,,,,,,,,,,,,,,,,,,,,,,,,,,,,,,,,,,,#D40062,Room need line,0,,,,,,,,,,,,,,1/1/2021,12,Subtitle font size,0,,8,Axis tick label size,0,,#d9d9d9,Background color,0,,16,Title font size,0,,0.3,Title image height,0,,bold,Title font weight,0,,13.33,Title image width,0,,,,,,,,,,,,,,,,,,,,,,cohort,0.85,Capacity Utilization Factor,1,percent0,0,Growth adjustment factor,0,percent0,,,,,1,,,,,0,Axis decimal places,0,,raw,raw count percent formatting mode,0,,1,Axis multiplier,0,,,Axis suffix,0,,,,,,fiscal
N,vis_10,vis_10,adf,adf.max.m.55plus,maximum.male.55plus,Maximum Custody Male 55+,(((custody_class.isin(['MAX']))) & (sex == 'M')) & (age_bracket == 'adult 55+'),adf,max.m.55plus,,,,,,,,,,,,,,,,,,,,,,,,,,,,,,,,,,,,,,,,,,,,,,,,,,,,,,,,,,,,,,,,,,,,,,,,,,,,,week,Aggregation level (hour/day_of_week/month/week),0,,,,,,,,,,,,,,30,,,,#2ca02c,,,,--,,,,1.25,,,,TRUE,,,,,,,,,,,,,,,,,,,,,,,,,,,,,,,,,,,,,,,,,,,,,,,,LC ADF,300,Image resolution,0,,,,,,1,12/31/2025,1,ESI 1 volume multiplier,0,percent0,1,ESI 2 volume multiplier,0,percent0,1,ESI 3 volume multiplier,0,percent0,1,ESI 4 volume multiplier,0,percent0,1,ESI 5 volume multiplier,0,percent0,,,,,6,Figure height,0,,10,Figure width,0,,,,,,,,,,Segoe UI,Global font family,0,,,,,,0,Display start value for graph,0,hour12,TRUE,,,,,,,,,,,,10,Legend font size,0,,3,Legend height,0,,2,Legend columns,0,,4,Legend width,0,,,,,,#A7AAAD,Off-peak bars,0,,#6F994E,P70 line,0,,#F2B701,P80 line,0,,#F28E2B,P90 line,0,,#3E839E,Peak bars,0,,#0B4F79,Peak census line,0,,12,Length of peak period,0,integer,auto,Peak period parameter mode,0,,6,Start for peak period,0,integer,vis_10_title,,,,vis_10_title,,,,vis_10_legend,,,,vis_10_legend,,,,vis_10_parameters,,,,vis_10_param,,,,_room_need_,,,,vis_10_tbl01,,,,vis_10__,,,,vis_10_image,,,,,,,,,,,,,,,,,,,,group3,,,,3,,,,pptx_template.vis_10.test.pptx,,,,8,,,,,,,,,,,,,,,,,,,,,,,,,,,,,,,,,,,,,,,,#D40062,Room need line,0,,,,,,,,,,,,,,1/1/2021,12,Subtitle font size,0,,8,Axis tick label size,0,,#d9d9d9,Background color,0,,16,Title font size,0,,0.3,Title image height,0,,bold,Title font weight,0,,13.33,Title image width,0,,,,,,,,,,,,,,,,,,,,,,cohort,0.85,Capacity Utilization Factor,1,percent0,0,Growth adjustment factor,0,percent0,,,,,1,,,,,0,Axis decimal places,0,,raw,raw count percent formatting mode,0,,1,Axis multiplier,0,,,Axis suffix,0,,,,,,fiscal
N,vis_10,vis_10,adf,adf.max.m.ch_high,maximum.male.chronic_high,Maximum Custody Male Highly Severe Chronic Health Condition,(((custody_class.isin(['MAX']))) & (sex == 'M')) & (chronic_status == 'HIGH'),adf,max.m.ch_high,,,,,,,,,,,,,,,,,,,,,,,,,,,,,,,,,,,,,,,,,,,,,,,,,,,,,,,,,,,,,,,,,,,,,,,,,,,,,week,Aggregation level (hour/day_of_week/month/week),0,,,,,,,,,,,,,,30,,,,#2ca02c,,,,--,,,,1.25,,,,TRUE,,,,,,,,,,,,,,,,,,,,,,,,,,,,,,,,,,,,,,,,,,,,,,,,LC ADF,300,Image resolution,0,,,,,,1,12/31/2025,1,ESI 1 volume multiplier,0,percent0,1,ESI 2 volume multiplier,0,percent0,1,ESI 3 volume multiplier,0,percent0,1,ESI 4 volume multiplier,0,percent0,1,ESI 5 volume multiplier,0,percent0,,,,,6,Figure height,0,,10,Figure width,0,,,,,,,,,,Segoe UI,Global font family,0,,,,,,0,Display start value for graph,0,hour12,TRUE,,,,,,,,,,,,10,Legend font size,0,,3,Legend height,0,,2,Legend columns,0,,4,Legend width,0,,,,,,#A7AAAD,Off-peak bars,0,,#6F994E,P70 line,0,,#F2B701,P80 line,0,,#F28E2B,P90 line,0,,#3E839E,Peak bars,0,,#0B4F79,Peak census line,0,,12,Length of peak period,0,integer,auto,Peak period parameter mode,0,,6,Start for peak period,0,integer,vis_10_title,,,,vis_10_title,,,,vis_10_legend,,,,vis_10_legend,,,,vis_10_parameters,,,,vis_10_param,,,,_room_need_,,,,vis_10_tbl01,,,,vis_10__,,,,vis_10_image,,,,,,,,,,,,,,,,,,,,group3,,,,3,,,,pptx_template.vis_10.test.pptx,,,,8,,,,,,,,,,,,,,,,,,,,,,,,,,,,,,,,,,,,,,,,#D40062,Room need line,0,,,,,,,,,,,,,,1/1/2021,12,Subtitle font size,0,,8,Axis tick label size,0,,#d9d9d9,Background color,0,,16,Title font size,0,,0.3,Title image height,0,,bold,Title font weight,0,,13.33,Title image width,0,,,,,,,,,,,,,,,,,,,,,,cohort,0.85,Capacity Utilization Factor,1,percent0,0,Growth adjustment factor,0,percent0,,,,,1,,,,,0,Axis decimal places,0,,raw,raw count percent formatting mode,0,,1,Axis multiplier,0,,,Axis suffix,0,,,,,,fiscal
N,vis_10,vis_10,adf,adf.max.m.ch_low_mod_no,maximum.male.chronic_low_moderate_no_chronic,Maximum Custody Male Low/Moderate/No Chronic Health Condition,"(((custody_class.isin(['MAX']))) & (sex == 'M')) & (chronic_status .isin(['LOW','MODERATE','NO CHRONIC CONDITION']))",adf,max.m.ch_low_mod_no,,,,,,,,,,,,,,,,,,,,,,,,,,,,,,,,,,,,,,,,,,,,,,,,,,,,,,,,,,,,,,,,,,,,,,,,,,,,,week,Aggregation level (hour/day_of_week/month/week),0,,,,,,,,,,,,,,30,,,,#2ca02c,,,,--,,,,1.25,,,,TRUE,,,,,,,,,,,,,,,,,,,,,,,,,,,,,,,,,,,,,,,,,,,,,,,,LC ADF,300,Image resolution,0,,,,,,1,12/31/2025,1,ESI 1 volume multiplier,0,percent0,1,ESI 2 volume multiplier,0,percent0,1,ESI 3 volume multiplier,0,percent0,1,ESI 4 volume multiplier,0,percent0,1,ESI 5 volume multiplier,0,percent0,,,,,6,Figure height,0,,10,Figure width,0,,,,,,,,,,Segoe UI,Global font family,0,,,,,,0,Display start value for graph,0,hour12,TRUE,,,,,,,,,,,,10,Legend font size,0,,3,Legend height,0,,2,Legend columns,0,,4,Legend width,0,,,,,,#A7AAAD,Off-peak bars,0,,#6F994E,P70 line,0,,#F2B701,P80 line,0,,#F28E2B,P90 line,0,,#3E839E,Peak bars,0,,#0B4F79,Peak census line,0,,12,Length of peak period,0,integer,auto,Peak period parameter mode,0,,6,Start for peak period,0,integer,vis_10_title,,,,vis_10_title,,,,vis_10_legend,,,,vis_10_legend,,,,vis_10_parameters,,,,vis_10_param,,,,_room_need_,,,,vis_10_tbl01,,,,vis_10__,,,,vis_10_image,,,,,,,,,,,,,,,,,,,,group3,,,,3,,,,pptx_template.vis_10.test.pptx,,,,8,,,,,,,,,,,,,,,,,,,,,,,,,,,,,,,,,,,,,,,,#D40062,Room need line,0,,,,,,,,,,,,,,1/1/2021,12,Subtitle font size,0,,8,Axis tick label size,0,,#d9d9d9,Background color,0,,16,Title font size,0,,0.3,Title image height,0,,bold,Title font weight,0,,13.33,Title image width,0,,,,,,,,,,,,,,,,,,,,,,cohort,0.85,Capacity Utilization Factor,1,percent0,0,Growth adjustment factor,0,percent0,,,,,1,,,,,0,Axis decimal places,0,,raw,raw count percent formatting mode,0,,1,Axis multiplier,0,,,Axis suffix,0,,,,,,fiscal
N,vis_10,vis_10,adf,adf.max.m.u55,maximum.male.u55,Maximum Custody Male Under 55,(((custody_class.isin(['MAX']))) & (sex == 'M')) & (age_bracket == 'adult under 55'),adf,max.m.u55,,,,,,,,,,,,,,,,,,,,,,,,,,,,,,,,,,,,,,,,,,,,,,,,,,,,,,,,,,,,,,,,,,,,,,,,,,,,,week,Aggregation level (hour/day_of_week/month/week),0,,,,,,,,,,,,,,30,,,,#2ca02c,,,,--,,,,1.25,,,,TRUE,,,,,,,,,,,,,,,,,,,,,,,,,,,,,,,,,,,,,,,,,,,,,,,,LC ADF,300,Image resolution,0,,,,,,1,12/31/2025,1,ESI 1 volume multiplier,0,percent0,1,ESI 2 volume multiplier,0,percent0,1,ESI 3 volume multiplier,0,percent0,1,ESI 4 volume multiplier,0,percent0,1,ESI 5 volume multiplier,0,percent0,,,,,6,Figure height,0,,10,Figure width,0,,,,,,,,,,Segoe UI,Global font family,0,,,,,,0,Display start value for graph,0,hour12,TRUE,,,,,,,,,,,,10,Legend font size,0,,3,Legend height,0,,2,Legend columns,0,,4,Legend width,0,,,,,,#A7AAAD,Off-peak bars,0,,#6F994E,P70 line,0,,#F2B701,P80 line,0,,#F28E2B,P90 line,0,,#3E839E,Peak bars,0,,#0B4F79,Peak census line,0,,12,Length of peak period,0,integer,auto,Peak period parameter mode,0,,6,Start for peak period,0,integer,vis_10_title,,,,vis_10_title,,,,vis_10_legend,,,,vis_10_legend,,,,vis_10_parameters,,,,vis_10_param,,,,_room_need_,,,,vis_10_tbl01,,,,vis_10__,,,,vis_10_image,,,,,,,,,,,,,,,,,,,,group3,,,,3,,,,pptx_template.vis_10.test.pptx,,,,8,,,,,,,,,,,,,,,,,,,,,,,,,,,,,,,,,,,,,,,,#D40062,Room need line,0,,,,,,,,,,,,,,1/1/2021,12,Subtitle font size,0,,8,Axis tick label size,0,,#d9d9d9,Background color,0,,16,Title font size,0,,0.3,Title image height,0,,bold,Title font weight,0,,13.33,Title image width,0,,,,,,,,,,,,,,,,,,,,,,cohort,0.85,Capacity Utilization Factor,1,percent0,0,Growth adjustment factor,0,percent0,,,,,1,,,,,0,Axis decimal places,0,,raw,raw count percent formatting mode,0,,1,Axis multiplier,0,,,Axis suffix,0,,,,,,fiscal
N,vis_10,vis_10,adf,adf.max.u55,maximum.u55,Maximum Custody Under 55,((custody_class.isin(['MAX']))) & (age_bracket == 'adult under 55'),adf,max.u55,,,,,,,,,,,,,,,,,,,,,,,,,,,,,,,,,,,,,,,,,,,,,,,,,,,,,,,,,,,,,,,,,,,,,,,,,,,,,week,Aggregation level (hour/day_of_week/month/week),0,,,,,,,,,,,,,,30,,,,#2ca02c,,,,--,,,,1.25,,,,TRUE,,,,,,,,,,,,,,,,,,,,,,,,,,,,,,,,,,,,,,,,,,,,,,,,LC ADF,300,Image resolution,0,,,,,,1,12/31/2025,1,ESI 1 volume multiplier,0,percent0,1,ESI 2 volume multiplier,0,percent0,1,ESI 3 volume multiplier,0,percent0,1,ESI 4 volume multiplier,0,percent0,1,ESI 5 volume multiplier,0,percent0,,,,,6,Figure height,0,,10,Figure width,0,,,,,,,,,,Segoe UI,Global font family,0,,,,,,0,Display start value for graph,0,hour12,TRUE,,,,,,,,,,,,10,Legend font size,0,,3,Legend height,0,,2,Legend columns,0,,4,Legend width,0,,,,,,#A7AAAD,Off-peak bars,0,,#6F994E,P70 line,0,,#F2B701,P80 line,0,,#F28E2B,P90 line,0,,#3E839E,Peak bars,0,,#0B4F79,Peak census line,0,,12,Length of peak period,0,integer,auto,Peak period parameter mode,0,,6,Start for peak period,0,integer,vis_10_title,,,,vis_10_title,,,,vis_10_legend,,,,vis_10_legend,,,,vis_10_parameters,,,,vis_10_param,,,,_room_need_,,,,vis_10_tbl01,,,,vis_10__,,,,vis_10_image,,,,,,,,,,,,,,,,,,,,group3,,,,3,,,,pptx_template.vis_10.test.pptx,,,,8,,,,,,,,,,,,,,,,,,,,,,,,,,,,,,,,,,,,,,,,#D40062,Room need line,0,,,,,,,,,,,,,,1/1/2021,12,Subtitle font size,0,,8,Axis tick label size,0,,#d9d9d9,Background color,0,,16,Title font size,0,,0.3,Title image height,0,,bold,Title font weight,0,,13.33,Title image width,0,,,,,,,,,,,,,,,,,,,,,,cohort,0.85,Capacity Utilization Factor,1,percent0,0,Growth adjustment factor,0,percent0,,,,,1,,,,,0,Axis decimal places,0,,raw,raw count percent formatting mode,0,,1,Axis multiplier,0,,,Axis suffix,0,,,,,,fiscal
N,vis_10,vis_10,adf,adf.mx_all,medical_all,Medical Care All,"(housing.isin(['INFM','BRE','BRW','BSDC','CTRP','NHI','STE']))",adf,mx_all,,,,,,,,,,,,,,,,,,,,,,,,,,,,,,,,,,,,,,,,,,,,,,,,,,,,,,,,,,,,,,,,,,,,,,,,,,,,,week,Aggregation level (hour/day_of_week/month/week),0,,,,,,,,,,,,,,30,,,,#2ca02c,,,,--,,,,1.25,,,,TRUE,,,,,,,,,,,,,,,,,,,,,,,,,,,,,,,,,,,,,,,,,,,,,,,,LC ADF,300,Image resolution,0,,,,,,1,12/31/2025,1,ESI 1 volume multiplier,0,percent0,1,ESI 2 volume multiplier,0,percent0,1,ESI 3 volume multiplier,0,percent0,1,ESI 4 volume multiplier,0,percent0,1,ESI 5 volume multiplier,0,percent0,,,,,6,Figure height,0,,10,Figure width,0,,,,,,,,,,Segoe UI,Global font family,0,,,,,,0,Display start value for graph,0,hour12,TRUE,,,,,,,,,,,,10,Legend font size,0,,3,Legend height,0,,2,Legend columns,0,,4,Legend width,0,,,,,,#A7AAAD,Off-peak bars,0,,#6F994E,P70 line,0,,#F2B701,P80 line,0,,#F28E2B,P90 line,0,,#3E839E,Peak bars,0,,#0B4F79,Peak census line,0,,12,Length of peak period,0,integer,auto,Peak period parameter mode,0,,6,Start for peak period,0,integer,vis_10_title,,,,vis_10_title,,,,vis_10_legend,,,,vis_10_legend,,,,vis_10_parameters,,,,vis_10_param,,,,_room_need_,,,,vis_10_tbl01,,,,vis_10__,,,,vis_10_image,,,,,,,,,,,,,,,,,,,,group3,,,,3,,,,pptx_template.vis_10.test.pptx,,,,8,,,,,,,,,,,,,,,,,,,,,,,,,,,,,,,,,,,,,,,,#D40062,Room need line,0,,,,,,,,,,,,,,1/1/2021,12,Subtitle font size,0,,8,Axis tick label size,0,,#d9d9d9,Background color,0,,16,Title font size,0,,0.3,Title image height,0,,bold,Title font weight,0,,13.33,Title image width,0,,,,,,,,,,,,,,,,,,,,,,cohort,0.85,Capacity Utilization Factor,1,percent0,0,Growth adjustment factor,0,percent0,,,,,1,,,,,0,Axis decimal places,0,,raw,raw count percent formatting mode,0,,1,Axis multiplier,0,,,Axis suffix,0,,,,,,fiscal
N,vis_10,vis_10,adf,adf.mx_all.55plus,medical_all.55plus,Medical Care All 55+,"((housing.isin(['INFM','BRE','BRW','BSDC','CTRP','NHI','STE']))) & (age_bracket == 'adult 55+')",adf,mx_all.55plus,,,,,,,,,,,,,,,,,,,,,,,,,,,,,,,,,,,,,,,,,,,,,,,,,,,,,,,,,,,,,,,,,,,,,,,,,,,,,week,Aggregation level (hour/day_of_week/month/week),0,,,,,,,,,,,,,,30,,,,#2ca02c,,,,--,,,,1.25,,,,TRUE,,,,,,,,,,,,,,,,,,,,,,,,,,,,,,,,,,,,,,,,,,,,,,,,LC ADF,300,Image resolution,0,,,,,,1,12/31/2025,1,ESI 1 volume multiplier,0,percent0,1,ESI 2 volume multiplier,0,percent0,1,ESI 3 volume multiplier,0,percent0,1,ESI 4 volume multiplier,0,percent0,1,ESI 5 volume multiplier,0,percent0,,,,,6,Figure height,0,,10,Figure width,0,,,,,,,,,,Segoe UI,Global font family,0,,,,,,0,Display start value for graph,0,hour12,TRUE,,,,,,,,,,,,10,Legend font size,0,,3,Legend height,0,,2,Legend columns,0,,4,Legend width,0,,,,,,#A7AAAD,Off-peak bars,0,,#6F994E,P70 line,0,,#F2B701,P80 line,0,,#F28E2B,P90 line,0,,#3E839E,Peak bars,0,,#0B4F79,Peak census line,0,,12,Length of peak period,0,integer,auto,Peak period parameter mode,0,,6,Start for peak period,0,integer,vis_10_title,,,,vis_10_title,,,,vis_10_legend,,,,vis_10_legend,,,,vis_10_parameters,,,,vis_10_param,,,,_room_need_,,,,vis_10_tbl01,,,,vis_10__,,,,vis_10_image,,,,,,,,,,,,,,,,,,,,group3,,,,3,,,,pptx_template.vis_10.test.pptx,,,,8,,,,,,,,,,,,,,,,,,,,,,,,,,,,,,,,,,,,,,,,#D40062,Room need line,0,,,,,,,,,,,,,,1/1/2021,12,Subtitle font size,0,,8,Axis tick label size,0,,#d9d9d9,Background color,0,,16,Title font size,0,,0.3,Title image height,0,,bold,Title font weight,0,,13.33,Title image width,0,,,,,,,,,,,,,,,,,,,,,,cohort,0.85,Capacity Utilization Factor,1,percent0,0,Growth adjustment factor,0,percent0,,,,,1,,,,,0,Axis decimal places,0,,raw,raw count percent formatting mode,0,,1,Axis multiplier,0,,,Axis suffix,0,,,,,,fiscal
N,vis_10,vis_10,adf,adf.mx_all.ch_high,medical_all.chronic_high,Medical Care All Highly Severe Chronic Health Condition,"((housing.isin(['INFM','BRE','BRW','BSDC','CTRP','NHI','STE']))) & (chronic_status == 'HIGH')",adf,mx_all.ch_high,,,,,,,,,,,,,,,,,,,,,,,,,,,,,,,,,,,,,,,,,,,,,,,,,,,,,,,,,,,,,,,,,,,,,,,,,,,,,week,Aggregation level (hour/day_of_week/month/week),0,,,,,,,,,,,,,,30,,,,#2ca02c,,,,--,,,,1.25,,,,TRUE,,,,,,,,,,,,,,,,,,,,,,,,,,,,,,,,,,,,,,,,,,,,,,,,LC ADF,300,Image resolution,0,,,,,,1,12/31/2025,1,ESI 1 volume multiplier,0,percent0,1,ESI 2 volume multiplier,0,percent0,1,ESI 3 volume multiplier,0,percent0,1,ESI 4 volume multiplier,0,percent0,1,ESI 5 volume multiplier,0,percent0,,,,,6,Figure height,0,,10,Figure width,0,,,,,,,,,,Segoe UI,Global font family,0,,,,,,0,Display start value for graph,0,hour12,TRUE,,,,,,,,,,,,10,Legend font size,0,,3,Legend height,0,,2,Legend columns,0,,4,Legend width,0,,,,,,#A7AAAD,Off-peak bars,0,,#6F994E,P70 line,0,,#F2B701,P80 line,0,,#F28E2B,P90 line,0,,#3E839E,Peak bars,0,,#0B4F79,Peak census line,0,,12,Length of peak period,0,integer,auto,Peak period parameter mode,0,,6,Start for peak period,0,integer,vis_10_title,,,,vis_10_title,,,,vis_10_legend,,,,vis_10_legend,,,,vis_10_parameters,,,,vis_10_param,,,,_room_need_,,,,vis_10_tbl01,,,,vis_10__,,,,vis_10_image,,,,,,,,,,,,,,,,,,,,group3,,,,3,,,,pptx_template.vis_10.test.pptx,,,,8,,,,,,,,,,,,,,,,,,,,,,,,,,,,,,,,,,,,,,,,#D40062,Room need line,0,,,,,,,,,,,,,,1/1/2021,12,Subtitle font size,0,,8,Axis tick label size,0,,#d9d9d9,Background color,0,,16,Title font size,0,,0.3,Title image height,0,,bold,Title font weight,0,,13.33,Title image width,0,,,,,,,,,,,,,,,,,,,,,,cohort,0.85,Capacity Utilization Factor,1,percent0,0,Growth adjustment factor,0,percent0,,,,,1,,,,,0,Axis decimal places,0,,raw,raw count percent formatting mode,0,,1,Axis multiplier,0,,,Axis suffix,0,,,,,,fiscal
N,vis_10,vis_10,adf,adf.mx_all.ch_low_mod_no,medical_all.chronic_low_moderate_no_chronic,Medical Care All Low/Moderate/No Chronic Health Condition,"((housing.isin(['INFM','BRE','BRW','BSDC','CTRP','NHI','STE']))) & (chronic_status .isin(['LOW','MODERATE','NO CHRONIC CONDITION']))",adf,mx_all.ch_low_mod_no,,,,,,,,,,,,,,,,,,,,,,,,,,,,,,,,,,,,,,,,,,,,,,,,,,,,,,,,,,,,,,,,,,,,,,,,,,,,,week,Aggregation level (hour/day_of_week/month/week),0,,,,,,,,,,,,,,30,,,,#2ca02c,,,,--,,,,1.25,,,,TRUE,,,,,,,,,,,,,,,,,,,,,,,,,,,,,,,,,,,,,,,,,,,,,,,,LC ADF,300,Image resolution,0,,,,,,1,12/31/2025,1,ESI 1 volume multiplier,0,percent0,1,ESI 2 volume multiplier,0,percent0,1,ESI 3 volume multiplier,0,percent0,1,ESI 4 volume multiplier,0,percent0,1,ESI 5 volume multiplier,0,percent0,,,,,6,Figure height,0,,10,Figure width,0,,,,,,,,,,Segoe UI,Global font family,0,,,,,,0,Display start value for graph,0,hour12,TRUE,,,,,,,,,,,,10,Legend font size,0,,3,Legend height,0,,2,Legend columns,0,,4,Legend width,0,,,,,,#A7AAAD,Off-peak bars,0,,#6F994E,P70 line,0,,#F2B701,P80 line,0,,#F28E2B,P90 line,0,,#3E839E,Peak bars,0,,#0B4F79,Peak census line,0,,12,Length of peak period,0,integer,auto,Peak period parameter mode,0,,6,Start for peak period,0,integer,vis_10_title,,,,vis_10_title,,,,vis_10_legend,,,,vis_10_legend,,,,vis_10_parameters,,,,vis_10_param,,,,_room_need_,,,,vis_10_tbl01,,,,vis_10__,,,,vis_10_image,,,,,,,,,,,,,,,,,,,,group3,,,,3,,,,pptx_template.vis_10.test.pptx,,,,8,,,,,,,,,,,,,,,,,,,,,,,,,,,,,,,,,,,,,,,,#D40062,Room need line,0,,,,,,,,,,,,,,1/1/2021,12,Subtitle font size,0,,8,Axis tick label size,0,,#d9d9d9,Background color,0,,16,Title font size,0,,0.3,Title image height,0,,bold,Title font weight,0,,13.33,Title image width,0,,,,,,,,,,,,,,,,,,,,,,cohort,0.85,Capacity Utilization Factor,1,percent0,0,Growth adjustment factor,0,percent0,,,,,1,,,,,0,Axis decimal places,0,,raw,raw count percent formatting mode,0,,1,Axis multiplier,0,,,Axis suffix,0,,,,,,fiscal
N,vis_10,vis_10,adf,adf.mx_off,medical_off_campus,Medical Care Off Campus,"(housing.isin(['BRE','BRW','BSDC','CTRP','NHI','STE']))",adf,mx_off,,,,,,,,,,,,,,,,,,,,,,,,,,,,,,,,,,,,,,,,,,,,,,,,,,,,,,,,,,,,,,,,,,,,,,,,,,,,,week,Aggregation level (hour/day_of_week/month/week),0,,,,,,,,,,,,,,30,,,,#2ca02c,,,,--,,,,1.25,,,,TRUE,,,,,,,,,,,,,,,,,,,,,,,,,,,,,,,,,,,,,,,,,,,,,,,,LC ADF,300,Image resolution,0,,,,,,1,12/31/2025,1,ESI 1 volume multiplier,0,percent0,1,ESI 2 volume multiplier,0,percent0,1,ESI 3 volume multiplier,0,percent0,1,ESI 4 volume multiplier,0,percent0,1,ESI 5 volume multiplier,0,percent0,,,,,6,Figure height,0,,10,Figure width,0,,,,,,,,,,Segoe UI,Global font family,0,,,,,,0,Display start value for graph,0,hour12,TRUE,,,,,,,,,,,,10,Legend font size,0,,3,Legend height,0,,2,Legend columns,0,,4,Legend width,0,,,,,,#A7AAAD,Off-peak bars,0,,#6F994E,P70 line,0,,#F2B701,P80 line,0,,#F28E2B,P90 line,0,,#3E839E,Peak bars,0,,#0B4F79,Peak census line,0,,12,Length of peak period,0,integer,auto,Peak period parameter mode,0,,6,Start for peak period,0,integer,vis_10_title,,,,vis_10_title,,,,vis_10_legend,,,,vis_10_legend,,,,vis_10_parameters,,,,vis_10_param,,,,_room_need_,,,,vis_10_tbl01,,,,vis_10__,,,,vis_10_image,,,,,,,,,,,,,,,,,,,,group3,,,,3,,,,pptx_template.vis_10.test.pptx,,,,8,,,,,,,,,,,,,,,,,,,,,,,,,,,,,,,,,,,,,,,,#D40062,Room need line,0,,,,,,,,,,,,,,1/1/2021,12,Subtitle font size,0,,8,Axis tick label size,0,,#d9d9d9,Background color,0,,16,Title font size,0,,0.3,Title image height,0,,bold,Title font weight,0,,13.33,Title image width,0,,,,,,,,,,,,,,,,,,,,,,cohort,0.85,Capacity Utilization Factor,1,percent0,0,Growth adjustment factor,0,percent0,,,,,1,,,,,0,Axis decimal places,0,,raw,raw count percent formatting mode,0,,1,Axis multiplier,0,,,Axis suffix,0,,,,,,fiscal
N,vis_10,vis_10,adf,adf.mx_off.55plus,medical_off_campus.55plus,Medical Care Off Campus 55+,"((housing.isin(['BRE','BRW','BSDC','CTRP','NHI','STE']))) & (age_bracket == 'adult 55+')",adf,mx_off.55plus,,,,,,,,,,,,,,,,,,,,,,,,,,,,,,,,,,,,,,,,,,,,,,,,,,,,,,,,,,,,,,,,,,,,,,,,,,,,,week,Aggregation level (hour/day_of_week/month/week),0,,,,,,,,,,,,,,30,,,,#2ca02c,,,,--,,,,1.25,,,,TRUE,,,,,,,,,,,,,,,,,,,,,,,,,,,,,,,,,,,,,,,,,,,,,,,,LC ADF,300,Image resolution,0,,,,,,1,12/31/2025,1,ESI 1 volume multiplier,0,percent0,1,ESI 2 volume multiplier,0,percent0,1,ESI 3 volume multiplier,0,percent0,1,ESI 4 volume multiplier,0,percent0,1,ESI 5 volume multiplier,0,percent0,,,,,6,Figure height,0,,10,Figure width,0,,,,,,,,,,Segoe UI,Global font family,0,,,,,,0,Display start value for graph,0,hour12,TRUE,,,,,,,,,,,,10,Legend font size,0,,3,Legend height,0,,2,Legend columns,0,,4,Legend width,0,,,,,,#A7AAAD,Off-peak bars,0,,#6F994E,P70 line,0,,#F2B701,P80 line,0,,#F28E2B,P90 line,0,,#3E839E,Peak bars,0,,#0B4F79,Peak census line,0,,12,Length of peak period,0,integer,auto,Peak period parameter mode,0,,6,Start for peak period,0,integer,vis_10_title,,,,vis_10_title,,,,vis_10_legend,,,,vis_10_legend,,,,vis_10_parameters,,,,vis_10_param,,,,_room_need_,,,,vis_10_tbl01,,,,vis_10__,,,,vis_10_image,,,,,,,,,,,,,,,,,,,,group3,,,,3,,,,pptx_template.vis_10.test.pptx,,,,8,,,,,,,,,,,,,,,,,,,,,,,,,,,,,,,,,,,,,,,,#D40062,Room need line,0,,,,,,,,,,,,,,1/1/2021,12,Subtitle font size,0,,8,Axis tick label size,0,,#d9d9d9,Background color,0,,16,Title font size,0,,0.3,Title image height,0,,bold,Title font weight,0,,13.33,Title image width,0,,,,,,,,,,,,,,,,,,,,,,cohort,0.85,Capacity Utilization Factor,1,percent0,0,Growth adjustment factor,0,percent0,,,,,1,,,,,0,Axis decimal places,0,,raw,raw count percent formatting mode,0,,1,Axis multiplier,0,,,Axis suffix,0,,,,,,fiscal
N,vis_10,vis_10,adf,adf.mx_off.ch_high,medical_off_campus.chronic_high,Medical Care Off Campus Highly Severe Chronic Health Condition,"((housing.isin(['BRE','BRW','BSDC','CTRP','NHI','STE']))) & (chronic_status == 'HIGH')",adf,mx_off.ch_high,,,,,,,,,,,,,,,,,,,,,,,,,,,,,,,,,,,,,,,,,,,,,,,,,,,,,,,,,,,,,,,,,,,,,,,,,,,,,week,Aggregation level (hour/day_of_week/month/week),0,,,,,,,,,,,,,,30,,,,#2ca02c,,,,--,,,,1.25,,,,TRUE,,,,,,,,,,,,,,,,,,,,,,,,,,,,,,,,,,,,,,,,,,,,,,,,LC ADF,300,Image resolution,0,,,,,,1,12/31/2025,1,ESI 1 volume multiplier,0,percent0,1,ESI 2 volume multiplier,0,percent0,1,ESI 3 volume multiplier,0,percent0,1,ESI 4 volume multiplier,0,percent0,1,ESI 5 volume multiplier,0,percent0,,,,,6,Figure height,0,,10,Figure width,0,,,,,,,,,,Segoe UI,Global font family,0,,,,,,0,Display start value for graph,0,hour12,TRUE,,,,,,,,,,,,10,Legend font size,0,,3,Legend height,0,,2,Legend columns,0,,4,Legend width,0,,,,,,#A7AAAD,Off-peak bars,0,,#6F994E,P70 line,0,,#F2B701,P80 line,0,,#F28E2B,P90 line,0,,#3E839E,Peak bars,0,,#0B4F79,Peak census line,0,,12,Length of peak period,0,integer,auto,Peak period parameter mode,0,,6,Start for peak period,0,integer,vis_10_title,,,,vis_10_title,,,,vis_10_legend,,,,vis_10_legend,,,,vis_10_parameters,,,,vis_10_param,,,,_room_need_,,,,vis_10_tbl01,,,,vis_10__,,,,vis_10_image,,,,,,,,,,,,,,,,,,,,group3,,,,3,,,,pptx_template.vis_10.test.pptx,,,,8,,,,,,,,,,,,,,,,,,,,,,,,,,,,,,,,,,,,,,,,#D40062,Room need line,0,,,,,,,,,,,,,,1/1/2021,12,Subtitle font size,0,,8,Axis tick label size,0,,#d9d9d9,Background color,0,,16,Title font size,0,,0.3,Title image height,0,,bold,Title font weight,0,,13.33,Title image width,0,,,,,,,,,,,,,,,,,,,,,,cohort,0.85,Capacity Utilization Factor,1,percent0,0,Growth adjustment factor,0,percent0,,,,,1,,,,,0,Axis decimal places,0,,raw,raw count percent formatting mode,0,,1,Axis multiplier,0,,,Axis suffix,0,,,,,,fiscal
N,vis_10,vis_10,adf,adf.mx_off.ch_low_mod_no,medical_off_campus.chronic_low_moderate_no_chronic,Medical Care Off Campus Low/Moderate/No Chronic Health Condition,"((housing.isin(['BRE','BRW','BSDC','CTRP','NHI','STE']))) & (chronic_status .isin(['LOW','MODERATE','NO CHRONIC CONDITION']))",adf,mx_off.ch_low_mod_no,,,,,,,,,,,,,,,,,,,,,,,,,,,,,,,,,,,,,,,,,,,,,,,,,,,,,,,,,,,,,,,,,,,,,,,,,,,,,week,Aggregation level (hour/day_of_week/month/week),0,,,,,,,,,,,,,,30,,,,#2ca02c,,,,--,,,,1.25,,,,TRUE,,,,,,,,,,,,,,,,,,,,,,,,,,,,,,,,,,,,,,,,,,,,,,,,LC ADF,300,Image resolution,0,,,,,,1,12/31/2025,1,ESI 1 volume multiplier,0,percent0,1,ESI 2 volume multiplier,0,percent0,1,ESI 3 volume multiplier,0,percent0,1,ESI 4 volume multiplier,0,percent0,1,ESI 5 volume multiplier,0,percent0,,,,,6,Figure height,0,,10,Figure width,0,,,,,,,,,,Segoe UI,Global font family,0,,,,,,0,Display start value for graph,0,hour12,TRUE,,,,,,,,,,,,10,Legend font size,0,,3,Legend height,0,,2,Legend columns,0,,4,Legend width,0,,,,,,#A7AAAD,Off-peak bars,0,,#6F994E,P70 line,0,,#F2B701,P80 line,0,,#F28E2B,P90 line,0,,#3E839E,Peak bars,0,,#0B4F79,Peak census line,0,,12,Length of peak period,0,integer,auto,Peak period parameter mode,0,,6,Start for peak period,0,integer,vis_10_title,,,,vis_10_title,,,,vis_10_legend,,,,vis_10_legend,,,,vis_10_parameters,,,,vis_10_param,,,,_room_need_,,,,vis_10_tbl01,,,,vis_10__,,,,vis_10_image,,,,,,,,,,,,,,,,,,,,group3,,,,3,,,,pptx_template.vis_10.test.pptx,,,,8,,,,,,,,,,,,,,,,,,,,,,,,,,,,,,,,,,,,,,,,#D40062,Room need line,0,,,,,,,,,,,,,,1/1/2021,12,Subtitle font size,0,,8,Axis tick label size,0,,#d9d9d9,Background color,0,,16,Title font size,0,,0.3,Title image height,0,,bold,Title font weight,0,,13.33,Title image width,0,,,,,,,,,,,,,,,,,,,,,,cohort,0.85,Capacity Utilization Factor,1,percent0,0,Growth adjustment factor,0,percent0,,,,,1,,,,,0,Axis decimal places,0,,raw,raw count percent formatting mode,0,,1,Axis multiplier,0,,,Axis suffix,0,,,,,,fiscal
N,vis_10,vis_10,adf,adf.mx_off.f,medical_off_campus.female,Medical Care Off Campus Female,"((housing.isin(['BRE','BRW','BSDC','CTRP','NHI','STE']))) & (sex == 'F')",adf,mx_off.f,,,,,,,,,,,,,,,,,,,,,,,,,,,,,,,,,,,,,,,,,,,,,,,,,,,,,,,,,,,,,,,,,,,,,,,,,,,,,week,Aggregation level (hour/day_of_week/month/week),0,,,,,,,,,,,,,,30,,,,#2ca02c,,,,--,,,,1.25,,,,TRUE,,,,,,,,,,,,,,,,,,,,,,,,,,,,,,,,,,,,,,,,,,,,,,,,LC ADF,300,Image resolution,0,,,,,,1,12/31/2025,1,ESI 1 volume multiplier,0,percent0,1,ESI 2 volume multiplier,0,percent0,1,ESI 3 volume multiplier,0,percent0,1,ESI 4 volume multiplier,0,percent0,1,ESI 5 volume multiplier,0,percent0,,,,,6,Figure height,0,,10,Figure width,0,,,,,,,,,,Segoe UI,Global font family,0,,,,,,0,Display start value for graph,0,hour12,TRUE,,,,,,,,,,,,10,Legend font size,0,,3,Legend height,0,,2,Legend columns,0,,4,Legend width,0,,,,,,#A7AAAD,Off-peak bars,0,,#6F994E,P70 line,0,,#F2B701,P80 line,0,,#F28E2B,P90 line,0,,#3E839E,Peak bars,0,,#0B4F79,Peak census line,0,,12,Length of peak period,0,integer,auto,Peak period parameter mode,0,,6,Start for peak period,0,integer,vis_10_title,,,,vis_10_title,,,,vis_10_legend,,,,vis_10_legend,,,,vis_10_parameters,,,,vis_10_param,,,,_room_need_,,,,vis_10_tbl01,,,,vis_10__,,,,vis_10_image,,,,,,,,,,,,,,,,,,,,group3,,,,3,,,,pptx_template.vis_10.test.pptx,,,,8,,,,,,,,,,,,,,,,,,,,,,,,,,,,,,,,,,,,,,,,#D40062,Room need line,0,,,,,,,,,,,,,,1/1/2021,12,Subtitle font size,0,,8,Axis tick label size,0,,#d9d9d9,Background color,0,,16,Title font size,0,,0.3,Title image height,0,,bold,Title font weight,0,,13.33,Title image width,0,,,,,,,,,,,,,,,,,,,,,,cohort,0.85,Capacity Utilization Factor,1,percent0,0,Growth adjustment factor,0,percent0,,,,,1,,,,,0,Axis decimal places,0,,raw,raw count percent formatting mode,0,,1,Axis multiplier,0,,,Axis suffix,0,,,,,,fiscal
N,vis_10,vis_10,adf,adf.mx_off.f.55plus,medical_off_campus.female.55plus,Medical Care Off Campus Female 55+,"(((housing.isin(['BRE','BRW','BSDC','CTRP','NHI','STE']))) & (sex == 'F')) & (age_bracket == 'adult 55+')",adf,mx_off.f.55plus,,,,,,,,,,,,,,,,,,,,,,,,,,,,,,,,,,,,,,,,,,,,,,,,,,,,,,,,,,,,,,,,,,,,,,,,,,,,,week,Aggregation level (hour/day_of_week/month/week),0,,,,,,,,,,,,,,30,,,,#2ca02c,,,,--,,,,1.25,,,,TRUE,,,,,,,,,,,,,,,,,,,,,,,,,,,,,,,,,,,,,,,,,,,,,,,,LC ADF,300,Image resolution,0,,,,,,1,12/31/2025,1,ESI 1 volume multiplier,0,percent0,1,ESI 2 volume multiplier,0,percent0,1,ESI 3 volume multiplier,0,percent0,1,ESI 4 volume multiplier,0,percent0,1,ESI 5 volume multiplier,0,percent0,,,,,6,Figure height,0,,10,Figure width,0,,,,,,,,,,Segoe UI,Global font family,0,,,,,,0,Display start value for graph,0,hour12,TRUE,,,,,,,,,,,,10,Legend font size,0,,3,Legend height,0,,2,Legend columns,0,,4,Legend width,0,,,,,,#A7AAAD,Off-peak bars,0,,#6F994E,P70 line,0,,#F2B701,P80 line,0,,#F28E2B,P90 line,0,,#3E839E,Peak bars,0,,#0B4F79,Peak census line,0,,12,Length of peak period,0,integer,auto,Peak period parameter mode,0,,6,Start for peak period,0,integer,vis_10_title,,,,vis_10_title,,,,vis_10_legend,,,,vis_10_legend,,,,vis_10_parameters,,,,vis_10_param,,,,_room_need_,,,,vis_10_tbl01,,,,vis_10__,,,,vis_10_image,,,,,,,,,,,,,,,,,,,,group3,,,,3,,,,pptx_template.vis_10.test.pptx,,,,8,,,,,,,,,,,,,,,,,,,,,,,,,,,,,,,,,,,,,,,,#D40062,Room need line,0,,,,,,,,,,,,,,1/1/2021,12,Subtitle font size,0,,8,Axis tick label size,0,,#d9d9d9,Background color,0,,16,Title font size,0,,0.3,Title image height,0,,bold,Title font weight,0,,13.33,Title image width,0,,,,,,,,,,,,,,,,,,,,,,cohort,0.85,Capacity Utilization Factor,1,percent0,0,Growth adjustment factor,0,percent0,,,,,1,,,,,0,Axis decimal places,0,,raw,raw count percent formatting mode,0,,1,Axis multiplier,0,,,Axis suffix,0,,,,,,fiscal
N,vis_10,vis_10,adf,adf.mx_off.f.ch_high,medical_off_campus.female.chronic_high,Medical Care Off Campus Female Highly Severe Chronic Health Condition,"(((housing.isin(['BRE','BRW','BSDC','CTRP','NHI','STE']))) & (sex == 'F')) & (chronic_status == 'HIGH')",adf,mx_off.f.ch_high,,,,,,,,,,,,,,,,,,,,,,,,,,,,,,,,,,,,,,,,,,,,,,,,,,,,,,,,,,,,,,,,,,,,,,,,,,,,,week,Aggregation level (hour/day_of_week/month/week),0,,,,,,,,,,,,,,30,,,,#2ca02c,,,,--,,,,1.25,,,,TRUE,,,,,,,,,,,,,,,,,,,,,,,,,,,,,,,,,,,,,,,,,,,,,,,,LC ADF,300,Image resolution,0,,,,,,1,12/31/2025,1,ESI 1 volume multiplier,0,percent0,1,ESI 2 volume multiplier,0,percent0,1,ESI 3 volume multiplier,0,percent0,1,ESI 4 volume multiplier,0,percent0,1,ESI 5 volume multiplier,0,percent0,,,,,6,Figure height,0,,10,Figure width,0,,,,,,,,,,Segoe UI,Global font family,0,,,,,,0,Display start value for graph,0,hour12,TRUE,,,,,,,,,,,,10,Legend font size,0,,3,Legend height,0,,2,Legend columns,0,,4,Legend width,0,,,,,,#A7AAAD,Off-peak bars,0,,#6F994E,P70 line,0,,#F2B701,P80 line,0,,#F28E2B,P90 line,0,,#3E839E,Peak bars,0,,#0B4F79,Peak census line,0,,12,Length of peak period,0,integer,auto,Peak period parameter mode,0,,6,Start for peak period,0,integer,vis_10_title,,,,vis_10_title,,,,vis_10_legend,,,,vis_10_legend,,,,vis_10_parameters,,,,vis_10_param,,,,_room_need_,,,,vis_10_tbl01,,,,vis_10__,,,,vis_10_image,,,,,,,,,,,,,,,,,,,,group3,,,,3,,,,pptx_template.vis_10.test.pptx,,,,8,,,,,,,,,,,,,,,,,,,,,,,,,,,,,,,,,,,,,,,,#D40062,Room need line,0,,,,,,,,,,,,,,1/1/2021,12,Subtitle font size,0,,8,Axis tick label size,0,,#d9d9d9,Background color,0,,16,Title font size,0,,0.3,Title image height,0,,bold,Title font weight,0,,13.33,Title image width,0,,,,,,,,,,,,,,,,,,,,,,cohort,0.85,Capacity Utilization Factor,1,percent0,0,Growth adjustment factor,0,percent0,,,,,1,,,,,0,Axis decimal places,0,,raw,raw count percent formatting mode,0,,1,Axis multiplier,0,,,Axis suffix,0,,,,,,fiscal
N,vis_10,vis_10,adf,adf.mx_off.f.ch_low_mod_no,medical_off_campus.female.chronic_low_moderate_no_chronic,Medical Care Off Campus Female Low/Moderate/No Chronic Health Condition,"(((housing.isin(['BRE','BRW','BSDC','CTRP','NHI','STE']))) & (sex == 'F')) & (chronic_status .isin(['LOW','MODERATE','NO CHRONIC CONDITION']))",adf,mx_off.f.ch_low_mod_no,,,,,,,,,,,,,,,,,,,,,,,,,,,,,,,,,,,,,,,,,,,,,,,,,,,,,,,,,,,,,,,,,,,,,,,,,,,,,week,Aggregation level (hour/day_of_week/month/week),0,,,,,,,,,,,,,,30,,,,#2ca02c,,,,--,,,,1.25,,,,TRUE,,,,,,,,,,,,,,,,,,,,,,,,,,,,,,,,,,,,,,,,,,,,,,,,LC ADF,300,Image resolution,0,,,,,,1,12/31/2025,1,ESI 1 volume multiplier,0,percent0,1,ESI 2 volume multiplier,0,percent0,1,ESI 3 volume multiplier,0,percent0,1,ESI 4 volume multiplier,0,percent0,1,ESI 5 volume multiplier,0,percent0,,,,,6,Figure height,0,,10,Figure width,0,,,,,,,,,,Segoe UI,Global font family,0,,,,,,0,Display start value for graph,0,hour12,TRUE,,,,,,,,,,,,10,Legend font size,0,,3,Legend height,0,,2,Legend columns,0,,4,Legend width,0,,,,,,#A7AAAD,Off-peak bars,0,,#6F994E,P70 line,0,,#F2B701,P80 line,0,,#F28E2B,P90 line,0,,#3E839E,Peak bars,0,,#0B4F79,Peak census line,0,,12,Length of peak period,0,integer,auto,Peak period parameter mode,0,,6,Start for peak period,0,integer,vis_10_title,,,,vis_10_title,,,,vis_10_legend,,,,vis_10_legend,,,,vis_10_parameters,,,,vis_10_param,,,,_room_need_,,,,vis_10_tbl01,,,,vis_10__,,,,vis_10_image,,,,,,,,,,,,,,,,,,,,group3,,,,3,,,,pptx_template.vis_10.test.pptx,,,,8,,,,,,,,,,,,,,,,,,,,,,,,,,,,,,,,,,,,,,,,#D40062,Room need line,0,,,,,,,,,,,,,,1/1/2021,12,Subtitle font size,0,,8,Axis tick label size,0,,#d9d9d9,Background color,0,,16,Title font size,0,,0.3,Title image height,0,,bold,Title font weight,0,,13.33,Title image width,0,,,,,,,,,,,,,,,,,,,,,,cohort,0.85,Capacity Utilization Factor,1,percent0,0,Growth adjustment factor,0,percent0,,,,,1,,,,,0,Axis decimal places,0,,raw,raw count percent formatting mode,0,,1,Axis multiplier,0,,,Axis suffix,0,,,,,,fiscal
N,vis_10,vis_10,adf,adf.mx_off.f.u55,medical_off_campus.female.u55,Medical Care Off Campus Female Under 55,"(((housing.isin(['BRE','BRW','BSDC','CTRP','NHI','STE']))) & (sex == 'F')) & (age_bracket == 'adult under 55')",adf,mx_off.f.u55,,,,,,,,,,,,,,,,,,,,,,,,,,,,,,,,,,,,,,,,,,,,,,,,,,,,,,,,,,,,,,,,,,,,,,,,,,,,,week,Aggregation level (hour/day_of_week/month/week),0,,,,,,,,,,,,,,30,,,,#2ca02c,,,,--,,,,1.25,,,,TRUE,,,,,,,,,,,,,,,,,,,,,,,,,,,,,,,,,,,,,,,,,,,,,,,,LC ADF,300,Image resolution,0,,,,,,1,12/31/2025,1,ESI 1 volume multiplier,0,percent0,1,ESI 2 volume multiplier,0,percent0,1,ESI 3 volume multiplier,0,percent0,1,ESI 4 volume multiplier,0,percent0,1,ESI 5 volume multiplier,0,percent0,,,,,6,Figure height,0,,10,Figure width,0,,,,,,,,,,Segoe UI,Global font family,0,,,,,,0,Display start value for graph,0,hour12,TRUE,,,,,,,,,,,,10,Legend font size,0,,3,Legend height,0,,2,Legend columns,0,,4,Legend width,0,,,,,,#A7AAAD,Off-peak bars,0,,#6F994E,P70 line,0,,#F2B701,P80 line,0,,#F28E2B,P90 line,0,,#3E839E,Peak bars,0,,#0B4F79,Peak census line,0,,12,Length of peak period,0,integer,auto,Peak period parameter mode,0,,6,Start for peak period,0,integer,vis_10_title,,,,vis_10_title,,,,vis_10_legend,,,,vis_10_legend,,,,vis_10_parameters,,,,vis_10_param,,,,_room_need_,,,,vis_10_tbl01,,,,vis_10__,,,,vis_10_image,,,,,,,,,,,,,,,,,,,,group3,,,,3,,,,pptx_template.vis_10.test.pptx,,,,8,,,,,,,,,,,,,,,,,,,,,,,,,,,,,,,,,,,,,,,,#D40062,Room need line,0,,,,,,,,,,,,,,1/1/2021,12,Subtitle font size,0,,8,Axis tick label size,0,,#d9d9d9,Background color,0,,16,Title font size,0,,0.3,Title image height,0,,bold,Title font weight,0,,13.33,Title image width,0,,,,,,,,,,,,,,,,,,,,,,cohort,0.85,Capacity Utilization Factor,1,percent0,0,Growth adjustment factor,0,percent0,,,,,1,,,,,0,Axis decimal places,0,,raw,raw count percent formatting mode,0,,1,Axis multiplier,0,,,Axis suffix,0,,,,,,fiscal
N,vis_10,vis_10,adf,adf.mx_off.m,medical_off_campus.male,Medical Care Off Campus Male,"((housing.isin(['BRE','BRW','BSDC','CTRP','NHI','STE']))) & (sex == 'M')",adf,mx_off.m,,,,,,,,,,,,,,,,,,,,,,,,,,,,,,,,,,,,,,,,,,,,,,,,,,,,,,,,,,,,,,,,,,,,,,,,,,,,,week,Aggregation level (hour/day_of_week/month/week),0,,,,,,,,,,,,,,30,,,,#2ca02c,,,,--,,,,1.25,,,,TRUE,,,,,,,,,,,,,,,,,,,,,,,,,,,,,,,,,,,,,,,,,,,,,,,,LC ADF,300,Image resolution,0,,,,,,1,12/31/2025,1,ESI 1 volume multiplier,0,percent0,1,ESI 2 volume multiplier,0,percent0,1,ESI 3 volume multiplier,0,percent0,1,ESI 4 volume multiplier,0,percent0,1,ESI 5 volume multiplier,0,percent0,,,,,6,Figure height,0,,10,Figure width,0,,,,,,,,,,Segoe UI,Global font family,0,,,,,,0,Display start value for graph,0,hour12,TRUE,,,,,,,,,,,,10,Legend font size,0,,3,Legend height,0,,2,Legend columns,0,,4,Legend width,0,,,,,,#A7AAAD,Off-peak bars,0,,#6F994E,P70 line,0,,#F2B701,P80 line,0,,#F28E2B,P90 line,0,,#3E839E,Peak bars,0,,#0B4F79,Peak census line,0,,12,Length of peak period,0,integer,auto,Peak period parameter mode,0,,6,Start for peak period,0,integer,vis_10_title,,,,vis_10_title,,,,vis_10_legend,,,,vis_10_legend,,,,vis_10_parameters,,,,vis_10_param,,,,_room_need_,,,,vis_10_tbl01,,,,vis_10__,,,,vis_10_image,,,,,,,,,,,,,,,,,,,,group3,,,,3,,,,pptx_template.vis_10.test.pptx,,,,8,,,,,,,,,,,,,,,,,,,,,,,,,,,,,,,,,,,,,,,,#D40062,Room need line,0,,,,,,,,,,,,,,1/1/2021,12,Subtitle font size,0,,8,Axis tick label size,0,,#d9d9d9,Background color,0,,16,Title font size,0,,0.3,Title image height,0,,bold,Title font weight,0,,13.33,Title image width,0,,,,,,,,,,,,,,,,,,,,,,cohort,0.85,Capacity Utilization Factor,1,percent0,0,Growth adjustment factor,0,percent0,,,,,1,,,,,0,Axis decimal places,0,,raw,raw count percent formatting mode,0,,1,Axis multiplier,0,,,Axis suffix,0,,,,,,fiscal
N,vis_10,vis_10,adf,adf.mx_off.m.55plus,medical_off_campus.male.55plus,Medical Care Off Campus Male 55+,"(((housing.isin(['BRE','BRW','BSDC','CTRP','NHI','STE']))) & (sex == 'M')) & (age_bracket == 'adult 55+')",adf,mx_off.m.55plus,,,,,,,,,,,,,,,,,,,,,,,,,,,,,,,,,,,,,,,,,,,,,,,,,,,,,,,,,,,,,,,,,,,,,,,,,,,,,week,Aggregation level (hour/day_of_week/month/week),0,,,,,,,,,,,,,,30,,,,#2ca02c,,,,--,,,,1.25,,,,TRUE,,,,,,,,,,,,,,,,,,,,,,,,,,,,,,,,,,,,,,,,,,,,,,,,LC ADF,300,Image resolution,0,,,,,,1,12/31/2025,1,ESI 1 volume multiplier,0,percent0,1,ESI 2 volume multiplier,0,percent0,1,ESI 3 volume multiplier,0,percent0,1,ESI 4 volume multiplier,0,percent0,1,ESI 5 volume multiplier,0,percent0,,,,,6,Figure height,0,,10,Figure width,0,,,,,,,,,,Segoe UI,Global font family,0,,,,,,0,Display start value for graph,0,hour12,TRUE,,,,,,,,,,,,10,Legend font size,0,,3,Legend height,0,,2,Legend columns,0,,4,Legend width,0,,,,,,#A7AAAD,Off-peak bars,0,,#6F994E,P70 line,0,,#F2B701,P80 line,0,,#F28E2B,P90 line,0,,#3E839E,Peak bars,0,,#0B4F79,Peak census line,0,,12,Length of peak period,0,integer,auto,Peak period parameter mode,0,,6,Start for peak period,0,integer,vis_10_title,,,,vis_10_title,,,,vis_10_legend,,,,vis_10_legend,,,,vis_10_parameters,,,,vis_10_param,,,,_room_need_,,,,vis_10_tbl01,,,,vis_10__,,,,vis_10_image,,,,,,,,,,,,,,,,,,,,group3,,,,3,,,,pptx_template.vis_10.test.pptx,,,,8,,,,,,,,,,,,,,,,,,,,,,,,,,,,,,,,,,,,,,,,#D40062,Room need line,0,,,,,,,,,,,,,,1/1/2021,12,Subtitle font size,0,,8,Axis tick label size,0,,#d9d9d9,Background color,0,,16,Title font size,0,,0.3,Title image height,0,,bold,Title font weight,0,,13.33,Title image width,0,,,,,,,,,,,,,,,,,,,,,,cohort,0.85,Capacity Utilization Factor,1,percent0,0,Growth adjustment factor,0,percent0,,,,,1,,,,,0,Axis decimal places,0,,raw,raw count percent formatting mode,0,,1,Axis multiplier,0,,,Axis suffix,0,,,,,,fiscal
N,vis_10,vis_10,adf,adf.mx_off.m.ch_high,medical_off_campus.male.chronic_high,Medical Care Off Campus Male Highly Severe Chronic Health Condition,"(((housing.isin(['BRE','BRW','BSDC','CTRP','NHI','STE']))) & (sex == 'M')) & (chronic_status == 'HIGH')",adf,mx_off.m.ch_high,,,,,,,,,,,,,,,,,,,,,,,,,,,,,,,,,,,,,,,,,,,,,,,,,,,,,,,,,,,,,,,,,,,,,,,,,,,,,week,Aggregation level (hour/day_of_week/month/week),0,,,,,,,,,,,,,,30,,,,#2ca02c,,,,--,,,,1.25,,,,TRUE,,,,,,,,,,,,,,,,,,,,,,,,,,,,,,,,,,,,,,,,,,,,,,,,LC ADF,300,Image resolution,0,,,,,,1,12/31/2025,1,ESI 1 volume multiplier,0,percent0,1,ESI 2 volume multiplier,0,percent0,1,ESI 3 volume multiplier,0,percent0,1,ESI 4 volume multiplier,0,percent0,1,ESI 5 volume multiplier,0,percent0,,,,,6,Figure height,0,,10,Figure width,0,,,,,,,,,,Segoe UI,Global font family,0,,,,,,0,Display start value for graph,0,hour12,TRUE,,,,,,,,,,,,10,Legend font size,0,,3,Legend height,0,,2,Legend columns,0,,4,Legend width,0,,,,,,#A7AAAD,Off-peak bars,0,,#6F994E,P70 line,0,,#F2B701,P80 line,0,,#F28E2B,P90 line,0,,#3E839E,Peak bars,0,,#0B4F79,Peak census line,0,,12,Length of peak period,0,integer,auto,Peak period parameter mode,0,,6,Start for peak period,0,integer,vis_10_title,,,,vis_10_title,,,,vis_10_legend,,,,vis_10_legend,,,,vis_10_parameters,,,,vis_10_param,,,,_room_need_,,,,vis_10_tbl01,,,,vis_10__,,,,vis_10_image,,,,,,,,,,,,,,,,,,,,group3,,,,3,,,,pptx_template.vis_10.test.pptx,,,,8,,,,,,,,,,,,,,,,,,,,,,,,,,,,,,,,,,,,,,,,#D40062,Room need line,0,,,,,,,,,,,,,,1/1/2021,12,Subtitle font size,0,,8,Axis tick label size,0,,#d9d9d9,Background color,0,,16,Title font size,0,,0.3,Title image height,0,,bold,Title font weight,0,,13.33,Title image width,0,,,,,,,,,,,,,,,,,,,,,,cohort,0.85,Capacity Utilization Factor,1,percent0,0,Growth adjustment factor,0,percent0,,,,,1,,,,,0,Axis decimal places,0,,raw,raw count percent formatting mode,0,,1,Axis multiplier,0,,,Axis suffix,0,,,,,,fiscal
N,vis_10,vis_10,adf,adf.mx_off.m.ch_low_mod_no,medical_off_campus.male.chronic_low_moderate_no_chronic,Medical Care Off Campus Male Low/Moderate/No Chronic Health Condition,"(((housing.isin(['BRE','BRW','BSDC','CTRP','NHI','STE']))) & (sex == 'M')) & (chronic_status .isin(['LOW','MODERATE','NO CHRONIC CONDITION']))",adf,mx_off.m.ch_low_mod_no,,,,,,,,,,,,,,,,,,,,,,,,,,,,,,,,,,,,,,,,,,,,,,,,,,,,,,,,,,,,,,,,,,,,,,,,,,,,,week,Aggregation level (hour/day_of_week/month/week),0,,,,,,,,,,,,,,30,,,,#2ca02c,,,,--,,,,1.25,,,,TRUE,,,,,,,,,,,,,,,,,,,,,,,,,,,,,,,,,,,,,,,,,,,,,,,,LC ADF,300,Image resolution,0,,,,,,1,12/31/2025,1,ESI 1 volume multiplier,0,percent0,1,ESI 2 volume multiplier,0,percent0,1,ESI 3 volume multiplier,0,percent0,1,ESI 4 volume multiplier,0,percent0,1,ESI 5 volume multiplier,0,percent0,,,,,6,Figure height,0,,10,Figure width,0,,,,,,,,,,Segoe UI,Global font family,0,,,,,,0,Display start value for graph,0,hour12,TRUE,,,,,,,,,,,,10,Legend font size,0,,3,Legend height,0,,2,Legend columns,0,,4,Legend width,0,,,,,,#A7AAAD,Off-peak bars,0,,#6F994E,P70 line,0,,#F2B701,P80 line,0,,#F28E2B,P90 line,0,,#3E839E,Peak bars,0,,#0B4F79,Peak census line,0,,12,Length of peak period,0,integer,auto,Peak period parameter mode,0,,6,Start for peak period,0,integer,vis_10_title,,,,vis_10_title,,,,vis_10_legend,,,,vis_10_legend,,,,vis_10_parameters,,,,vis_10_param,,,,_room_need_,,,,vis_10_tbl01,,,,vis_10__,,,,vis_10_image,,,,,,,,,,,,,,,,,,,,group3,,,,3,,,,pptx_template.vis_10.test.pptx,,,,8,,,,,,,,,,,,,,,,,,,,,,,,,,,,,,,,,,,,,,,,#D40062,Room need line,0,,,,,,,,,,,,,,1/1/2021,12,Subtitle font size,0,,8,Axis tick label size,0,,#d9d9d9,Background color,0,,16,Title font size,0,,0.3,Title image height,0,,bold,Title font weight,0,,13.33,Title image width,0,,,,,,,,,,,,,,,,,,,,,,cohort,0.85,Capacity Utilization Factor,1,percent0,0,Growth adjustment factor,0,percent0,,,,,1,,,,,0,Axis decimal places,0,,raw,raw count percent formatting mode,0,,1,Axis multiplier,0,,,Axis suffix,0,,,,,,fiscal
N,vis_10,vis_10,adf,adf.mx_off.m.u55,medical_off_campus.male.u55,Medical Care Off Campus Male Under 55,"(((housing.isin(['BRE','BRW','BSDC','CTRP','NHI','STE']))) & (sex == 'M')) & (age_bracket == 'adult under 55')",adf,mx_off.m.u55,,,,,,,,,,,,,,,,,,,,,,,,,,,,,,,,,,,,,,,,,,,,,,,,,,,,,,,,,,,,,,,,,,,,,,,,,,,,,week,Aggregation level (hour/day_of_week/month/week),0,,,,,,,,,,,,,,30,,,,#2ca02c,,,,--,,,,1.25,,,,TRUE,,,,,,,,,,,,,,,,,,,,,,,,,,,,,,,,,,,,,,,,,,,,,,,,LC ADF,300,Image resolution,0,,,,,,1,12/31/2025,1,ESI 1 volume multiplier,0,percent0,1,ESI 2 volume multiplier,0,percent0,1,ESI 3 volume multiplier,0,percent0,1,ESI 4 volume multiplier,0,percent0,1,ESI 5 volume multiplier,0,percent0,,,,,6,Figure height,0,,10,Figure width,0,,,,,,,,,,Segoe UI,Global font family,0,,,,,,0,Display start value for graph,0,hour12,TRUE,,,,,,,,,,,,10,Legend font size,0,,3,Legend height,0,,2,Legend columns,0,,4,Legend width,0,,,,,,#A7AAAD,Off-peak bars,0,,#6F994E,P70 line,0,,#F2B701,P80 line,0,,#F28E2B,P90 line,0,,#3E839E,Peak bars,0,,#0B4F79,Peak census line,0,,12,Length of peak period,0,integer,auto,Peak period parameter mode,0,,6,Start for peak period,0,integer,vis_10_title,,,,vis_10_title,,,,vis_10_legend,,,,vis_10_legend,,,,vis_10_parameters,,,,vis_10_param,,,,_room_need_,,,,vis_10_tbl01,,,,vis_10__,,,,vis_10_image,,,,,,,,,,,,,,,,,,,,group3,,,,3,,,,pptx_template.vis_10.test.pptx,,,,8,,,,,,,,,,,,,,,,,,,,,,,,,,,,,,,,,,,,,,,,#D40062,Room need line,0,,,,,,,,,,,,,,1/1/2021,12,Subtitle font size,0,,8,Axis tick label size,0,,#d9d9d9,Background color,0,,16,Title font size,0,,0.3,Title image height,0,,bold,Title font weight,0,,13.33,Title image width,0,,,,,,,,,,,,,,,,,,,,,,cohort,0.85,Capacity Utilization Factor,1,percent0,0,Growth adjustment factor,0,percent0,,,,,1,,,,,0,Axis decimal places,0,,raw,raw count percent formatting mode,0,,1,Axis multiplier,0,,,Axis suffix,0,,,,,,fiscal
N,vis_10,vis_10,adf,adf.mx_off.u55,medical_off_campus.u55,Medical Care Off Campus Under 55,"((housing.isin(['BRE','BRW','BSDC','CTRP','NHI','STE']))) & (age_bracket == 'adult under 55')",adf,mx_off.u55,,,,,,,,,,,,,,,,,,,,,,,,,,,,,,,,,,,,,,,,,,,,,,,,,,,,,,,,,,,,,,,,,,,,,,,,,,,,,week,Aggregation level (hour/day_of_week/month/week),0,,,,,,,,,,,,,,30,,,,#2ca02c,,,,--,,,,1.25,,,,TRUE,,,,,,,,,,,,,,,,,,,,,,,,,,,,,,,,,,,,,,,,,,,,,,,,LC ADF,300,Image resolution,0,,,,,,1,12/31/2025,1,ESI 1 volume multiplier,0,percent0,1,ESI 2 volume multiplier,0,percent0,1,ESI 3 volume multiplier,0,percent0,1,ESI 4 volume multiplier,0,percent0,1,ESI 5 volume multiplier,0,percent0,,,,,6,Figure height,0,,10,Figure width,0,,,,,,,,,,Segoe UI,Global font family,0,,,,,,0,Display start value for graph,0,hour12,TRUE,,,,,,,,,,,,10,Legend font size,0,,3,Legend height,0,,2,Legend columns,0,,4,Legend width,0,,,,,,#A7AAAD,Off-peak bars,0,,#6F994E,P70 line,0,,#F2B701,P80 line,0,,#F28E2B,P90 line,0,,#3E839E,Peak bars,0,,#0B4F79,Peak census line,0,,12,Length of peak period,0,integer,auto,Peak period parameter mode,0,,6,Start for peak period,0,integer,vis_10_title,,,,vis_10_title,,,,vis_10_legend,,,,vis_10_legend,,,,vis_10_parameters,,,,vis_10_param,,,,_room_need_,,,,vis_10_tbl01,,,,vis_10__,,,,vis_10_image,,,,,,,,,,,,,,,,,,,,group3,,,,3,,,,pptx_template.vis_10.test.pptx,,,,8,,,,,,,,,,,,,,,,,,,,,,,,,,,,,,,,,,,,,,,,#D40062,Room need line,0,,,,,,,,,,,,,,1/1/2021,12,Subtitle font size,0,,8,Axis tick label size,0,,#d9d9d9,Background color,0,,16,Title font size,0,,0.3,Title image height,0,,bold,Title font weight,0,,13.33,Title image width,0,,,,,,,,,,,,,,,,,,,,,,cohort,0.85,Capacity Utilization Factor,1,percent0,0,Growth adjustment factor,0,percent0,,,,,1,,,,,0,Axis decimal places,0,,raw,raw count percent formatting mode,0,,1,Axis multiplier,0,,,Axis suffix,0,,,,,,fiscal
N,vis_10,vis_10,adf,adf.mx_on,medical_on_campus,Medical Care On Campus,(housing.isin(['INFM'])),adf,mx_on,,,,,,,,,,,,,,,,,,,,,,,,,,,,,,,,,,,,,,,,,,,,,,,,,,,,,,,,,,,,,,,,,,,,,,,,,,,,,week,Aggregation level (hour/day_of_week/month/week),0,,,,,,,,,,,,,,30,,,,#2ca02c,,,,--,,,,1.25,,,,TRUE,,,,,,,,,,,,,,,,,,,,,,,,,,,,,,,,,,,,,,,,,,,,,,,,LC ADF,300,Image resolution,0,,,,,,1,12/31/2025,1,ESI 1 volume multiplier,0,percent0,1,ESI 2 volume multiplier,0,percent0,1,ESI 3 volume multiplier,0,percent0,1,ESI 4 volume multiplier,0,percent0,1,ESI 5 volume multiplier,0,percent0,,,,,6,Figure height,0,,10,Figure width,0,,,,,,,,,,Segoe UI,Global font family,0,,,,,,0,Display start value for graph,0,hour12,TRUE,,,,,,,,,,,,10,Legend font size,0,,3,Legend height,0,,2,Legend columns,0,,4,Legend width,0,,,,,,#A7AAAD,Off-peak bars,0,,#6F994E,P70 line,0,,#F2B701,P80 line,0,,#F28E2B,P90 line,0,,#3E839E,Peak bars,0,,#0B4F79,Peak census line,0,,12,Length of peak period,0,integer,auto,Peak period parameter mode,0,,6,Start for peak period,0,integer,vis_10_title,,,,vis_10_title,,,,vis_10_legend,,,,vis_10_legend,,,,vis_10_parameters,,,,vis_10_param,,,,_room_need_,,,,vis_10_tbl01,,,,vis_10__,,,,vis_10_image,,,,,,,,,,,,,,,,,,,,group3,,,,3,,,,pptx_template.vis_10.test.pptx,,,,8,,,,,,,,,,,,,,,,,,,,,,,,,,,,,,,,,,,,,,,,#D40062,Room need line,0,,,,,,,,,,,,,,1/1/2021,12,Subtitle font size,0,,8,Axis tick label size,0,,#d9d9d9,Background color,0,,16,Title font size,0,,0.3,Title image height,0,,bold,Title font weight,0,,13.33,Title image width,0,,,,,,,,,,,,,,,,,,,,,,cohort,0.85,Capacity Utilization Factor,1,percent0,0,Growth adjustment factor,0,percent0,,,,,1,,,,,0,Axis decimal places,0,,raw,raw count percent formatting mode,0,,1,Axis multiplier,0,,,Axis suffix,0,,,,,,fiscal
N,vis_10,vis_10,adf,adf.mx_on.55plus,medical_on_campus.55plus,Medical Care On Campus 55+,((housing.isin(['INFM']))) & (age_bracket == 'adult 55+'),adf,mx_on.55plus,,,,,,,,,,,,,,,,,,,,,,,,,,,,,,,,,,,,,,,,,,,,,,,,,,,,,,,,,,,,,,,,,,,,,,,,,,,,,week,Aggregation level (hour/day_of_week/month/week),0,,,,,,,,,,,,,,30,,,,#2ca02c,,,,--,,,,1.25,,,,TRUE,,,,,,,,,,,,,,,,,,,,,,,,,,,,,,,,,,,,,,,,,,,,,,,,LC ADF,300,Image resolution,0,,,,,,1,12/31/2025,1,ESI 1 volume multiplier,0,percent0,1,ESI 2 volume multiplier,0,percent0,1,ESI 3 volume multiplier,0,percent0,1,ESI 4 volume multiplier,0,percent0,1,ESI 5 volume multiplier,0,percent0,,,,,6,Figure height,0,,10,Figure width,0,,,,,,,,,,Segoe UI,Global font family,0,,,,,,0,Display start value for graph,0,hour12,TRUE,,,,,,,,,,,,10,Legend font size,0,,3,Legend height,0,,2,Legend columns,0,,4,Legend width,0,,,,,,#A7AAAD,Off-peak bars,0,,#6F994E,P70 line,0,,#F2B701,P80 line,0,,#F28E2B,P90 line,0,,#3E839E,Peak bars,0,,#0B4F79,Peak census line,0,,12,Length of peak period,0,integer,auto,Peak period parameter mode,0,,6,Start for peak period,0,integer,vis_10_title,,,,vis_10_title,,,,vis_10_legend,,,,vis_10_legend,,,,vis_10_parameters,,,,vis_10_param,,,,_room_need_,,,,vis_10_tbl01,,,,vis_10__,,,,vis_10_image,,,,,,,,,,,,,,,,,,,,group3,,,,3,,,,pptx_template.vis_10.test.pptx,,,,8,,,,,,,,,,,,,,,,,,,,,,,,,,,,,,,,,,,,,,,,#D40062,Room need line,0,,,,,,,,,,,,,,1/1/2021,12,Subtitle font size,0,,8,Axis tick label size,0,,#d9d9d9,Background color,0,,16,Title font size,0,,0.3,Title image height,0,,bold,Title font weight,0,,13.33,Title image width,0,,,,,,,,,,,,,,,,,,,,,,cohort,0.85,Capacity Utilization Factor,1,percent0,0,Growth adjustment factor,0,percent0,,,,,1,,,,,0,Axis decimal places,0,,raw,raw count percent formatting mode,0,,1,Axis multiplier,0,,,Axis suffix,0,,,,,,fiscal
N,vis_10,vis_10,adf,adf.mx_on.ch_high,medical_on_campus.chronic_high,Medical Care On Campus Highly Severe Chronic Health Condition,((housing.isin(['INFM']))) & (chronic_status == 'HIGH'),adf,mx_on.ch_high,,,,,,,,,,,,,,,,,,,,,,,,,,,,,,,,,,,,,,,,,,,,,,,,,,,,,,,,,,,,,,,,,,,,,,,,,,,,,week,Aggregation level (hour/day_of_week/month/week),0,,,,,,,,,,,,,,30,,,,#2ca02c,,,,--,,,,1.25,,,,TRUE,,,,,,,,,,,,,,,,,,,,,,,,,,,,,,,,,,,,,,,,,,,,,,,,LC ADF,300,Image resolution,0,,,,,,1,12/31/2025,1,ESI 1 volume multiplier,0,percent0,1,ESI 2 volume multiplier,0,percent0,1,ESI 3 volume multiplier,0,percent0,1,ESI 4 volume multiplier,0,percent0,1,ESI 5 volume multiplier,0,percent0,,,,,6,Figure height,0,,10,Figure width,0,,,,,,,,,,Segoe UI,Global font family,0,,,,,,0,Display start value for graph,0,hour12,TRUE,,,,,,,,,,,,10,Legend font size,0,,3,Legend height,0,,2,Legend columns,0,,4,Legend width,0,,,,,,#A7AAAD,Off-peak bars,0,,#6F994E,P70 line,0,,#F2B701,P80 line,0,,#F28E2B,P90 line,0,,#3E839E,Peak bars,0,,#0B4F79,Peak census line,0,,12,Length of peak period,0,integer,auto,Peak period parameter mode,0,,6,Start for peak period,0,integer,vis_10_title,,,,vis_10_title,,,,vis_10_legend,,,,vis_10_legend,,,,vis_10_parameters,,,,vis_10_param,,,,_room_need_,,,,vis_10_tbl01,,,,vis_10__,,,,vis_10_image,,,,,,,,,,,,,,,,,,,,group3,,,,3,,,,pptx_template.vis_10.test.pptx,,,,8,,,,,,,,,,,,,,,,,,,,,,,,,,,,,,,,,,,,,,,,#D40062,Room need line,0,,,,,,,,,,,,,,1/1/2021,12,Subtitle font size,0,,8,Axis tick label size,0,,#d9d9d9,Background color,0,,16,Title font size,0,,0.3,Title image height,0,,bold,Title font weight,0,,13.33,Title image width,0,,,,,,,,,,,,,,,,,,,,,,cohort,0.85,Capacity Utilization Factor,1,percent0,0,Growth adjustment factor,0,percent0,,,,,1,,,,,0,Axis decimal places,0,,raw,raw count percent formatting mode,0,,1,Axis multiplier,0,,,Axis suffix,0,,,,,,fiscal
N,vis_10,vis_10,adf,adf.mx_on.ch_low_mod_no,medical_on_campus.chronic_low_moderate_no_chronic,Medical Care On Campus Low/Moderate/No Chronic Health Condition,"((housing.isin(['INFM']))) & (chronic_status .isin(['LOW','MODERATE','NO CHRONIC CONDITION']))",adf,mx_on.ch_low_mod_no,,,,,,,,,,,,,,,,,,,,,,,,,,,,,,,,,,,,,,,,,,,,,,,,,,,,,,,,,,,,,,,,,,,,,,,,,,,,,week,Aggregation level (hour/day_of_week/month/week),0,,,,,,,,,,,,,,30,,,,#2ca02c,,,,--,,,,1.25,,,,TRUE,,,,,,,,,,,,,,,,,,,,,,,,,,,,,,,,,,,,,,,,,,,,,,,,LC ADF,300,Image resolution,0,,,,,,1,12/31/2025,1,ESI 1 volume multiplier,0,percent0,1,ESI 2 volume multiplier,0,percent0,1,ESI 3 volume multiplier,0,percent0,1,ESI 4 volume multiplier,0,percent0,1,ESI 5 volume multiplier,0,percent0,,,,,6,Figure height,0,,10,Figure width,0,,,,,,,,,,Segoe UI,Global font family,0,,,,,,0,Display start value for graph,0,hour12,TRUE,,,,,,,,,,,,10,Legend font size,0,,3,Legend height,0,,2,Legend columns,0,,4,Legend width,0,,,,,,#A7AAAD,Off-peak bars,0,,#6F994E,P70 line,0,,#F2B701,P80 line,0,,#F28E2B,P90 line,0,,#3E839E,Peak bars,0,,#0B4F79,Peak census line,0,,12,Length of peak period,0,integer,auto,Peak period parameter mode,0,,6,Start for peak period,0,integer,vis_10_title,,,,vis_10_title,,,,vis_10_legend,,,,vis_10_legend,,,,vis_10_parameters,,,,vis_10_param,,,,_room_need_,,,,vis_10_tbl01,,,,vis_10__,,,,vis_10_image,,,,,,,,,,,,,,,,,,,,group3,,,,3,,,,pptx_template.vis_10.test.pptx,,,,8,,,,,,,,,,,,,,,,,,,,,,,,,,,,,,,,,,,,,,,,#D40062,Room need line,0,,,,,,,,,,,,,,1/1/2021,12,Subtitle font size,0,,8,Axis tick label size,0,,#d9d9d9,Background color,0,,16,Title font size,0,,0.3,Title image height,0,,bold,Title font weight,0,,13.33,Title image width,0,,,,,,,,,,,,,,,,,,,,,,cohort,0.85,Capacity Utilization Factor,1,percent0,0,Growth adjustment factor,0,percent0,,,,,1,,,,,0,Axis decimal places,0,,raw,raw count percent formatting mode,0,,1,Axis multiplier,0,,,Axis suffix,0,,,,,,fiscal
N,vis_10,vis_10,adf,adf.mx_on.f,medical_on_campus.female,Medical Care On Campus Female,((housing.isin(['INFM']))) & (sex == 'F'),adf,mx_on.f,,,,,,,,,,,,,,,,,,,,,,,,,,,,,,,,,,,,,,,,,,,,,,,,,,,,,,,,,,,,,,,,,,,,,,,,,,,,,week,Aggregation level (hour/day_of_week/month/week),0,,,,,,,,,,,,,,30,,,,#2ca02c,,,,--,,,,1.25,,,,TRUE,,,,,,,,,,,,,,,,,,,,,,,,,,,,,,,,,,,,,,,,,,,,,,,,LC ADF,300,Image resolution,0,,,,,,1,12/31/2025,1,ESI 1 volume multiplier,0,percent0,1,ESI 2 volume multiplier,0,percent0,1,ESI 3 volume multiplier,0,percent0,1,ESI 4 volume multiplier,0,percent0,1,ESI 5 volume multiplier,0,percent0,,,,,6,Figure height,0,,10,Figure width,0,,,,,,,,,,Segoe UI,Global font family,0,,,,,,0,Display start value for graph,0,hour12,TRUE,,,,,,,,,,,,10,Legend font size,0,,3,Legend height,0,,2,Legend columns,0,,4,Legend width,0,,,,,,#A7AAAD,Off-peak bars,0,,#6F994E,P70 line,0,,#F2B701,P80 line,0,,#F28E2B,P90 line,0,,#3E839E,Peak bars,0,,#0B4F79,Peak census line,0,,12,Length of peak period,0,integer,auto,Peak period parameter mode,0,,6,Start for peak period,0,integer,vis_10_title,,,,vis_10_title,,,,vis_10_legend,,,,vis_10_legend,,,,vis_10_parameters,,,,vis_10_param,,,,_room_need_,,,,vis_10_tbl01,,,,vis_10__,,,,vis_10_image,,,,,,,,,,,,,,,,,,,,group3,,,,3,,,,pptx_template.vis_10.test.pptx,,,,8,,,,,,,,,,,,,,,,,,,,,,,,,,,,,,,,,,,,,,,,#D40062,Room need line,0,,,,,,,,,,,,,,1/1/2021,12,Subtitle font size,0,,8,Axis tick label size,0,,#d9d9d9,Background color,0,,16,Title font size,0,,0.3,Title image height,0,,bold,Title font weight,0,,13.33,Title image width,0,,,,,,,,,,,,,,,,,,,,,,cohort,0.85,Capacity Utilization Factor,1,percent0,0,Growth adjustment factor,0,percent0,,,,,1,,,,,0,Axis decimal places,0,,raw,raw count percent formatting mode,0,,1,Axis multiplier,0,,,Axis suffix,0,,,,,,fiscal
N,vis_10,vis_10,adf,adf.mx_on.f.55plus,medical_on_campus.female.55plus,Medical Care On Campus Female 55+,(((housing.isin(['INFM']))) & (sex == 'F')) & (age_bracket == 'adult 55+'),adf,mx_on.f.55plus,,,,,,,,,,,,,,,,,,,,,,,,,,,,,,,,,,,,,,,,,,,,,,,,,,,,,,,,,,,,,,,,,,,,,,,,,,,,,week,Aggregation level (hour/day_of_week/month/week),0,,,,,,,,,,,,,,30,,,,#2ca02c,,,,--,,,,1.25,,,,TRUE,,,,,,,,,,,,,,,,,,,,,,,,,,,,,,,,,,,,,,,,,,,,,,,,LC ADF,300,Image resolution,0,,,,,,1,12/31/2025,1,ESI 1 volume multiplier,0,percent0,1,ESI 2 volume multiplier,0,percent0,1,ESI 3 volume multiplier,0,percent0,1,ESI 4 volume multiplier,0,percent0,1,ESI 5 volume multiplier,0,percent0,,,,,6,Figure height,0,,10,Figure width,0,,,,,,,,,,Segoe UI,Global font family,0,,,,,,0,Display start value for graph,0,hour12,TRUE,,,,,,,,,,,,10,Legend font size,0,,3,Legend height,0,,2,Legend columns,0,,4,Legend width,0,,,,,,#A7AAAD,Off-peak bars,0,,#6F994E,P70 line,0,,#F2B701,P80 line,0,,#F28E2B,P90 line,0,,#3E839E,Peak bars,0,,#0B4F79,Peak census line,0,,12,Length of peak period,0,integer,auto,Peak period parameter mode,0,,6,Start for peak period,0,integer,vis_10_title,,,,vis_10_title,,,,vis_10_legend,,,,vis_10_legend,,,,vis_10_parameters,,,,vis_10_param,,,,_room_need_,,,,vis_10_tbl01,,,,vis_10__,,,,vis_10_image,,,,,,,,,,,,,,,,,,,,group3,,,,3,,,,pptx_template.vis_10.test.pptx,,,,8,,,,,,,,,,,,,,,,,,,,,,,,,,,,,,,,,,,,,,,,#D40062,Room need line,0,,,,,,,,,,,,,,1/1/2021,12,Subtitle font size,0,,8,Axis tick label size,0,,#d9d9d9,Background color,0,,16,Title font size,0,,0.3,Title image height,0,,bold,Title font weight,0,,13.33,Title image width,0,,,,,,,,,,,,,,,,,,,,,,cohort,0.85,Capacity Utilization Factor,1,percent0,0,Growth adjustment factor,0,percent0,,,,,1,,,,,0,Axis decimal places,0,,raw,raw count percent formatting mode,0,,1,Axis multiplier,0,,,Axis suffix,0,,,,,,fiscal
N,vis_10,vis_10,adf,adf.mx_on.f.ch_high,medical_on_campus.female.chronic_high,Medical Care On Campus Female Highly Severe Chronic Health Condition,(((housing.isin(['INFM']))) & (sex == 'F')) & (chronic_status == 'HIGH'),adf,mx_on.f.ch_high,,,,,,,,,,,,,,,,,,,,,,,,,,,,,,,,,,,,,,,,,,,,,,,,,,,,,,,,,,,,,,,,,,,,,,,,,,,,,week,Aggregation level (hour/day_of_week/month/week),0,,,,,,,,,,,,,,30,,,,#2ca02c,,,,--,,,,1.25,,,,TRUE,,,,,,,,,,,,,,,,,,,,,,,,,,,,,,,,,,,,,,,,,,,,,,,,LC ADF,300,Image resolution,0,,,,,,1,12/31/2025,1,ESI 1 volume multiplier,0,percent0,1,ESI 2 volume multiplier,0,percent0,1,ESI 3 volume multiplier,0,percent0,1,ESI 4 volume multiplier,0,percent0,1,ESI 5 volume multiplier,0,percent0,,,,,6,Figure height,0,,10,Figure width,0,,,,,,,,,,Segoe UI,Global font family,0,,,,,,0,Display start value for graph,0,hour12,TRUE,,,,,,,,,,,,10,Legend font size,0,,3,Legend height,0,,2,Legend columns,0,,4,Legend width,0,,,,,,#A7AAAD,Off-peak bars,0,,#6F994E,P70 line,0,,#F2B701,P80 line,0,,#F28E2B,P90 line,0,,#3E839E,Peak bars,0,,#0B4F79,Peak census line,0,,12,Length of peak period,0,integer,auto,Peak period parameter mode,0,,6,Start for peak period,0,integer,vis_10_title,,,,vis_10_title,,,,vis_10_legend,,,,vis_10_legend,,,,vis_10_parameters,,,,vis_10_param,,,,_room_need_,,,,vis_10_tbl01,,,,vis_10__,,,,vis_10_image,,,,,,,,,,,,,,,,,,,,group3,,,,3,,,,pptx_template.vis_10.test.pptx,,,,8,,,,,,,,,,,,,,,,,,,,,,,,,,,,,,,,,,,,,,,,#D40062,Room need line,0,,,,,,,,,,,,,,1/1/2021,12,Subtitle font size,0,,8,Axis tick label size,0,,#d9d9d9,Background color,0,,16,Title font size,0,,0.3,Title image height,0,,bold,Title font weight,0,,13.33,Title image width,0,,,,,,,,,,,,,,,,,,,,,,cohort,0.85,Capacity Utilization Factor,1,percent0,0,Growth adjustment factor,0,percent0,,,,,1,,,,,0,Axis decimal places,0,,raw,raw count percent formatting mode,0,,1,Axis multiplier,0,,,Axis suffix,0,,,,,,fiscal
N,vis_10,vis_10,adf,adf.mx_on.f.ch_low_mod_no,medical_on_campus.female.chronic_low_moderate_no_chronic,Medical Care On Campus Female Low/Moderate/No Chronic Health Condition,"(((housing.isin(['INFM']))) & (sex == 'F')) & (chronic_status .isin(['LOW','MODERATE','NO CHRONIC CONDITION']))",adf,mx_on.f.ch_low_mod_no,,,,,,,,,,,,,,,,,,,,,,,,,,,,,,,,,,,,,,,,,,,,,,,,,,,,,,,,,,,,,,,,,,,,,,,,,,,,,week,Aggregation level (hour/day_of_week/month/week),0,,,,,,,,,,,,,,30,,,,#2ca02c,,,,--,,,,1.25,,,,TRUE,,,,,,,,,,,,,,,,,,,,,,,,,,,,,,,,,,,,,,,,,,,,,,,,LC ADF,300,Image resolution,0,,,,,,1,12/31/2025,1,ESI 1 volume multiplier,0,percent0,1,ESI 2 volume multiplier,0,percent0,1,ESI 3 volume multiplier,0,percent0,1,ESI 4 volume multiplier,0,percent0,1,ESI 5 volume multiplier,0,percent0,,,,,6,Figure height,0,,10,Figure width,0,,,,,,,,,,Segoe UI,Global font family,0,,,,,,0,Display start value for graph,0,hour12,TRUE,,,,,,,,,,,,10,Legend font size,0,,3,Legend height,0,,2,Legend columns,0,,4,Legend width,0,,,,,,#A7AAAD,Off-peak bars,0,,#6F994E,P70 line,0,,#F2B701,P80 line,0,,#F28E2B,P90 line,0,,#3E839E,Peak bars,0,,#0B4F79,Peak census line,0,,12,Length of peak period,0,integer,auto,Peak period parameter mode,0,,6,Start for peak period,0,integer,vis_10_title,,,,vis_10_title,,,,vis_10_legend,,,,vis_10_legend,,,,vis_10_parameters,,,,vis_10_param,,,,_room_need_,,,,vis_10_tbl01,,,,vis_10__,,,,vis_10_image,,,,,,,,,,,,,,,,,,,,group3,,,,3,,,,pptx_template.vis_10.test.pptx,,,,8,,,,,,,,,,,,,,,,,,,,,,,,,,,,,,,,,,,,,,,,#D40062,Room need line,0,,,,,,,,,,,,,,1/1/2021,12,Subtitle font size,0,,8,Axis tick label size,0,,#d9d9d9,Background color,0,,16,Title font size,0,,0.3,Title image height,0,,bold,Title font weight,0,,13.33,Title image width,0,,,,,,,,,,,,,,,,,,,,,,cohort,0.85,Capacity Utilization Factor,1,percent0,0,Growth adjustment factor,0,percent0,,,,,1,,,,,0,Axis decimal places,0,,raw,raw count percent formatting mode,0,,1,Axis multiplier,0,,,Axis suffix,0,,,,,,fiscal
N,vis_10,vis_10,adf,adf.mx_on.f.u55,medical_on_campus.female.u55,Medical Care On Campus Female Under 55,(((housing.isin(['INFM']))) & (sex == 'F')) & (age_bracket == 'adult under 55'),adf,mx_on.f.u55,,,,,,,,,,,,,,,,,,,,,,,,,,,,,,,,,,,,,,,,,,,,,,,,,,,,,,,,,,,,,,,,,,,,,,,,,,,,,week,Aggregation level (hour/day_of_week/month/week),0,,,,,,,,,,,,,,30,,,,#2ca02c,,,,--,,,,1.25,,,,TRUE,,,,,,,,,,,,,,,,,,,,,,,,,,,,,,,,,,,,,,,,,,,,,,,,LC ADF,300,Image resolution,0,,,,,,1,12/31/2025,1,ESI 1 volume multiplier,0,percent0,1,ESI 2 volume multiplier,0,percent0,1,ESI 3 volume multiplier,0,percent0,1,ESI 4 volume multiplier,0,percent0,1,ESI 5 volume multiplier,0,percent0,,,,,6,Figure height,0,,10,Figure width,0,,,,,,,,,,Segoe UI,Global font family,0,,,,,,0,Display start value for graph,0,hour12,TRUE,,,,,,,,,,,,10,Legend font size,0,,3,Legend height,0,,2,Legend columns,0,,4,Legend width,0,,,,,,#A7AAAD,Off-peak bars,0,,#6F994E,P70 line,0,,#F2B701,P80 line,0,,#F28E2B,P90 line,0,,#3E839E,Peak bars,0,,#0B4F79,Peak census line,0,,12,Length of peak period,0,integer,auto,Peak period parameter mode,0,,6,Start for peak period,0,integer,vis_10_title,,,,vis_10_title,,,,vis_10_legend,,,,vis_10_legend,,,,vis_10_parameters,,,,vis_10_param,,,,_room_need_,,,,vis_10_tbl01,,,,vis_10__,,,,vis_10_image,,,,,,,,,,,,,,,,,,,,group3,,,,3,,,,pptx_template.vis_10.test.pptx,,,,8,,,,,,,,,,,,,,,,,,,,,,,,,,,,,,,,,,,,,,,,#D40062,Room need line,0,,,,,,,,,,,,,,1/1/2021,12,Subtitle font size,0,,8,Axis tick label size,0,,#d9d9d9,Background color,0,,16,Title font size,0,,0.3,Title image height,0,,bold,Title font weight,0,,13.33,Title image width,0,,,,,,,,,,,,,,,,,,,,,,cohort,0.85,Capacity Utilization Factor,1,percent0,0,Growth adjustment factor,0,percent0,,,,,1,,,,,0,Axis decimal places,0,,raw,raw count percent formatting mode,0,,1,Axis multiplier,0,,,Axis suffix,0,,,,,,fiscal
N,vis_10,vis_10,adf,adf.mx_on.m,medical_on_campus.male,Medical Care On Campus Male,((housing.isin(['INFM']))) & (sex == 'M'),adf,mx_on.m,,,,,,,,,,,,,,,,,,,,,,,,,,,,,,,,,,,,,,,,,,,,,,,,,,,,,,,,,,,,,,,,,,,,,,,,,,,,,week,Aggregation level (hour/day_of_week/month/week),0,,,,,,,,,,,,,,30,,,,#2ca02c,,,,--,,,,1.25,,,,TRUE,,,,,,,,,,,,,,,,,,,,,,,,,,,,,,,,,,,,,,,,,,,,,,,,LC ADF,300,Image resolution,0,,,,,,1,12/31/2025,1,ESI 1 volume multiplier,0,percent0,1,ESI 2 volume multiplier,0,percent0,1,ESI 3 volume multiplier,0,percent0,1,ESI 4 volume multiplier,0,percent0,1,ESI 5 volume multiplier,0,percent0,,,,,6,Figure height,0,,10,Figure width,0,,,,,,,,,,Segoe UI,Global font family,0,,,,,,0,Display start value for graph,0,hour12,TRUE,,,,,,,,,,,,10,Legend font size,0,,3,Legend height,0,,2,Legend columns,0,,4,Legend width,0,,,,,,#A7AAAD,Off-peak bars,0,,#6F994E,P70 line,0,,#F2B701,P80 line,0,,#F28E2B,P90 line,0,,#3E839E,Peak bars,0,,#0B4F79,Peak census line,0,,12,Length of peak period,0,integer,auto,Peak period parameter mode,0,,6,Start for peak period,0,integer,vis_10_title,,,,vis_10_title,,,,vis_10_legend,,,,vis_10_legend,,,,vis_10_parameters,,,,vis_10_param,,,,_room_need_,,,,vis_10_tbl01,,,,vis_10__,,,,vis_10_image,,,,,,,,,,,,,,,,,,,,group3,,,,3,,,,pptx_template.vis_10.test.pptx,,,,8,,,,,,,,,,,,,,,,,,,,,,,,,,,,,,,,,,,,,,,,#D40062,Room need line,0,,,,,,,,,,,,,,1/1/2021,12,Subtitle font size,0,,8,Axis tick label size,0,,#d9d9d9,Background color,0,,16,Title font size,0,,0.3,Title image height,0,,bold,Title font weight,0,,13.33,Title image width,0,,,,,,,,,,,,,,,,,,,,,,cohort,0.85,Capacity Utilization Factor,1,percent0,0,Growth adjustment factor,0,percent0,,,,,1,,,,,0,Axis decimal places,0,,raw,raw count percent formatting mode,0,,1,Axis multiplier,0,,,Axis suffix,0,,,,,,fiscal
N,vis_10,vis_10,adf,adf.mx_on.m.55plus,medical_on_campus.male.55plus,Medical Care On Campus Male 55+,(((housing.isin(['INFM']))) & (sex == 'M')) & (age_bracket == 'adult 55+'),adf,mx_on.m.55plus,,,,,,,,,,,,,,,,,,,,,,,,,,,,,,,,,,,,,,,,,,,,,,,,,,,,,,,,,,,,,,,,,,,,,,,,,,,,,week,Aggregation level (hour/day_of_week/month/week),0,,,,,,,,,,,,,,30,,,,#2ca02c,,,,--,,,,1.25,,,,TRUE,,,,,,,,,,,,,,,,,,,,,,,,,,,,,,,,,,,,,,,,,,,,,,,,LC ADF,300,Image resolution,0,,,,,,1,12/31/2025,1,ESI 1 volume multiplier,0,percent0,1,ESI 2 volume multiplier,0,percent0,1,ESI 3 volume multiplier,0,percent0,1,ESI 4 volume multiplier,0,percent0,1,ESI 5 volume multiplier,0,percent0,,,,,6,Figure height,0,,10,Figure width,0,,,,,,,,,,Segoe UI,Global font family,0,,,,,,0,Display start value for graph,0,hour12,TRUE,,,,,,,,,,,,10,Legend font size,0,,3,Legend height,0,,2,Legend columns,0,,4,Legend width,0,,,,,,#A7AAAD,Off-peak bars,0,,#6F994E,P70 line,0,,#F2B701,P80 line,0,,#F28E2B,P90 line,0,,#3E839E,Peak bars,0,,#0B4F79,Peak census line,0,,12,Length of peak period,0,integer,auto,Peak period parameter mode,0,,6,Start for peak period,0,integer,vis_10_title,,,,vis_10_title,,,,vis_10_legend,,,,vis_10_legend,,,,vis_10_parameters,,,,vis_10_param,,,,_room_need_,,,,vis_10_tbl01,,,,vis_10__,,,,vis_10_image,,,,,,,,,,,,,,,,,,,,group3,,,,3,,,,pptx_template.vis_10.test.pptx,,,,8,,,,,,,,,,,,,,,,,,,,,,,,,,,,,,,,,,,,,,,,#D40062,Room need line,0,,,,,,,,,,,,,,1/1/2021,12,Subtitle font size,0,,8,Axis tick label size,0,,#d9d9d9,Background color,0,,16,Title font size,0,,0.3,Title image height,0,,bold,Title font weight,0,,13.33,Title image width,0,,,,,,,,,,,,,,,,,,,,,,cohort,0.85,Capacity Utilization Factor,1,percent0,0,Growth adjustment factor,0,percent0,,,,,1,,,,,0,Axis decimal places,0,,raw,raw count percent formatting mode,0,,1,Axis multiplier,0,,,Axis suffix,0,,,,,,fiscal
N,vis_10,vis_10,adf,adf.mx_on.m.ch_high,medical_on_campus.male.chronic_high,Medical Care On Campus Male Highly Severe Chronic Health Condition,(((housing.isin(['INFM']))) & (sex == 'M')) & (chronic_status == 'HIGH'),adf,mx_on.m.ch_high,,,,,,,,,,,,,,,,,,,,,,,,,,,,,,,,,,,,,,,,,,,,,,,,,,,,,,,,,,,,,,,,,,,,,,,,,,,,,week,Aggregation level (hour/day_of_week/month/week),0,,,,,,,,,,,,,,30,,,,#2ca02c,,,,--,,,,1.25,,,,TRUE,,,,,,,,,,,,,,,,,,,,,,,,,,,,,,,,,,,,,,,,,,,,,,,,LC ADF,300,Image resolution,0,,,,,,1,12/31/2025,1,ESI 1 volume multiplier,0,percent0,1,ESI 2 volume multiplier,0,percent0,1,ESI 3 volume multiplier,0,percent0,1,ESI 4 volume multiplier,0,percent0,1,ESI 5 volume multiplier,0,percent0,,,,,6,Figure height,0,,10,Figure width,0,,,,,,,,,,Segoe UI,Global font family,0,,,,,,0,Display start value for graph,0,hour12,TRUE,,,,,,,,,,,,10,Legend font size,0,,3,Legend height,0,,2,Legend columns,0,,4,Legend width,0,,,,,,#A7AAAD,Off-peak bars,0,,#6F994E,P70 line,0,,#F2B701,P80 line,0,,#F28E2B,P90 line,0,,#3E839E,Peak bars,0,,#0B4F79,Peak census line,0,,12,Length of peak period,0,integer,auto,Peak period parameter mode,0,,6,Start for peak period,0,integer,vis_10_title,,,,vis_10_title,,,,vis_10_legend,,,,vis_10_legend,,,,vis_10_parameters,,,,vis_10_param,,,,_room_need_,,,,vis_10_tbl01,,,,vis_10__,,,,vis_10_image,,,,,,,,,,,,,,,,,,,,group3,,,,3,,,,pptx_template.vis_10.test.pptx,,,,8,,,,,,,,,,,,,,,,,,,,,,,,,,,,,,,,,,,,,,,,#D40062,Room need line,0,,,,,,,,,,,,,,1/1/2021,12,Subtitle font size,0,,8,Axis tick label size,0,,#d9d9d9,Background color,0,,16,Title font size,0,,0.3,Title image height,0,,bold,Title font weight,0,,13.33,Title image width,0,,,,,,,,,,,,,,,,,,,,,,cohort,0.85,Capacity Utilization Factor,1,percent0,0,Growth adjustment factor,0,percent0,,,,,1,,,,,0,Axis decimal places,0,,raw,raw count percent formatting mode,0,,1,Axis multiplier,0,,,Axis suffix,0,,,,,,fiscal
N,vis_10,vis_10,adf,adf.mx_on.m.ch_low_mod_no,medical_on_campus.male.chronic_low_moderate_no_chronic,Medical Care On Campus Male Low/Moderate/No Chronic Health Condition,"(((housing.isin(['INFM']))) & (sex == 'M')) & (chronic_status .isin(['LOW','MODERATE','NO CHRONIC CONDITION']))",adf,mx_on.m.ch_low_mod_no,,,,,,,,,,,,,,,,,,,,,,,,,,,,,,,,,,,,,,,,,,,,,,,,,,,,,,,,,,,,,,,,,,,,,,,,,,,,,week,Aggregation level (hour/day_of_week/month/week),0,,,,,,,,,,,,,,30,,,,#2ca02c,,,,--,,,,1.25,,,,TRUE,,,,,,,,,,,,,,,,,,,,,,,,,,,,,,,,,,,,,,,,,,,,,,,,LC ADF,300,Image resolution,0,,,,,,1,12/31/2025,1,ESI 1 volume multiplier,0,percent0,1,ESI 2 volume multiplier,0,percent0,1,ESI 3 volume multiplier,0,percent0,1,ESI 4 volume multiplier,0,percent0,1,ESI 5 volume multiplier,0,percent0,,,,,6,Figure height,0,,10,Figure width,0,,,,,,,,,,Segoe UI,Global font family,0,,,,,,0,Display start value for graph,0,hour12,TRUE,,,,,,,,,,,,10,Legend font size,0,,3,Legend height,0,,2,Legend columns,0,,4,Legend width,0,,,,,,#A7AAAD,Off-peak bars,0,,#6F994E,P70 line,0,,#F2B701,P80 line,0,,#F28E2B,P90 line,0,,#3E839E,Peak bars,0,,#0B4F79,Peak census line,0,,12,Length of peak period,0,integer,auto,Peak period parameter mode,0,,6,Start for peak period,0,integer,vis_10_title,,,,vis_10_title,,,,vis_10_legend,,,,vis_10_legend,,,,vis_10_parameters,,,,vis_10_param,,,,_room_need_,,,,vis_10_tbl01,,,,vis_10__,,,,vis_10_image,,,,,,,,,,,,,,,,,,,,group3,,,,3,,,,pptx_template.vis_10.test.pptx,,,,8,,,,,,,,,,,,,,,,,,,,,,,,,,,,,,,,,,,,,,,,#D40062,Room need line,0,,,,,,,,,,,,,,1/1/2021,12,Subtitle font size,0,,8,Axis tick label size,0,,#d9d9d9,Background color,0,,16,Title font size,0,,0.3,Title image height,0,,bold,Title font weight,0,,13.33,Title image width,0,,,,,,,,,,,,,,,,,,,,,,cohort,0.85,Capacity Utilization Factor,1,percent0,0,Growth adjustment factor,0,percent0,,,,,1,,,,,0,Axis decimal places,0,,raw,raw count percent formatting mode,0,,1,Axis multiplier,0,,,Axis suffix,0,,,,,,fiscal
N,vis_10,vis_10,adf,adf.mx_on.m.u55,medical_on_campus.male.u55,Medical Care On Campus Male Under 55,(((housing.isin(['INFM']))) & (sex == 'M')) & (age_bracket == 'adult under 55'),adf,mx_on.m.u55,,,,,,,,,,,,,,,,,,,,,,,,,,,,,,,,,,,,,,,,,,,,,,,,,,,,,,,,,,,,,,,,,,,,,,,,,,,,,week,Aggregation level (hour/day_of_week/month/week),0,,,,,,,,,,,,,,30,,,,#2ca02c,,,,--,,,,1.25,,,,TRUE,,,,,,,,,,,,,,,,,,,,,,,,,,,,,,,,,,,,,,,,,,,,,,,,LC ADF,300,Image resolution,0,,,,,,1,12/31/2025,1,ESI 1 volume multiplier,0,percent0,1,ESI 2 volume multiplier,0,percent0,1,ESI 3 volume multiplier,0,percent0,1,ESI 4 volume multiplier,0,percent0,1,ESI 5 volume multiplier,0,percent0,,,,,6,Figure height,0,,10,Figure width,0,,,,,,,,,,Segoe UI,Global font family,0,,,,,,0,Display start value for graph,0,hour12,TRUE,,,,,,,,,,,,10,Legend font size,0,,3,Legend height,0,,2,Legend columns,0,,4,Legend width,0,,,,,,#A7AAAD,Off-peak bars,0,,#6F994E,P70 line,0,,#F2B701,P80 line,0,,#F28E2B,P90 line,0,,#3E839E,Peak bars,0,,#0B4F79,Peak census line,0,,12,Length of peak period,0,integer,auto,Peak period parameter mode,0,,6,Start for peak period,0,integer,vis_10_title,,,,vis_10_title,,,,vis_10_legend,,,,vis_10_legend,,,,vis_10_parameters,,,,vis_10_param,,,,_room_need_,,,,vis_10_tbl01,,,,vis_10__,,,,vis_10_image,,,,,,,,,,,,,,,,,,,,group3,,,,3,,,,pptx_template.vis_10.test.pptx,,,,8,,,,,,,,,,,,,,,,,,,,,,,,,,,,,,,,,,,,,,,,#D40062,Room need line,0,,,,,,,,,,,,,,1/1/2021,12,Subtitle font size,0,,8,Axis tick label size,0,,#d9d9d9,Background color,0,,16,Title font size,0,,0.3,Title image height,0,,bold,Title font weight,0,,13.33,Title image width,0,,,,,,,,,,,,,,,,,,,,,,cohort,0.85,Capacity Utilization Factor,1,percent0,0,Growth adjustment factor,0,percent0,,,,,1,,,,,0,Axis decimal places,0,,raw,raw count percent formatting mode,0,,1,Axis multiplier,0,,,Axis suffix,0,,,,,,fiscal
N,vis_10,vis_10,adf,adf.mx_on.u55,medical_on_campus.u55,Medical Care On Campus Under 55,((housing.isin(['INFM']))) & (age_bracket == 'adult under 55'),adf,mx_on.u55,,,,,,,,,,,,,,,,,,,,,,,,,,,,,,,,,,,,,,,,,,,,,,,,,,,,,,,,,,,,,,,,,,,,,,,,,,,,,week,Aggregation level (hour/day_of_week/month/week),0,,,,,,,,,,,,,,30,,,,#2ca02c,,,,--,,,,1.25,,,,TRUE,,,,,,,,,,,,,,,,,,,,,,,,,,,,,,,,,,,,,,,,,,,,,,,,LC ADF,300,Image resolution,0,,,,,,1,12/31/2025,1,ESI 1 volume multiplier,0,percent0,1,ESI 2 volume multiplier,0,percent0,1,ESI 3 volume multiplier,0,percent0,1,ESI 4 volume multiplier,0,percent0,1,ESI 5 volume multiplier,0,percent0,,,,,6,Figure height,0,,10,Figure width,0,,,,,,,,,,Segoe UI,Global font family,0,,,,,,0,Display start value for graph,0,hour12,TRUE,,,,,,,,,,,,10,Legend font size,0,,3,Legend height,0,,2,Legend columns,0,,4,Legend width,0,,,,,,#A7AAAD,Off-peak bars,0,,#6F994E,P70 line,0,,#F2B701,P80 line,0,,#F28E2B,P90 line,0,,#3E839E,Peak bars,0,,#0B4F79,Peak census line,0,,12,Length of peak period,0,integer,auto,Peak period parameter mode,0,,6,Start for peak period,0,integer,vis_10_title,,,,vis_10_title,,,,vis_10_legend,,,,vis_10_legend,,,,vis_10_parameters,,,,vis_10_param,,,,_room_need_,,,,vis_10_tbl01,,,,vis_10__,,,,vis_10_image,,,,,,,,,,,,,,,,,,,,group3,,,,3,,,,pptx_template.vis_10.test.pptx,,,,8,,,,,,,,,,,,,,,,,,,,,,,,,,,,,,,,,,,,,,,,#D40062,Room need line,0,,,,,,,,,,,,,,1/1/2021,12,Subtitle font size,0,,8,Axis tick label size,0,,#d9d9d9,Background color,0,,16,Title font size,0,,0.3,Title image height,0,,bold,Title font weight,0,,13.33,Title image width,0,,,,,,,,,,,,,,,,,,,,,,cohort,0.85,Capacity Utilization Factor,1,percent0,0,Growth adjustment factor,0,percent0,,,,,1,,,,,0,Axis decimal places,0,,raw,raw count percent formatting mode,0,,1,Axis multiplier,0,,,Axis suffix,0,,,,,,fiscal
N,vis_10,vis_10,adf,adf.med,medium,Medium Custody,(custody_class.isin(['MED'])),adf,med,,,,,,,,,,,,,,,,,,,,,,,,,,,,,,,,,,,,,,,,,,,,,,,,,,,,,,,,,,,,,,,,,,,,,,,,,,,,,week,Aggregation level (hour/day_of_week/month/week),0,,,,,,,,,,,,,,30,,,,#2ca02c,,,,--,,,,1.25,,,,TRUE,,,,,,,,,,,,,,,,,,,,,,,,,,,,,,,,,,,,,,,,,,,,,,,,LC ADF,300,Image resolution,0,,,,,,1,12/31/2025,1,ESI 1 volume multiplier,0,percent0,1,ESI 2 volume multiplier,0,percent0,1,ESI 3 volume multiplier,0,percent0,1,ESI 4 volume multiplier,0,percent0,1,ESI 5 volume multiplier,0,percent0,,,,,6,Figure height,0,,10,Figure width,0,,,,,,,,,,Segoe UI,Global font family,0,,,,,,0,Display start value for graph,0,hour12,TRUE,,,,,,,,,,,,10,Legend font size,0,,3,Legend height,0,,2,Legend columns,0,,4,Legend width,0,,,,,,#A7AAAD,Off-peak bars,0,,#6F994E,P70 line,0,,#F2B701,P80 line,0,,#F28E2B,P90 line,0,,#3E839E,Peak bars,0,,#0B4F79,Peak census line,0,,12,Length of peak period,0,integer,auto,Peak period parameter mode,0,,6,Start for peak period,0,integer,vis_10_title,,,,vis_10_title,,,,vis_10_legend,,,,vis_10_legend,,,,vis_10_parameters,,,,vis_10_param,,,,_room_need_,,,,vis_10_tbl01,,,,vis_10__,,,,vis_10_image,,,,,,,,,,,,,,,,,,,,group3,,,,3,,,,pptx_template.vis_10.test.pptx,,,,8,,,,,,,,,,,,,,,,,,,,,,,,,,,,,,,,,,,,,,,,#D40062,Room need line,0,,,,,,,,,,,,,,1/1/2021,12,Subtitle font size,0,,8,Axis tick label size,0,,#d9d9d9,Background color,0,,16,Title font size,0,,0.3,Title image height,0,,bold,Title font weight,0,,13.33,Title image width,0,,,,,,,,,,,,,,,,,,,,,,cohort,0.85,Capacity Utilization Factor,1,percent0,0,Growth adjustment factor,0,percent0,,,,,1,,,,,0,Axis decimal places,0,,raw,raw count percent formatting mode,0,,1,Axis multiplier,0,,,Axis suffix,0,,,,,,fiscal
N,vis_10,vis_10,adf,adf.med.55plus,medium.55plus,Medium Custody 55+,((custody_class.isin(['MED']))) & (age_bracket == 'adult 55+'),adf,med.55plus,,,,,,,,,,,,,,,,,,,,,,,,,,,,,,,,,,,,,,,,,,,,,,,,,,,,,,,,,,,,,,,,,,,,,,,,,,,,,week,Aggregation level (hour/day_of_week/month/week),0,,,,,,,,,,,,,,30,,,,#2ca02c,,,,--,,,,1.25,,,,TRUE,,,,,,,,,,,,,,,,,,,,,,,,,,,,,,,,,,,,,,,,,,,,,,,,LC ADF,300,Image resolution,0,,,,,,1,12/31/2025,1,ESI 1 volume multiplier,0,percent0,1,ESI 2 volume multiplier,0,percent0,1,ESI 3 volume multiplier,0,percent0,1,ESI 4 volume multiplier,0,percent0,1,ESI 5 volume multiplier,0,percent0,,,,,6,Figure height,0,,10,Figure width,0,,,,,,,,,,Segoe UI,Global font family,0,,,,,,0,Display start value for graph,0,hour12,TRUE,,,,,,,,,,,,10,Legend font size,0,,3,Legend height,0,,2,Legend columns,0,,4,Legend width,0,,,,,,#A7AAAD,Off-peak bars,0,,#6F994E,P70 line,0,,#F2B701,P80 line,0,,#F28E2B,P90 line,0,,#3E839E,Peak bars,0,,#0B4F79,Peak census line,0,,12,Length of peak period,0,integer,auto,Peak period parameter mode,0,,6,Start for peak period,0,integer,vis_10_title,,,,vis_10_title,,,,vis_10_legend,,,,vis_10_legend,,,,vis_10_parameters,,,,vis_10_param,,,,_room_need_,,,,vis_10_tbl01,,,,vis_10__,,,,vis_10_image,,,,,,,,,,,,,,,,,,,,group3,,,,3,,,,pptx_template.vis_10.test.pptx,,,,8,,,,,,,,,,,,,,,,,,,,,,,,,,,,,,,,,,,,,,,,#D40062,Room need line,0,,,,,,,,,,,,,,1/1/2021,12,Subtitle font size,0,,8,Axis tick label size,0,,#d9d9d9,Background color,0,,16,Title font size,0,,0.3,Title image height,0,,bold,Title font weight,0,,13.33,Title image width,0,,,,,,,,,,,,,,,,,,,,,,cohort,0.85,Capacity Utilization Factor,1,percent0,0,Growth adjustment factor,0,percent0,,,,,1,,,,,0,Axis decimal places,0,,raw,raw count percent formatting mode,0,,1,Axis multiplier,0,,,Axis suffix,0,,,,,,fiscal
N,vis_10,vis_10,adf,adf.med.ch_high,medium.chronic_high,Medium Custody Highly Severe Chronic Health Condition,((custody_class.isin(['MED']))) & (chronic_status == 'HIGH'),adf,med.ch_high,,,,,,,,,,,,,,,,,,,,,,,,,,,,,,,,,,,,,,,,,,,,,,,,,,,,,,,,,,,,,,,,,,,,,,,,,,,,,week,Aggregation level (hour/day_of_week/month/week),0,,,,,,,,,,,,,,30,,,,#2ca02c,,,,--,,,,1.25,,,,TRUE,,,,,,,,,,,,,,,,,,,,,,,,,,,,,,,,,,,,,,,,,,,,,,,,LC ADF,300,Image resolution,0,,,,,,1,12/31/2025,1,ESI 1 volume multiplier,0,percent0,1,ESI 2 volume multiplier,0,percent0,1,ESI 3 volume multiplier,0,percent0,1,ESI 4 volume multiplier,0,percent0,1,ESI 5 volume multiplier,0,percent0,,,,,6,Figure height,0,,10,Figure width,0,,,,,,,,,,Segoe UI,Global font family,0,,,,,,0,Display start value for graph,0,hour12,TRUE,,,,,,,,,,,,10,Legend font size,0,,3,Legend height,0,,2,Legend columns,0,,4,Legend width,0,,,,,,#A7AAAD,Off-peak bars,0,,#6F994E,P70 line,0,,#F2B701,P80 line,0,,#F28E2B,P90 line,0,,#3E839E,Peak bars,0,,#0B4F79,Peak census line,0,,12,Length of peak period,0,integer,auto,Peak period parameter mode,0,,6,Start for peak period,0,integer,vis_10_title,,,,vis_10_title,,,,vis_10_legend,,,,vis_10_legend,,,,vis_10_parameters,,,,vis_10_param,,,,_room_need_,,,,vis_10_tbl01,,,,vis_10__,,,,vis_10_image,,,,,,,,,,,,,,,,,,,,group3,,,,3,,,,pptx_template.vis_10.test.pptx,,,,8,,,,,,,,,,,,,,,,,,,,,,,,,,,,,,,,,,,,,,,,#D40062,Room need line,0,,,,,,,,,,,,,,1/1/2021,12,Subtitle font size,0,,8,Axis tick label size,0,,#d9d9d9,Background color,0,,16,Title font size,0,,0.3,Title image height,0,,bold,Title font weight,0,,13.33,Title image width,0,,,,,,,,,,,,,,,,,,,,,,cohort,0.85,Capacity Utilization Factor,1,percent0,0,Growth adjustment factor,0,percent0,,,,,1,,,,,0,Axis decimal places,0,,raw,raw count percent formatting mode,0,,1,Axis multiplier,0,,,Axis suffix,0,,,,,,fiscal
N,vis_10,vis_10,adf,adf.med.ch_low_mod_no,medium.chronic_low_moderate_no_chronic,Medium Custody Low/Moderate/No Chronic Health Condition,"((custody_class.isin(['MED']))) & (chronic_status .isin(['LOW','MODERATE','NO CHRONIC CONDITION']))",adf,med.ch_low_mod_no,,,,,,,,,,,,,,,,,,,,,,,,,,,,,,,,,,,,,,,,,,,,,,,,,,,,,,,,,,,,,,,,,,,,,,,,,,,,,week,Aggregation level (hour/day_of_week/month/week),0,,,,,,,,,,,,,,30,,,,#2ca02c,,,,--,,,,1.25,,,,TRUE,,,,,,,,,,,,,,,,,,,,,,,,,,,,,,,,,,,,,,,,,,,,,,,,LC ADF,300,Image resolution,0,,,,,,1,12/31/2025,1,ESI 1 volume multiplier,0,percent0,1,ESI 2 volume multiplier,0,percent0,1,ESI 3 volume multiplier,0,percent0,1,ESI 4 volume multiplier,0,percent0,1,ESI 5 volume multiplier,0,percent0,,,,,6,Figure height,0,,10,Figure width,0,,,,,,,,,,Segoe UI,Global font family,0,,,,,,0,Display start value for graph,0,hour12,TRUE,,,,,,,,,,,,10,Legend font size,0,,3,Legend height,0,,2,Legend columns,0,,4,Legend width,0,,,,,,#A7AAAD,Off-peak bars,0,,#6F994E,P70 line,0,,#F2B701,P80 line,0,,#F28E2B,P90 line,0,,#3E839E,Peak bars,0,,#0B4F79,Peak census line,0,,12,Length of peak period,0,integer,auto,Peak period parameter mode,0,,6,Start for peak period,0,integer,vis_10_title,,,,vis_10_title,,,,vis_10_legend,,,,vis_10_legend,,,,vis_10_parameters,,,,vis_10_param,,,,_room_need_,,,,vis_10_tbl01,,,,vis_10__,,,,vis_10_image,,,,,,,,,,,,,,,,,,,,group3,,,,3,,,,pptx_template.vis_10.test.pptx,,,,8,,,,,,,,,,,,,,,,,,,,,,,,,,,,,,,,,,,,,,,,#D40062,Room need line,0,,,,,,,,,,,,,,1/1/2021,12,Subtitle font size,0,,8,Axis tick label size,0,,#d9d9d9,Background color,0,,16,Title font size,0,,0.3,Title image height,0,,bold,Title font weight,0,,13.33,Title image width,0,,,,,,,,,,,,,,,,,,,,,,cohort,0.85,Capacity Utilization Factor,1,percent0,0,Growth adjustment factor,0,percent0,,,,,1,,,,,0,Axis decimal places,0,,raw,raw count percent formatting mode,0,,1,Axis multiplier,0,,,Axis suffix,0,,,,,,fiscal
N,vis_10,vis_10,adf,adf.med.f,medium.female,Medium Custody Female,((custody_class.isin(['MED']))) & (sex == 'F'),adf,med.f,,,,,,,,,,,,,,,,,,,,,,,,,,,,,,,,,,,,,,,,,,,,,,,,,,,,,,,,,,,,,,,,,,,,,,,,,,,,,week,Aggregation level (hour/day_of_week/month/week),0,,,,,,,,,,,,,,30,,,,#2ca02c,,,,--,,,,1.25,,,,TRUE,,,,,,,,,,,,,,,,,,,,,,,,,,,,,,,,,,,,,,,,,,,,,,,,LC ADF,300,Image resolution,0,,,,,,1,12/31/2025,1,ESI 1 volume multiplier,0,percent0,1,ESI 2 volume multiplier,0,percent0,1,ESI 3 volume multiplier,0,percent0,1,ESI 4 volume multiplier,0,percent0,1,ESI 5 volume multiplier,0,percent0,,,,,6,Figure height,0,,10,Figure width,0,,,,,,,,,,Segoe UI,Global font family,0,,,,,,0,Display start value for graph,0,hour12,TRUE,,,,,,,,,,,,10,Legend font size,0,,3,Legend height,0,,2,Legend columns,0,,4,Legend width,0,,,,,,#A7AAAD,Off-peak bars,0,,#6F994E,P70 line,0,,#F2B701,P80 line,0,,#F28E2B,P90 line,0,,#3E839E,Peak bars,0,,#0B4F79,Peak census line,0,,12,Length of peak period,0,integer,auto,Peak period parameter mode,0,,6,Start for peak period,0,integer,vis_10_title,,,,vis_10_title,,,,vis_10_legend,,,,vis_10_legend,,,,vis_10_parameters,,,,vis_10_param,,,,_room_need_,,,,vis_10_tbl01,,,,vis_10__,,,,vis_10_image,,,,,,,,,,,,,,,,,,,,group3,,,,3,,,,pptx_template.vis_10.test.pptx,,,,8,,,,,,,,,,,,,,,,,,,,,,,,,,,,,,,,,,,,,,,,#D40062,Room need line,0,,,,,,,,,,,,,,1/1/2021,12,Subtitle font size,0,,8,Axis tick label size,0,,#d9d9d9,Background color,0,,16,Title font size,0,,0.3,Title image height,0,,bold,Title font weight,0,,13.33,Title image width,0,,,,,,,,,,,,,,,,,,,,,,cohort,0.85,Capacity Utilization Factor,1,percent0,0,Growth adjustment factor,0,percent0,,,,,1,,,,,0,Axis decimal places,0,,raw,raw count percent formatting mode,0,,1,Axis multiplier,0,,,Axis suffix,0,,,,,,fiscal
N,vis_10,vis_10,adf,adf.med.f.55plus,medium.female.55plus,Medium Custody Female 55+,(((custody_class.isin(['MED']))) & (sex == 'F')) & (age_bracket == 'adult 55+'),adf,med.f.55plus,,,,,,,,,,,,,,,,,,,,,,,,,,,,,,,,,,,,,,,,,,,,,,,,,,,,,,,,,,,,,,,,,,,,,,,,,,,,,week,Aggregation level (hour/day_of_week/month/week),0,,,,,,,,,,,,,,30,,,,#2ca02c,,,,--,,,,1.25,,,,TRUE,,,,,,,,,,,,,,,,,,,,,,,,,,,,,,,,,,,,,,,,,,,,,,,,LC ADF,300,Image resolution,0,,,,,,1,12/31/2025,1,ESI 1 volume multiplier,0,percent0,1,ESI 2 volume multiplier,0,percent0,1,ESI 3 volume multiplier,0,percent0,1,ESI 4 volume multiplier,0,percent0,1,ESI 5 volume multiplier,0,percent0,,,,,6,Figure height,0,,10,Figure width,0,,,,,,,,,,Segoe UI,Global font family,0,,,,,,0,Display start value for graph,0,hour12,TRUE,,,,,,,,,,,,10,Legend font size,0,,3,Legend height,0,,2,Legend columns,0,,4,Legend width,0,,,,,,#A7AAAD,Off-peak bars,0,,#6F994E,P70 line,0,,#F2B701,P80 line,0,,#F28E2B,P90 line,0,,#3E839E,Peak bars,0,,#0B4F79,Peak census line,0,,12,Length of peak period,0,integer,auto,Peak period parameter mode,0,,6,Start for peak period,0,integer,vis_10_title,,,,vis_10_title,,,,vis_10_legend,,,,vis_10_legend,,,,vis_10_parameters,,,,vis_10_param,,,,_room_need_,,,,vis_10_tbl01,,,,vis_10__,,,,vis_10_image,,,,,,,,,,,,,,,,,,,,group3,,,,3,,,,pptx_template.vis_10.test.pptx,,,,8,,,,,,,,,,,,,,,,,,,,,,,,,,,,,,,,,,,,,,,,#D40062,Room need line,0,,,,,,,,,,,,,,1/1/2021,12,Subtitle font size,0,,8,Axis tick label size,0,,#d9d9d9,Background color,0,,16,Title font size,0,,0.3,Title image height,0,,bold,Title font weight,0,,13.33,Title image width,0,,,,,,,,,,,,,,,,,,,,,,cohort,0.85,Capacity Utilization Factor,1,percent0,0,Growth adjustment factor,0,percent0,,,,,1,,,,,0,Axis decimal places,0,,raw,raw count percent formatting mode,0,,1,Axis multiplier,0,,,Axis suffix,0,,,,,,fiscal
N,vis_10,vis_10,adf,adf.med.f.ch_high,medium.female.chronic_high,Medium Custody Female Highly Severe Chronic Health Condition,(((custody_class.isin(['MED']))) & (sex == 'F')) & (chronic_status == 'HIGH'),adf,med.f.ch_high,,,,,,,,,,,,,,,,,,,,,,,,,,,,,,,,,,,,,,,,,,,,,,,,,,,,,,,,,,,,,,,,,,,,,,,,,,,,,week,Aggregation level (hour/day_of_week/month/week),0,,,,,,,,,,,,,,30,,,,#2ca02c,,,,--,,,,1.25,,,,TRUE,,,,,,,,,,,,,,,,,,,,,,,,,,,,,,,,,,,,,,,,,,,,,,,,LC ADF,300,Image resolution,0,,,,,,1,12/31/2025,1,ESI 1 volume multiplier,0,percent0,1,ESI 2 volume multiplier,0,percent0,1,ESI 3 volume multiplier,0,percent0,1,ESI 4 volume multiplier,0,percent0,1,ESI 5 volume multiplier,0,percent0,,,,,6,Figure height,0,,10,Figure width,0,,,,,,,,,,Segoe UI,Global font family,0,,,,,,0,Display start value for graph,0,hour12,TRUE,,,,,,,,,,,,10,Legend font size,0,,3,Legend height,0,,2,Legend columns,0,,4,Legend width,0,,,,,,#A7AAAD,Off-peak bars,0,,#6F994E,P70 line,0,,#F2B701,P80 line,0,,#F28E2B,P90 line,0,,#3E839E,Peak bars,0,,#0B4F79,Peak census line,0,,12,Length of peak period,0,integer,auto,Peak period parameter mode,0,,6,Start for peak period,0,integer,vis_10_title,,,,vis_10_title,,,,vis_10_legend,,,,vis_10_legend,,,,vis_10_parameters,,,,vis_10_param,,,,_room_need_,,,,vis_10_tbl01,,,,vis_10__,,,,vis_10_image,,,,,,,,,,,,,,,,,,,,group3,,,,3,,,,pptx_template.vis_10.test.pptx,,,,8,,,,,,,,,,,,,,,,,,,,,,,,,,,,,,,,,,,,,,,,#D40062,Room need line,0,,,,,,,,,,,,,,1/1/2021,12,Subtitle font size,0,,8,Axis tick label size,0,,#d9d9d9,Background color,0,,16,Title font size,0,,0.3,Title image height,0,,bold,Title font weight,0,,13.33,Title image width,0,,,,,,,,,,,,,,,,,,,,,,cohort,0.85,Capacity Utilization Factor,1,percent0,0,Growth adjustment factor,0,percent0,,,,,1,,,,,0,Axis decimal places,0,,raw,raw count percent formatting mode,0,,1,Axis multiplier,0,,,Axis suffix,0,,,,,,fiscal
N,vis_10,vis_10,adf,adf.med.f.ch_low_mod_no,medium.female.chronic_low_moderate_no_chronic,Medium Custody Female Low/Moderate/No Chronic Health Condition,"(((custody_class.isin(['MED']))) & (sex == 'F')) & (chronic_status .isin(['LOW','MODERATE','NO CHRONIC CONDITION']))",adf,med.f.ch_low_mod_no,,,,,,,,,,,,,,,,,,,,,,,,,,,,,,,,,,,,,,,,,,,,,,,,,,,,,,,,,,,,,,,,,,,,,,,,,,,,,week,Aggregation level (hour/day_of_week/month/week),0,,,,,,,,,,,,,,30,,,,#2ca02c,,,,--,,,,1.25,,,,TRUE,,,,,,,,,,,,,,,,,,,,,,,,,,,,,,,,,,,,,,,,,,,,,,,,LC ADF,300,Image resolution,0,,,,,,1,12/31/2025,1,ESI 1 volume multiplier,0,percent0,1,ESI 2 volume multiplier,0,percent0,1,ESI 3 volume multiplier,0,percent0,1,ESI 4 volume multiplier,0,percent0,1,ESI 5 volume multiplier,0,percent0,,,,,6,Figure height,0,,10,Figure width,0,,,,,,,,,,Segoe UI,Global font family,0,,,,,,0,Display start value for graph,0,hour12,TRUE,,,,,,,,,,,,10,Legend font size,0,,3,Legend height,0,,2,Legend columns,0,,4,Legend width,0,,,,,,#A7AAAD,Off-peak bars,0,,#6F994E,P70 line,0,,#F2B701,P80 line,0,,#F28E2B,P90 line,0,,#3E839E,Peak bars,0,,#0B4F79,Peak census line,0,,12,Length of peak period,0,integer,auto,Peak period parameter mode,0,,6,Start for peak period,0,integer,vis_10_title,,,,vis_10_title,,,,vis_10_legend,,,,vis_10_legend,,,,vis_10_parameters,,,,vis_10_param,,,,_room_need_,,,,vis_10_tbl01,,,,vis_10__,,,,vis_10_image,,,,,,,,,,,,,,,,,,,,group3,,,,3,,,,pptx_template.vis_10.test.pptx,,,,8,,,,,,,,,,,,,,,,,,,,,,,,,,,,,,,,,,,,,,,,#D40062,Room need line,0,,,,,,,,,,,,,,1/1/2021,12,Subtitle font size,0,,8,Axis tick label size,0,,#d9d9d9,Background color,0,,16,Title font size,0,,0.3,Title image height,0,,bold,Title font weight,0,,13.33,Title image width,0,,,,,,,,,,,,,,,,,,,,,,cohort,0.85,Capacity Utilization Factor,1,percent0,0,Growth adjustment factor,0,percent0,,,,,1,,,,,0,Axis decimal places,0,,raw,raw count percent formatting mode,0,,1,Axis multiplier,0,,,Axis suffix,0,,,,,,fiscal
N,vis_10,vis_10,adf,adf.med.f.u55,medium.female.u55,Medium Custody Female Under 55,(((custody_class.isin(['MED']))) & (sex == 'F')) & (age_bracket == 'adult under 55'),adf,med.f.u55,,,,,,,,,,,,,,,,,,,,,,,,,,,,,,,,,,,,,,,,,,,,,,,,,,,,,,,,,,,,,,,,,,,,,,,,,,,,,week,Aggregation level (hour/day_of_week/month/week),0,,,,,,,,,,,,,,30,,,,#2ca02c,,,,--,,,,1.25,,,,TRUE,,,,,,,,,,,,,,,,,,,,,,,,,,,,,,,,,,,,,,,,,,,,,,,,LC ADF,300,Image resolution,0,,,,,,1,12/31/2025,1,ESI 1 volume multiplier,0,percent0,1,ESI 2 volume multiplier,0,percent0,1,ESI 3 volume multiplier,0,percent0,1,ESI 4 volume multiplier,0,percent0,1,ESI 5 volume multiplier,0,percent0,,,,,6,Figure height,0,,10,Figure width,0,,,,,,,,,,Segoe UI,Global font family,0,,,,,,0,Display start value for graph,0,hour12,TRUE,,,,,,,,,,,,10,Legend font size,0,,3,Legend height,0,,2,Legend columns,0,,4,Legend width,0,,,,,,#A7AAAD,Off-peak bars,0,,#6F994E,P70 line,0,,#F2B701,P80 line,0,,#F28E2B,P90 line,0,,#3E839E,Peak bars,0,,#0B4F79,Peak census line,0,,12,Length of peak period,0,integer,auto,Peak period parameter mode,0,,6,Start for peak period,0,integer,vis_10_title,,,,vis_10_title,,,,vis_10_legend,,,,vis_10_legend,,,,vis_10_parameters,,,,vis_10_param,,,,_room_need_,,,,vis_10_tbl01,,,,vis_10__,,,,vis_10_image,,,,,,,,,,,,,,,,,,,,group3,,,,3,,,,pptx_template.vis_10.test.pptx,,,,8,,,,,,,,,,,,,,,,,,,,,,,,,,,,,,,,,,,,,,,,#D40062,Room need line,0,,,,,,,,,,,,,,1/1/2021,12,Subtitle font size,0,,8,Axis tick label size,0,,#d9d9d9,Background color,0,,16,Title font size,0,,0.3,Title image height,0,,bold,Title font weight,0,,13.33,Title image width,0,,,,,,,,,,,,,,,,,,,,,,cohort,0.85,Capacity Utilization Factor,1,percent0,0,Growth adjustment factor,0,percent0,,,,,1,,,,,0,Axis decimal places,0,,raw,raw count percent formatting mode,0,,1,Axis multiplier,0,,,Axis suffix,0,,,,,,fiscal
N,vis_10,vis_10,adf,adf.med.m,medium.male,Medium Custody Male,((custody_class.isin(['MED']))) & (sex == 'M'),adf,med.m,,,,,,,,,,,,,,,,,,,,,,,,,,,,,,,,,,,,,,,,,,,,,,,,,,,,,,,,,,,,,,,,,,,,,,,,,,,,,week,Aggregation level (hour/day_of_week/month/week),0,,,,,,,,,,,,,,30,,,,#2ca02c,,,,--,,,,1.25,,,,TRUE,,,,,,,,,,,,,,,,,,,,,,,,,,,,,,,,,,,,,,,,,,,,,,,,LC ADF,300,Image resolution,0,,,,,,1,12/31/2025,1,ESI 1 volume multiplier,0,percent0,1,ESI 2 volume multiplier,0,percent0,1,ESI 3 volume multiplier,0,percent0,1,ESI 4 volume multiplier,0,percent0,1,ESI 5 volume multiplier,0,percent0,,,,,6,Figure height,0,,10,Figure width,0,,,,,,,,,,Segoe UI,Global font family,0,,,,,,0,Display start value for graph,0,hour12,TRUE,,,,,,,,,,,,10,Legend font size,0,,3,Legend height,0,,2,Legend columns,0,,4,Legend width,0,,,,,,#A7AAAD,Off-peak bars,0,,#6F994E,P70 line,0,,#F2B701,P80 line,0,,#F28E2B,P90 line,0,,#3E839E,Peak bars,0,,#0B4F79,Peak census line,0,,12,Length of peak period,0,integer,auto,Peak period parameter mode,0,,6,Start for peak period,0,integer,vis_10_title,,,,vis_10_title,,,,vis_10_legend,,,,vis_10_legend,,,,vis_10_parameters,,,,vis_10_param,,,,_room_need_,,,,vis_10_tbl01,,,,vis_10__,,,,vis_10_image,,,,,,,,,,,,,,,,,,,,group3,,,,3,,,,pptx_template.vis_10.test.pptx,,,,8,,,,,,,,,,,,,,,,,,,,,,,,,,,,,,,,,,,,,,,,#D40062,Room need line,0,,,,,,,,,,,,,,1/1/2021,12,Subtitle font size,0,,8,Axis tick label size,0,,#d9d9d9,Background color,0,,16,Title font size,0,,0.3,Title image height,0,,bold,Title font weight,0,,13.33,Title image width,0,,,,,,,,,,,,,,,,,,,,,,cohort,0.85,Capacity Utilization Factor,1,percent0,0,Growth adjustment factor,0,percent0,,,,,1,,,,,0,Axis decimal places,0,,raw,raw count percent formatting mode,0,,1,Axis multiplier,0,,,Axis suffix,0,,,,,,fiscal
N,vis_10,vis_10,adf,adf.med.m.55plus,medium.male.55plus,Medium Custody Male 55+,(((custody_class.isin(['MED']))) & (sex == 'M')) & (age_bracket == 'adult 55+'),adf,med.m.55plus,,,,,,,,,,,,,,,,,,,,,,,,,,,,,,,,,,,,,,,,,,,,,,,,,,,,,,,,,,,,,,,,,,,,,,,,,,,,,week,Aggregation level (hour/day_of_week/month/week),0,,,,,,,,,,,,,,30,,,,#2ca02c,,,,--,,,,1.25,,,,TRUE,,,,,,,,,,,,,,,,,,,,,,,,,,,,,,,,,,,,,,,,,,,,,,,,LC ADF,300,Image resolution,0,,,,,,1,12/31/2025,1,ESI 1 volume multiplier,0,percent0,1,ESI 2 volume multiplier,0,percent0,1,ESI 3 volume multiplier,0,percent0,1,ESI 4 volume multiplier,0,percent0,1,ESI 5 volume multiplier,0,percent0,,,,,6,Figure height,0,,10,Figure width,0,,,,,,,,,,Segoe UI,Global font family,0,,,,,,0,Display start value for graph,0,hour12,TRUE,,,,,,,,,,,,10,Legend font size,0,,3,Legend height,0,,2,Legend columns,0,,4,Legend width,0,,,,,,#A7AAAD,Off-peak bars,0,,#6F994E,P70 line,0,,#F2B701,P80 line,0,,#F28E2B,P90 line,0,,#3E839E,Peak bars,0,,#0B4F79,Peak census line,0,,12,Length of peak period,0,integer,auto,Peak period parameter mode,0,,6,Start for peak period,0,integer,vis_10_title,,,,vis_10_title,,,,vis_10_legend,,,,vis_10_legend,,,,vis_10_parameters,,,,vis_10_param,,,,_room_need_,,,,vis_10_tbl01,,,,vis_10__,,,,vis_10_image,,,,,,,,,,,,,,,,,,,,group3,,,,3,,,,pptx_template.vis_10.test.pptx,,,,8,,,,,,,,,,,,,,,,,,,,,,,,,,,,,,,,,,,,,,,,#D40062,Room need line,0,,,,,,,,,,,,,,1/1/2021,12,Subtitle font size,0,,8,Axis tick label size,0,,#d9d9d9,Background color,0,,16,Title font size,0,,0.3,Title image height,0,,bold,Title font weight,0,,13.33,Title image width,0,,,,,,,,,,,,,,,,,,,,,,cohort,0.85,Capacity Utilization Factor,1,percent0,0,Growth adjustment factor,0,percent0,,,,,1,,,,,0,Axis decimal places,0,,raw,raw count percent formatting mode,0,,1,Axis multiplier,0,,,Axis suffix,0,,,,,,fiscal
N,vis_10,vis_10,adf,adf.med.m.ch_high,medium.male.chronic_high,Medium Custody Male Highly Severe Chronic Health Condition,(((custody_class.isin(['MED']))) & (sex == 'M')) & (chronic_status == 'HIGH'),adf,med.m.ch_high,,,,,,,,,,,,,,,,,,,,,,,,,,,,,,,,,,,,,,,,,,,,,,,,,,,,,,,,,,,,,,,,,,,,,,,,,,,,,week,Aggregation level (hour/day_of_week/month/week),0,,,,,,,,,,,,,,30,,,,#2ca02c,,,,--,,,,1.25,,,,TRUE,,,,,,,,,,,,,,,,,,,,,,,,,,,,,,,,,,,,,,,,,,,,,,,,LC ADF,300,Image resolution,0,,,,,,1,12/31/2025,1,ESI 1 volume multiplier,0,percent0,1,ESI 2 volume multiplier,0,percent0,1,ESI 3 volume multiplier,0,percent0,1,ESI 4 volume multiplier,0,percent0,1,ESI 5 volume multiplier,0,percent0,,,,,6,Figure height,0,,10,Figure width,0,,,,,,,,,,Segoe UI,Global font family,0,,,,,,0,Display start value for graph,0,hour12,TRUE,,,,,,,,,,,,10,Legend font size,0,,3,Legend height,0,,2,Legend columns,0,,4,Legend width,0,,,,,,#A7AAAD,Off-peak bars,0,,#6F994E,P70 line,0,,#F2B701,P80 line,0,,#F28E2B,P90 line,0,,#3E839E,Peak bars,0,,#0B4F79,Peak census line,0,,12,Length of peak period,0,integer,auto,Peak period parameter mode,0,,6,Start for peak period,0,integer,vis_10_title,,,,vis_10_title,,,,vis_10_legend,,,,vis_10_legend,,,,vis_10_parameters,,,,vis_10_param,,,,_room_need_,,,,vis_10_tbl01,,,,vis_10__,,,,vis_10_image,,,,,,,,,,,,,,,,,,,,group3,,,,3,,,,pptx_template.vis_10.test.pptx,,,,8,,,,,,,,,,,,,,,,,,,,,,,,,,,,,,,,,,,,,,,,#D40062,Room need line,0,,,,,,,,,,,,,,1/1/2021,12,Subtitle font size,0,,8,Axis tick label size,0,,#d9d9d9,Background color,0,,16,Title font size,0,,0.3,Title image height,0,,bold,Title font weight,0,,13.33,Title image width,0,,,,,,,,,,,,,,,,,,,,,,cohort,0.85,Capacity Utilization Factor,1,percent0,0,Growth adjustment factor,0,percent0,,,,,1,,,,,0,Axis decimal places,0,,raw,raw count percent formatting mode,0,,1,Axis multiplier,0,,,Axis suffix,0,,,,,,fiscal
N,vis_10,vis_10,adf,adf.med.m.ch_low_mod_no,medium.male.chronic_low_moderate_no_chronic,Medium Custody Male Low/Moderate/No Chronic Health Condition,"(((custody_class.isin(['MED']))) & (sex == 'M')) & (chronic_status .isin(['LOW','MODERATE','NO CHRONIC CONDITION']))",adf,med.m.ch_low_mod_no,,,,,,,,,,,,,,,,,,,,,,,,,,,,,,,,,,,,,,,,,,,,,,,,,,,,,,,,,,,,,,,,,,,,,,,,,,,,,week,Aggregation level (hour/day_of_week/month/week),0,,,,,,,,,,,,,,30,,,,#2ca02c,,,,--,,,,1.25,,,,TRUE,,,,,,,,,,,,,,,,,,,,,,,,,,,,,,,,,,,,,,,,,,,,,,,,LC ADF,300,Image resolution,0,,,,,,1,12/31/2025,1,ESI 1 volume multiplier,0,percent0,1,ESI 2 volume multiplier,0,percent0,1,ESI 3 volume multiplier,0,percent0,1,ESI 4 volume multiplier,0,percent0,1,ESI 5 volume multiplier,0,percent0,,,,,6,Figure height,0,,10,Figure width,0,,,,,,,,,,Segoe UI,Global font family,0,,,,,,0,Display start value for graph,0,hour12,TRUE,,,,,,,,,,,,10,Legend font size,0,,3,Legend height,0,,2,Legend columns,0,,4,Legend width,0,,,,,,#A7AAAD,Off-peak bars,0,,#6F994E,P70 line,0,,#F2B701,P80 line,0,,#F28E2B,P90 line,0,,#3E839E,Peak bars,0,,#0B4F79,Peak census line,0,,12,Length of peak period,0,integer,auto,Peak period parameter mode,0,,6,Start for peak period,0,integer,vis_10_title,,,,vis_10_title,,,,vis_10_legend,,,,vis_10_legend,,,,vis_10_parameters,,,,vis_10_param,,,,_room_need_,,,,vis_10_tbl01,,,,vis_10__,,,,vis_10_image,,,,,,,,,,,,,,,,,,,,group3,,,,3,,,,pptx_template.vis_10.test.pptx,,,,8,,,,,,,,,,,,,,,,,,,,,,,,,,,,,,,,,,,,,,,,#D40062,Room need line,0,,,,,,,,,,,,,,1/1/2021,12,Subtitle font size,0,,8,Axis tick label size,0,,#d9d9d9,Background color,0,,16,Title font size,0,,0.3,Title image height,0,,bold,Title font weight,0,,13.33,Title image width,0,,,,,,,,,,,,,,,,,,,,,,cohort,0.85,Capacity Utilization Factor,1,percent0,0,Growth adjustment factor,0,percent0,,,,,1,,,,,0,Axis decimal places,0,,raw,raw count percent formatting mode,0,,1,Axis multiplier,0,,,Axis suffix,0,,,,,,fiscal
N,vis_10,vis_10,adf,adf.med.m.u55,medium.male.u55,Medium Custody Male Under 55,(((custody_class.isin(['MED']))) & (sex == 'M')) & (age_bracket == 'adult under 55'),adf,med.m.u55,,,,,,,,,,,,,,,,,,,,,,,,,,,,,,,,,,,,,,,,,,,,,,,,,,,,,,,,,,,,,,,,,,,,,,,,,,,,,week,Aggregation level (hour/day_of_week/month/week),0,,,,,,,,,,,,,,30,,,,#2ca02c,,,,--,,,,1.25,,,,TRUE,,,,,,,,,,,,,,,,,,,,,,,,,,,,,,,,,,,,,,,,,,,,,,,,LC ADF,300,Image resolution,0,,,,,,1,12/31/2025,1,ESI 1 volume multiplier,0,percent0,1,ESI 2 volume multiplier,0,percent0,1,ESI 3 volume multiplier,0,percent0,1,ESI 4 volume multiplier,0,percent0,1,ESI 5 volume multiplier,0,percent0,,,,,6,Figure height,0,,10,Figure width,0,,,,,,,,,,Segoe UI,Global font family,0,,,,,,0,Display start value for graph,0,hour12,TRUE,,,,,,,,,,,,10,Legend font size,0,,3,Legend height,0,,2,Legend columns,0,,4,Legend width,0,,,,,,#A7AAAD,Off-peak bars,0,,#6F994E,P70 line,0,,#F2B701,P80 line,0,,#F28E2B,P90 line,0,,#3E839E,Peak bars,0,,#0B4F79,Peak census line,0,,12,Length of peak period,0,integer,auto,Peak period parameter mode,0,,6,Start for peak period,0,integer,vis_10_title,,,,vis_10_title,,,,vis_10_legend,,,,vis_10_legend,,,,vis_10_parameters,,,,vis_10_param,,,,_room_need_,,,,vis_10_tbl01,,,,vis_10__,,,,vis_10_image,,,,,,,,,,,,,,,,,,,,group3,,,,3,,,,pptx_template.vis_10.test.pptx,,,,8,,,,,,,,,,,,,,,,,,,,,,,,,,,,,,,,,,,,,,,,#D40062,Room need line,0,,,,,,,,,,,,,,1/1/2021,12,Subtitle font size,0,,8,Axis tick label size,0,,#d9d9d9,Background color,0,,16,Title font size,0,,0.3,Title image height,0,,bold,Title font weight,0,,13.33,Title image width,0,,,,,,,,,,,,,,,,,,,,,,cohort,0.85,Capacity Utilization Factor,1,percent0,0,Growth adjustment factor,0,percent0,,,,,1,,,,,0,Axis decimal places,0,,raw,raw count percent formatting mode,0,,1,Axis multiplier,0,,,Axis suffix,0,,,,,,fiscal
N,vis_10,vis_10,adf,adf.med.u55,medium.u55,Medium Custody Under 55,((custody_class.isin(['MED']))) & (age_bracket == 'adult under 55'),adf,med.u55,,,,,,,,,,,,,,,,,,,,,,,,,,,,,,,,,,,,,,,,,,,,,,,,,,,,,,,,,,,,,,,,,,,,,,,,,,,,,week,Aggregation level (hour/day_of_week/month/week),0,,,,,,,,,,,,,,30,,,,#2ca02c,,,,--,,,,1.25,,,,TRUE,,,,,,,,,,,,,,,,,,,,,,,,,,,,,,,,,,,,,,,,,,,,,,,,LC ADF,300,Image resolution,0,,,,,,1,12/31/2025,1,ESI 1 volume multiplier,0,percent0,1,ESI 2 volume multiplier,0,percent0,1,ESI 3 volume multiplier,0,percent0,1,ESI 4 volume multiplier,0,percent0,1,ESI 5 volume multiplier,0,percent0,,,,,6,Figure height,0,,10,Figure width,0,,,,,,,,,,Segoe UI,Global font family,0,,,,,,0,Display start value for graph,0,hour12,TRUE,,,,,,,,,,,,10,Legend font size,0,,3,Legend height,0,,2,Legend columns,0,,4,Legend width,0,,,,,,#A7AAAD,Off-peak bars,0,,#6F994E,P70 line,0,,#F2B701,P80 line,0,,#F28E2B,P90 line,0,,#3E839E,Peak bars,0,,#0B4F79,Peak census line,0,,12,Length of peak period,0,integer,auto,Peak period parameter mode,0,,6,Start for peak period,0,integer,vis_10_title,,,,vis_10_title,,,,vis_10_legend,,,,vis_10_legend,,,,vis_10_parameters,,,,vis_10_param,,,,_room_need_,,,,vis_10_tbl01,,,,vis_10__,,,,vis_10_image,,,,,,,,,,,,,,,,,,,,group3,,,,3,,,,pptx_template.vis_10.test.pptx,,,,8,,,,,,,,,,,,,,,,,,,,,,,,,,,,,,,,,,,,,,,,#D40062,Room need line,0,,,,,,,,,,,,,,1/1/2021,12,Subtitle font size,0,,8,Axis tick label size,0,,#d9d9d9,Background color,0,,16,Title font size,0,,0.3,Title image height,0,,bold,Title font weight,0,,13.33,Title image width,0,,,,,,,,,,,,,,,,,,,,,,cohort,0.85,Capacity Utilization Factor,1,percent0,0,Growth adjustment factor,0,percent0,,,,,1,,,,,0,Axis decimal places,0,,raw,raw count percent formatting mode,0,,1,Axis multiplier,0,,,Axis suffix,0,,,,,,fiscal
N,vis_10,vis_10,adf,adf.min,minimum,Minimum Custody,"(custody_class.isin(['MIN', 'MINIMUM', 'MIIN']))",adf,min,,,,,,,,,,,,,,,,,,,,,,,,,,,,,,,,,,,,,,,,,,,,,,,,,,,,,,,,,,,,,,,,,,,,,,,,,,,,,week,Aggregation level (hour/day_of_week/month/week),0,,,,,,,,,,,,,,30,,,,#2ca02c,,,,--,,,,1.25,,,,TRUE,,,,,,,,,,,,,,,,,,,,,,,,,,,,,,,,,,,,,,,,,,,,,,,,LC ADF,300,Image resolution,0,,,,,,1,12/31/2025,1,ESI 1 volume multiplier,0,percent0,1,ESI 2 volume multiplier,0,percent0,1,ESI 3 volume multiplier,0,percent0,1,ESI 4 volume multiplier,0,percent0,1,ESI 5 volume multiplier,0,percent0,,,,,6,Figure height,0,,10,Figure width,0,,,,,,,,,,Segoe UI,Global font family,0,,,,,,0,Display start value for graph,0,hour12,TRUE,,,,,,,,,,,,10,Legend font size,0,,3,Legend height,0,,2,Legend columns,0,,4,Legend width,0,,,,,,#A7AAAD,Off-peak bars,0,,#6F994E,P70 line,0,,#F2B701,P80 line,0,,#F28E2B,P90 line,0,,#3E839E,Peak bars,0,,#0B4F79,Peak census line,0,,12,Length of peak period,0,integer,auto,Peak period parameter mode,0,,6,Start for peak period,0,integer,vis_10_title,,,,vis_10_title,,,,vis_10_legend,,,,vis_10_legend,,,,vis_10_parameters,,,,vis_10_param,,,,_room_need_,,,,vis_10_tbl01,,,,vis_10__,,,,vis_10_image,,,,,,,,,,,,,,,,,,,,group3,,,,3,,,,pptx_template.vis_10.test.pptx,,,,8,,,,,,,,,,,,,,,,,,,,,,,,,,,,,,,,,,,,,,,,#D40062,Room need line,0,,,,,,,,,,,,,,1/1/2021,12,Subtitle font size,0,,8,Axis tick label size,0,,#d9d9d9,Background color,0,,16,Title font size,0,,0.3,Title image height,0,,bold,Title font weight,0,,13.33,Title image width,0,,,,,,,,,,,,,,,,,,,,,,cohort,0.85,Capacity Utilization Factor,1,percent0,0,Growth adjustment factor,0,percent0,,,,,1,,,,,0,Axis decimal places,0,,raw,raw count percent formatting mode,0,,1,Axis multiplier,0,,,Axis suffix,0,,,,,,fiscal
N,vis_10,vis_10,adf,adf.min.55plus,minimum.55plus,Minimum Custody 55+,"((custody_class.isin(['MIN', 'MINIMUM', 'MIIN']))) & (age_bracket == 'adult 55+')",adf,min.55plus,,,,,,,,,,,,,,,,,,,,,,,,,,,,,,,,,,,,,,,,,,,,,,,,,,,,,,,,,,,,,,,,,,,,,,,,,,,,,week,Aggregation level (hour/day_of_week/month/week),0,,,,,,,,,,,,,,30,,,,#2ca02c,,,,--,,,,1.25,,,,TRUE,,,,,,,,,,,,,,,,,,,,,,,,,,,,,,,,,,,,,,,,,,,,,,,,LC ADF,300,Image resolution,0,,,,,,1,12/31/2025,1,ESI 1 volume multiplier,0,percent0,1,ESI 2 volume multiplier,0,percent0,1,ESI 3 volume multiplier,0,percent0,1,ESI 4 volume multiplier,0,percent0,1,ESI 5 volume multiplier,0,percent0,,,,,6,Figure height,0,,10,Figure width,0,,,,,,,,,,Segoe UI,Global font family,0,,,,,,0,Display start value for graph,0,hour12,TRUE,,,,,,,,,,,,10,Legend font size,0,,3,Legend height,0,,2,Legend columns,0,,4,Legend width,0,,,,,,#A7AAAD,Off-peak bars,0,,#6F994E,P70 line,0,,#F2B701,P80 line,0,,#F28E2B,P90 line,0,,#3E839E,Peak bars,0,,#0B4F79,Peak census line,0,,12,Length of peak period,0,integer,auto,Peak period parameter mode,0,,6,Start for peak period,0,integer,vis_10_title,,,,vis_10_title,,,,vis_10_legend,,,,vis_10_legend,,,,vis_10_parameters,,,,vis_10_param,,,,_room_need_,,,,vis_10_tbl01,,,,vis_10__,,,,vis_10_image,,,,,,,,,,,,,,,,,,,,group3,,,,3,,,,pptx_template.vis_10.test.pptx,,,,8,,,,,,,,,,,,,,,,,,,,,,,,,,,,,,,,,,,,,,,,#D40062,Room need line,0,,,,,,,,,,,,,,1/1/2021,12,Subtitle font size,0,,8,Axis tick label size,0,,#d9d9d9,Background color,0,,16,Title font size,0,,0.3,Title image height,0,,bold,Title font weight,0,,13.33,Title image width,0,,,,,,,,,,,,,,,,,,,,,,cohort,0.85,Capacity Utilization Factor,1,percent0,0,Growth adjustment factor,0,percent0,,,,,1,,,,,0,Axis decimal places,0,,raw,raw count percent formatting mode,0,,1,Axis multiplier,0,,,Axis suffix,0,,,,,,fiscal
N,vis_10,vis_10,adf,adf.min.ch_high,minimum.chronic_high,Minimum Custody Highly Severe Chronic Health Condition,"((custody_class.isin(['MIN', 'MINIMUM', 'MIIN']))) & (chronic_status == 'HIGH')",adf,min.ch_high,,,,,,,,,,,,,,,,,,,,,,,,,,,,,,,,,,,,,,,,,,,,,,,,,,,,,,,,,,,,,,,,,,,,,,,,,,,,,week,Aggregation level (hour/day_of_week/month/week),0,,,,,,,,,,,,,,30,,,,#2ca02c,,,,--,,,,1.25,,,,TRUE,,,,,,,,,,,,,,,,,,,,,,,,,,,,,,,,,,,,,,,,,,,,,,,,LC ADF,300,Image resolution,0,,,,,,1,12/31/2025,1,ESI 1 volume multiplier,0,percent0,1,ESI 2 volume multiplier,0,percent0,1,ESI 3 volume multiplier,0,percent0,1,ESI 4 volume multiplier,0,percent0,1,ESI 5 volume multiplier,0,percent0,,,,,6,Figure height,0,,10,Figure width,0,,,,,,,,,,Segoe UI,Global font family,0,,,,,,0,Display start value for graph,0,hour12,TRUE,,,,,,,,,,,,10,Legend font size,0,,3,Legend height,0,,2,Legend columns,0,,4,Legend width,0,,,,,,#A7AAAD,Off-peak bars,0,,#6F994E,P70 line,0,,#F2B701,P80 line,0,,#F28E2B,P90 line,0,,#3E839E,Peak bars,0,,#0B4F79,Peak census line,0,,12,Length of peak period,0,integer,auto,Peak period parameter mode,0,,6,Start for peak period,0,integer,vis_10_title,,,,vis_10_title,,,,vis_10_legend,,,,vis_10_legend,,,,vis_10_parameters,,,,vis_10_param,,,,_room_need_,,,,vis_10_tbl01,,,,vis_10__,,,,vis_10_image,,,,,,,,,,,,,,,,,,,,group3,,,,3,,,,pptx_template.vis_10.test.pptx,,,,8,,,,,,,,,,,,,,,,,,,,,,,,,,,,,,,,,,,,,,,,#D40062,Room need line,0,,,,,,,,,,,,,,1/1/2021,12,Subtitle font size,0,,8,Axis tick label size,0,,#d9d9d9,Background color,0,,16,Title font size,0,,0.3,Title image height,0,,bold,Title font weight,0,,13.33,Title image width,0,,,,,,,,,,,,,,,,,,,,,,cohort,0.85,Capacity Utilization Factor,1,percent0,0,Growth adjustment factor,0,percent0,,,,,1,,,,,0,Axis decimal places,0,,raw,raw count percent formatting mode,0,,1,Axis multiplier,0,,,Axis suffix,0,,,,,,fiscal
N,vis_10,vis_10,adf,adf.min.ch_low_mod_no,minimum.chronic_low_moderate_no_chronic,Minimum Custody Low/Moderate/No Chronic Health Condition,"((custody_class.isin(['MIN', 'MINIMUM', 'MIIN']))) & (chronic_status .isin(['LOW','MODERATE','NO CHRONIC CONDITION']))",adf,min.ch_low_mod_no,,,,,,,,,,,,,,,,,,,,,,,,,,,,,,,,,,,,,,,,,,,,,,,,,,,,,,,,,,,,,,,,,,,,,,,,,,,,,week,Aggregation level (hour/day_of_week/month/week),0,,,,,,,,,,,,,,30,,,,#2ca02c,,,,--,,,,1.25,,,,TRUE,,,,,,,,,,,,,,,,,,,,,,,,,,,,,,,,,,,,,,,,,,,,,,,,LC ADF,300,Image resolution,0,,,,,,1,12/31/2025,1,ESI 1 volume multiplier,0,percent0,1,ESI 2 volume multiplier,0,percent0,1,ESI 3 volume multiplier,0,percent0,1,ESI 4 volume multiplier,0,percent0,1,ESI 5 volume multiplier,0,percent0,,,,,6,Figure height,0,,10,Figure width,0,,,,,,,,,,Segoe UI,Global font family,0,,,,,,0,Display start value for graph,0,hour12,TRUE,,,,,,,,,,,,10,Legend font size,0,,3,Legend height,0,,2,Legend columns,0,,4,Legend width,0,,,,,,#A7AAAD,Off-peak bars,0,,#6F994E,P70 line,0,,#F2B701,P80 line,0,,#F28E2B,P90 line,0,,#3E839E,Peak bars,0,,#0B4F79,Peak census line,0,,12,Length of peak period,0,integer,auto,Peak period parameter mode,0,,6,Start for peak period,0,integer,vis_10_title,,,,vis_10_title,,,,vis_10_legend,,,,vis_10_legend,,,,vis_10_parameters,,,,vis_10_param,,,,_room_need_,,,,vis_10_tbl01,,,,vis_10__,,,,vis_10_image,,,,,,,,,,,,,,,,,,,,group3,,,,3,,,,pptx_template.vis_10.test.pptx,,,,8,,,,,,,,,,,,,,,,,,,,,,,,,,,,,,,,,,,,,,,,#D40062,Room need line,0,,,,,,,,,,,,,,1/1/2021,12,Subtitle font size,0,,8,Axis tick label size,0,,#d9d9d9,Background color,0,,16,Title font size,0,,0.3,Title image height,0,,bold,Title font weight,0,,13.33,Title image width,0,,,,,,,,,,,,,,,,,,,,,,cohort,0.85,Capacity Utilization Factor,1,percent0,0,Growth adjustment factor,0,percent0,,,,,1,,,,,0,Axis decimal places,0,,raw,raw count percent formatting mode,0,,1,Axis multiplier,0,,,Axis suffix,0,,,,,,fiscal
N,vis_10,vis_10,adf,adf.min.f,minimum.female,Minimum Custody Female,"((custody_class.isin(['MIN', 'MINIMUM', 'MIIN']))) & (sex == 'F')",adf,min.f,,,,,,,,,,,,,,,,,,,,,,,,,,,,,,,,,,,,,,,,,,,,,,,,,,,,,,,,,,,,,,,,,,,,,,,,,,,,,week,Aggregation level (hour/day_of_week/month/week),0,,,,,,,,,,,,,,30,,,,#2ca02c,,,,--,,,,1.25,,,,TRUE,,,,,,,,,,,,,,,,,,,,,,,,,,,,,,,,,,,,,,,,,,,,,,,,LC ADF,300,Image resolution,0,,,,,,1,12/31/2025,1,ESI 1 volume multiplier,0,percent0,1,ESI 2 volume multiplier,0,percent0,1,ESI 3 volume multiplier,0,percent0,1,ESI 4 volume multiplier,0,percent0,1,ESI 5 volume multiplier,0,percent0,,,,,6,Figure height,0,,10,Figure width,0,,,,,,,,,,Segoe UI,Global font family,0,,,,,,0,Display start value for graph,0,hour12,TRUE,,,,,,,,,,,,10,Legend font size,0,,3,Legend height,0,,2,Legend columns,0,,4,Legend width,0,,,,,,#A7AAAD,Off-peak bars,0,,#6F994E,P70 line,0,,#F2B701,P80 line,0,,#F28E2B,P90 line,0,,#3E839E,Peak bars,0,,#0B4F79,Peak census line,0,,12,Length of peak period,0,integer,auto,Peak period parameter mode,0,,6,Start for peak period,0,integer,vis_10_title,,,,vis_10_title,,,,vis_10_legend,,,,vis_10_legend,,,,vis_10_parameters,,,,vis_10_param,,,,_room_need_,,,,vis_10_tbl01,,,,vis_10__,,,,vis_10_image,,,,,,,,,,,,,,,,,,,,group3,,,,3,,,,pptx_template.vis_10.test.pptx,,,,8,,,,,,,,,,,,,,,,,,,,,,,,,,,,,,,,,,,,,,,,#D40062,Room need line,0,,,,,,,,,,,,,,1/1/2021,12,Subtitle font size,0,,8,Axis tick label size,0,,#d9d9d9,Background color,0,,16,Title font size,0,,0.3,Title image height,0,,bold,Title font weight,0,,13.33,Title image width,0,,,,,,,,,,,,,,,,,,,,,,cohort,0.85,Capacity Utilization Factor,1,percent0,0,Growth adjustment factor,0,percent0,,,,,1,,,,,0,Axis decimal places,0,,raw,raw count percent formatting mode,0,,1,Axis multiplier,0,,,Axis suffix,0,,,,,,fiscal
N,vis_10,vis_10,adf,adf.min.f.55plus,minimum.female.55plus,Minimum Custody Female 55+,"(((custody_class.isin(['MIN', 'MINIMUM', 'MIIN']))) & (sex == 'F')) & (age_bracket == 'adult 55+')",adf,min.f.55plus,,,,,,,,,,,,,,,,,,,,,,,,,,,,,,,,,,,,,,,,,,,,,,,,,,,,,,,,,,,,,,,,,,,,,,,,,,,,,week,Aggregation level (hour/day_of_week/month/week),0,,,,,,,,,,,,,,30,,,,#2ca02c,,,,--,,,,1.25,,,,TRUE,,,,,,,,,,,,,,,,,,,,,,,,,,,,,,,,,,,,,,,,,,,,,,,,LC ADF,300,Image resolution,0,,,,,,1,12/31/2025,1,ESI 1 volume multiplier,0,percent0,1,ESI 2 volume multiplier,0,percent0,1,ESI 3 volume multiplier,0,percent0,1,ESI 4 volume multiplier,0,percent0,1,ESI 5 volume multiplier,0,percent0,,,,,6,Figure height,0,,10,Figure width,0,,,,,,,,,,Segoe UI,Global font family,0,,,,,,0,Display start value for graph,0,hour12,TRUE,,,,,,,,,,,,10,Legend font size,0,,3,Legend height,0,,2,Legend columns,0,,4,Legend width,0,,,,,,#A7AAAD,Off-peak bars,0,,#6F994E,P70 line,0,,#F2B701,P80 line,0,,#F28E2B,P90 line,0,,#3E839E,Peak bars,0,,#0B4F79,Peak census line,0,,12,Length of peak period,0,integer,auto,Peak period parameter mode,0,,6,Start for peak period,0,integer,vis_10_title,,,,vis_10_title,,,,vis_10_legend,,,,vis_10_legend,,,,vis_10_parameters,,,,vis_10_param,,,,_room_need_,,,,vis_10_tbl01,,,,vis_10__,,,,vis_10_image,,,,,,,,,,,,,,,,,,,,group3,,,,3,,,,pptx_template.vis_10.test.pptx,,,,8,,,,,,,,,,,,,,,,,,,,,,,,,,,,,,,,,,,,,,,,#D40062,Room need line,0,,,,,,,,,,,,,,1/1/2021,12,Subtitle font size,0,,8,Axis tick label size,0,,#d9d9d9,Background color,0,,16,Title font size,0,,0.3,Title image height,0,,bold,Title font weight,0,,13.33,Title image width,0,,,,,,,,,,,,,,,,,,,,,,cohort,0.85,Capacity Utilization Factor,1,percent0,0,Growth adjustment factor,0,percent0,,,,,1,,,,,0,Axis decimal places,0,,raw,raw count percent formatting mode,0,,1,Axis multiplier,0,,,Axis suffix,0,,,,,,fiscal
N,vis_10,vis_10,adf,adf.min.f.ch_high,minimum.female.chronic_high,Minimum Custody Female Highly Severe Chronic Health Condition,"(((custody_class.isin(['MIN', 'MINIMUM', 'MIIN']))) & (sex == 'F')) & (chronic_status == 'HIGH')",adf,min.f.ch_high,,,,,,,,,,,,,,,,,,,,,,,,,,,,,,,,,,,,,,,,,,,,,,,,,,,,,,,,,,,,,,,,,,,,,,,,,,,,,week,Aggregation level (hour/day_of_week/month/week),0,,,,,,,,,,,,,,30,,,,#2ca02c,,,,--,,,,1.25,,,,TRUE,,,,,,,,,,,,,,,,,,,,,,,,,,,,,,,,,,,,,,,,,,,,,,,,LC ADF,300,Image resolution,0,,,,,,1,12/31/2025,1,ESI 1 volume multiplier,0,percent0,1,ESI 2 volume multiplier,0,percent0,1,ESI 3 volume multiplier,0,percent0,1,ESI 4 volume multiplier,0,percent0,1,ESI 5 volume multiplier,0,percent0,,,,,6,Figure height,0,,10,Figure width,0,,,,,,,,,,Segoe UI,Global font family,0,,,,,,0,Display start value for graph,0,hour12,TRUE,,,,,,,,,,,,10,Legend font size,0,,3,Legend height,0,,2,Legend columns,0,,4,Legend width,0,,,,,,#A7AAAD,Off-peak bars,0,,#6F994E,P70 line,0,,#F2B701,P80 line,0,,#F28E2B,P90 line,0,,#3E839E,Peak bars,0,,#0B4F79,Peak census line,0,,12,Length of peak period,0,integer,auto,Peak period parameter mode,0,,6,Start for peak period,0,integer,vis_10_title,,,,vis_10_title,,,,vis_10_legend,,,,vis_10_legend,,,,vis_10_parameters,,,,vis_10_param,,,,_room_need_,,,,vis_10_tbl01,,,,vis_10__,,,,vis_10_image,,,,,,,,,,,,,,,,,,,,group3,,,,3,,,,pptx_template.vis_10.test.pptx,,,,8,,,,,,,,,,,,,,,,,,,,,,,,,,,,,,,,,,,,,,,,#D40062,Room need line,0,,,,,,,,,,,,,,1/1/2021,12,Subtitle font size,0,,8,Axis tick label size,0,,#d9d9d9,Background color,0,,16,Title font size,0,,0.3,Title image height,0,,bold,Title font weight,0,,13.33,Title image width,0,,,,,,,,,,,,,,,,,,,,,,cohort,0.85,Capacity Utilization Factor,1,percent0,0,Growth adjustment factor,0,percent0,,,,,1,,,,,0,Axis decimal places,0,,raw,raw count percent formatting mode,0,,1,Axis multiplier,0,,,Axis suffix,0,,,,,,fiscal
N,vis_10,vis_10,adf,adf.min.f.ch_low_mod_no,minimum.female.chronic_low_moderate_no_chronic,Minimum Custody Female Low/Moderate/No Chronic Health Condition,"(((custody_class.isin(['MIN', 'MINIMUM', 'MIIN']))) & (sex == 'F')) & (chronic_status .isin(['LOW','MODERATE','NO CHRONIC CONDITION']))",adf,min.f.ch_low_mod_no,,,,,,,,,,,,,,,,,,,,,,,,,,,,,,,,,,,,,,,,,,,,,,,,,,,,,,,,,,,,,,,,,,,,,,,,,,,,,week,Aggregation level (hour/day_of_week/month/week),0,,,,,,,,,,,,,,30,,,,#2ca02c,,,,--,,,,1.25,,,,TRUE,,,,,,,,,,,,,,,,,,,,,,,,,,,,,,,,,,,,,,,,,,,,,,,,LC ADF,300,Image resolution,0,,,,,,1,12/31/2025,1,ESI 1 volume multiplier,0,percent0,1,ESI 2 volume multiplier,0,percent0,1,ESI 3 volume multiplier,0,percent0,1,ESI 4 volume multiplier,0,percent0,1,ESI 5 volume multiplier,0,percent0,,,,,6,Figure height,0,,10,Figure width,0,,,,,,,,,,Segoe UI,Global font family,0,,,,,,0,Display start value for graph,0,hour12,TRUE,,,,,,,,,,,,10,Legend font size,0,,3,Legend height,0,,2,Legend columns,0,,4,Legend width,0,,,,,,#A7AAAD,Off-peak bars,0,,#6F994E,P70 line,0,,#F2B701,P80 line,0,,#F28E2B,P90 line,0,,#3E839E,Peak bars,0,,#0B4F79,Peak census line,0,,12,Length of peak period,0,integer,auto,Peak period parameter mode,0,,6,Start for peak period,0,integer,vis_10_title,,,,vis_10_title,,,,vis_10_legend,,,,vis_10_legend,,,,vis_10_parameters,,,,vis_10_param,,,,_room_need_,,,,vis_10_tbl01,,,,vis_10__,,,,vis_10_image,,,,,,,,,,,,,,,,,,,,group3,,,,3,,,,pptx_template.vis_10.test.pptx,,,,8,,,,,,,,,,,,,,,,,,,,,,,,,,,,,,,,,,,,,,,,#D40062,Room need line,0,,,,,,,,,,,,,,1/1/2021,12,Subtitle font size,0,,8,Axis tick label size,0,,#d9d9d9,Background color,0,,16,Title font size,0,,0.3,Title image height,0,,bold,Title font weight,0,,13.33,Title image width,0,,,,,,,,,,,,,,,,,,,,,,cohort,0.85,Capacity Utilization Factor,1,percent0,0,Growth adjustment factor,0,percent0,,,,,1,,,,,0,Axis decimal places,0,,raw,raw count percent formatting mode,0,,1,Axis multiplier,0,,,Axis suffix,0,,,,,,fiscal
N,vis_10,vis_10,adf,adf.min.f.u55,minimum.female.u55,Minimum Custody Female Under 55,"(((custody_class.isin(['MIN', 'MINIMUM', 'MIIN']))) & (sex == 'F')) & (age_bracket == 'adult under 55')",adf,min.f.u55,,,,,,,,,,,,,,,,,,,,,,,,,,,,,,,,,,,,,,,,,,,,,,,,,,,,,,,,,,,,,,,,,,,,,,,,,,,,,week,Aggregation level (hour/day_of_week/month/week),0,,,,,,,,,,,,,,30,,,,#2ca02c,,,,--,,,,1.25,,,,TRUE,,,,,,,,,,,,,,,,,,,,,,,,,,,,,,,,,,,,,,,,,,,,,,,,LC ADF,300,Image resolution,0,,,,,,1,12/31/2025,1,ESI 1 volume multiplier,0,percent0,1,ESI 2 volume multiplier,0,percent0,1,ESI 3 volume multiplier,0,percent0,1,ESI 4 volume multiplier,0,percent0,1,ESI 5 volume multiplier,0,percent0,,,,,6,Figure height,0,,10,Figure width,0,,,,,,,,,,Segoe UI,Global font family,0,,,,,,0,Display start value for graph,0,hour12,TRUE,,,,,,,,,,,,10,Legend font size,0,,3,Legend height,0,,2,Legend columns,0,,4,Legend width,0,,,,,,#A7AAAD,Off-peak bars,0,,#6F994E,P70 line,0,,#F2B701,P80 line,0,,#F28E2B,P90 line,0,,#3E839E,Peak bars,0,,#0B4F79,Peak census line,0,,12,Length of peak period,0,integer,auto,Peak period parameter mode,0,,6,Start for peak period,0,integer,vis_10_title,,,,vis_10_title,,,,vis_10_legend,,,,vis_10_legend,,,,vis_10_parameters,,,,vis_10_param,,,,_room_need_,,,,vis_10_tbl01,,,,vis_10__,,,,vis_10_image,,,,,,,,,,,,,,,,,,,,group3,,,,3,,,,pptx_template.vis_10.test.pptx,,,,8,,,,,,,,,,,,,,,,,,,,,,,,,,,,,,,,,,,,,,,,#D40062,Room need line,0,,,,,,,,,,,,,,1/1/2021,12,Subtitle font size,0,,8,Axis tick label size,0,,#d9d9d9,Background color,0,,16,Title font size,0,,0.3,Title image height,0,,bold,Title font weight,0,,13.33,Title image width,0,,,,,,,,,,,,,,,,,,,,,,cohort,0.85,Capacity Utilization Factor,1,percent0,0,Growth adjustment factor,0,percent0,,,,,1,,,,,0,Axis decimal places,0,,raw,raw count percent formatting mode,0,,1,Axis multiplier,0,,,Axis suffix,0,,,,,,fiscal
N,vis_10,vis_10,adf,adf.min.m,minimum.male,Minimum Custody Male,"((custody_class.isin(['MIN', 'MINIMUM', 'MIIN']))) & (sex == 'M')",adf,min.m,,,,,,,,,,,,,,,,,,,,,,,,,,,,,,,,,,,,,,,,,,,,,,,,,,,,,,,,,,,,,,,,,,,,,,,,,,,,,week,Aggregation level (hour/day_of_week/month/week),0,,,,,,,,,,,,,,30,,,,#2ca02c,,,,--,,,,1.25,,,,TRUE,,,,,,,,,,,,,,,,,,,,,,,,,,,,,,,,,,,,,,,,,,,,,,,,LC ADF,300,Image resolution,0,,,,,,1,12/31/2025,1,ESI 1 volume multiplier,0,percent0,1,ESI 2 volume multiplier,0,percent0,1,ESI 3 volume multiplier,0,percent0,1,ESI 4 volume multiplier,0,percent0,1,ESI 5 volume multiplier,0,percent0,,,,,6,Figure height,0,,10,Figure width,0,,,,,,,,,,Segoe UI,Global font family,0,,,,,,0,Display start value for graph,0,hour12,TRUE,,,,,,,,,,,,10,Legend font size,0,,3,Legend height,0,,2,Legend columns,0,,4,Legend width,0,,,,,,#A7AAAD,Off-peak bars,0,,#6F994E,P70 line,0,,#F2B701,P80 line,0,,#F28E2B,P90 line,0,,#3E839E,Peak bars,0,,#0B4F79,Peak census line,0,,12,Length of peak period,0,integer,auto,Peak period parameter mode,0,,6,Start for peak period,0,integer,vis_10_title,,,,vis_10_title,,,,vis_10_legend,,,,vis_10_legend,,,,vis_10_parameters,,,,vis_10_param,,,,_room_need_,,,,vis_10_tbl01,,,,vis_10__,,,,vis_10_image,,,,,,,,,,,,,,,,,,,,group3,,,,3,,,,pptx_template.vis_10.test.pptx,,,,8,,,,,,,,,,,,,,,,,,,,,,,,,,,,,,,,,,,,,,,,#D40062,Room need line,0,,,,,,,,,,,,,,1/1/2021,12,Subtitle font size,0,,8,Axis tick label size,0,,#d9d9d9,Background color,0,,16,Title font size,0,,0.3,Title image height,0,,bold,Title font weight,0,,13.33,Title image width,0,,,,,,,,,,,,,,,,,,,,,,cohort,0.85,Capacity Utilization Factor,1,percent0,0,Growth adjustment factor,0,percent0,,,,,1,,,,,0,Axis decimal places,0,,raw,raw count percent formatting mode,0,,1,Axis multiplier,0,,,Axis suffix,0,,,,,,fiscal
N,vis_10,vis_10,adf,adf.min.m.55plus,minimum.male.55plus,Minimum Custody Male 55+,"(((custody_class.isin(['MIN', 'MINIMUM', 'MIIN']))) & (sex == 'M')) & (age_bracket == 'adult 55+')",adf,min.m.55plus,,,,,,,,,,,,,,,,,,,,,,,,,,,,,,,,,,,,,,,,,,,,,,,,,,,,,,,,,,,,,,,,,,,,,,,,,,,,,week,Aggregation level (hour/day_of_week/month/week),0,,,,,,,,,,,,,,30,,,,#2ca02c,,,,--,,,,1.25,,,,TRUE,,,,,,,,,,,,,,,,,,,,,,,,,,,,,,,,,,,,,,,,,,,,,,,,LC ADF,300,Image resolution,0,,,,,,1,12/31/2025,1,ESI 1 volume multiplier,0,percent0,1,ESI 2 volume multiplier,0,percent0,1,ESI 3 volume multiplier,0,percent0,1,ESI 4 volume multiplier,0,percent0,1,ESI 5 volume multiplier,0,percent0,,,,,6,Figure height,0,,10,Figure width,0,,,,,,,,,,Segoe UI,Global font family,0,,,,,,0,Display start value for graph,0,hour12,TRUE,,,,,,,,,,,,10,Legend font size,0,,3,Legend height,0,,2,Legend columns,0,,4,Legend width,0,,,,,,#A7AAAD,Off-peak bars,0,,#6F994E,P70 line,0,,#F2B701,P80 line,0,,#F28E2B,P90 line,0,,#3E839E,Peak bars,0,,#0B4F79,Peak census line,0,,12,Length of peak period,0,integer,auto,Peak period parameter mode,0,,6,Start for peak period,0,integer,vis_10_title,,,,vis_10_title,,,,vis_10_legend,,,,vis_10_legend,,,,vis_10_parameters,,,,vis_10_param,,,,_room_need_,,,,vis_10_tbl01,,,,vis_10__,,,,vis_10_image,,,,,,,,,,,,,,,,,,,,group3,,,,3,,,,pptx_template.vis_10.test.pptx,,,,8,,,,,,,,,,,,,,,,,,,,,,,,,,,,,,,,,,,,,,,,#D40062,Room need line,0,,,,,,,,,,,,,,1/1/2021,12,Subtitle font size,0,,8,Axis tick label size,0,,#d9d9d9,Background color,0,,16,Title font size,0,,0.3,Title image height,0,,bold,Title font weight,0,,13.33,Title image width,0,,,,,,,,,,,,,,,,,,,,,,cohort,0.85,Capacity Utilization Factor,1,percent0,0,Growth adjustment factor,0,percent0,,,,,1,,,,,0,Axis decimal places,0,,raw,raw count percent formatting mode,0,,1,Axis multiplier,0,,,Axis suffix,0,,,,,,fiscal
N,vis_10,vis_10,adf,adf.min.m.ch_high,minimum.male.chronic_high,Minimum Custody Male Highly Severe Chronic Health Condition,"(((custody_class.isin(['MIN', 'MINIMUM', 'MIIN']))) & (sex == 'M')) & (chronic_status == 'HIGH')",adf,min.m.ch_high,,,,,,,,,,,,,,,,,,,,,,,,,,,,,,,,,,,,,,,,,,,,,,,,,,,,,,,,,,,,,,,,,,,,,,,,,,,,,week,Aggregation level (hour/day_of_week/month/week),0,,,,,,,,,,,,,,30,,,,#2ca02c,,,,--,,,,1.25,,,,TRUE,,,,,,,,,,,,,,,,,,,,,,,,,,,,,,,,,,,,,,,,,,,,,,,,LC ADF,300,Image resolution,0,,,,,,1,12/31/2025,1,ESI 1 volume multiplier,0,percent0,1,ESI 2 volume multiplier,0,percent0,1,ESI 3 volume multiplier,0,percent0,1,ESI 4 volume multiplier,0,percent0,1,ESI 5 volume multiplier,0,percent0,,,,,6,Figure height,0,,10,Figure width,0,,,,,,,,,,Segoe UI,Global font family,0,,,,,,0,Display start value for graph,0,hour12,TRUE,,,,,,,,,,,,10,Legend font size,0,,3,Legend height,0,,2,Legend columns,0,,4,Legend width,0,,,,,,#A7AAAD,Off-peak bars,0,,#6F994E,P70 line,0,,#F2B701,P80 line,0,,#F28E2B,P90 line,0,,#3E839E,Peak bars,0,,#0B4F79,Peak census line,0,,12,Length of peak period,0,integer,auto,Peak period parameter mode,0,,6,Start for peak period,0,integer,vis_10_title,,,,vis_10_title,,,,vis_10_legend,,,,vis_10_legend,,,,vis_10_parameters,,,,vis_10_param,,,,_room_need_,,,,vis_10_tbl01,,,,vis_10__,,,,vis_10_image,,,,,,,,,,,,,,,,,,,,group3,,,,3,,,,pptx_template.vis_10.test.pptx,,,,8,,,,,,,,,,,,,,,,,,,,,,,,,,,,,,,,,,,,,,,,#D40062,Room need line,0,,,,,,,,,,,,,,1/1/2021,12,Subtitle font size,0,,8,Axis tick label size,0,,#d9d9d9,Background color,0,,16,Title font size,0,,0.3,Title image height,0,,bold,Title font weight,0,,13.33,Title image width,0,,,,,,,,,,,,,,,,,,,,,,cohort,0.85,Capacity Utilization Factor,1,percent0,0,Growth adjustment factor,0,percent0,,,,,1,,,,,0,Axis decimal places,0,,raw,raw count percent formatting mode,0,,1,Axis multiplier,0,,,Axis suffix,0,,,,,,fiscal
N,vis_10,vis_10,adf,adf.min.m.ch_low_mod_no,minimum.male.chronic_low_moderate_no_chronic,Minimum Custody Male Low/Moderate/No Chronic Health Condition,"(((custody_class.isin(['MIN', 'MINIMUM', 'MIIN']))) & (sex == 'M')) & (chronic_status .isin(['LOW','MODERATE','NO CHRONIC CONDITION']))",adf,min.m.ch_low_mod_no,,,,,,,,,,,,,,,,,,,,,,,,,,,,,,,,,,,,,,,,,,,,,,,,,,,,,,,,,,,,,,,,,,,,,,,,,,,,,week,Aggregation level (hour/day_of_week/month/week),0,,,,,,,,,,,,,,30,,,,#2ca02c,,,,--,,,,1.25,,,,TRUE,,,,,,,,,,,,,,,,,,,,,,,,,,,,,,,,,,,,,,,,,,,,,,,,LC ADF,300,Image resolution,0,,,,,,1,12/31/2025,1,ESI 1 volume multiplier,0,percent0,1,ESI 2 volume multiplier,0,percent0,1,ESI 3 volume multiplier,0,percent0,1,ESI 4 volume multiplier,0,percent0,1,ESI 5 volume multiplier,0,percent0,,,,,6,Figure height,0,,10,Figure width,0,,,,,,,,,,Segoe UI,Global font family,0,,,,,,0,Display start value for graph,0,hour12,TRUE,,,,,,,,,,,,10,Legend font size,0,,3,Legend height,0,,2,Legend columns,0,,4,Legend width,0,,,,,,#A7AAAD,Off-peak bars,0,,#6F994E,P70 line,0,,#F2B701,P80 line,0,,#F28E2B,P90 line,0,,#3E839E,Peak bars,0,,#0B4F79,Peak census line,0,,12,Length of peak period,0,integer,auto,Peak period parameter mode,0,,6,Start for peak period,0,integer,vis_10_title,,,,vis_10_title,,,,vis_10_legend,,,,vis_10_legend,,,,vis_10_parameters,,,,vis_10_param,,,,_room_need_,,,,vis_10_tbl01,,,,vis_10__,,,,vis_10_image,,,,,,,,,,,,,,,,,,,,group3,,,,3,,,,pptx_template.vis_10.test.pptx,,,,8,,,,,,,,,,,,,,,,,,,,,,,,,,,,,,,,,,,,,,,,#D40062,Room need line,0,,,,,,,,,,,,,,1/1/2021,12,Subtitle font size,0,,8,Axis tick label size,0,,#d9d9d9,Background color,0,,16,Title font size,0,,0.3,Title image height,0,,bold,Title font weight,0,,13.33,Title image width,0,,,,,,,,,,,,,,,,,,,,,,cohort,0.85,Capacity Utilization Factor,1,percent0,0,Growth adjustment factor,0,percent0,,,,,1,,,,,0,Axis decimal places,0,,raw,raw count percent formatting mode,0,,1,Axis multiplier,0,,,Axis suffix,0,,,,,,fiscal
N,vis_10,vis_10,adf,adf.min.m.u55,minimum.male.u55,Minimum Custody Male Under 55,"(((custody_class.isin(['MIN', 'MINIMUM', 'MIIN']))) & (sex == 'M')) & (age_bracket == 'adult under 55')",adf,min.m.u55,,,,,,,,,,,,,,,,,,,,,,,,,,,,,,,,,,,,,,,,,,,,,,,,,,,,,,,,,,,,,,,,,,,,,,,,,,,,,week,Aggregation level (hour/day_of_week/month/week),0,,,,,,,,,,,,,,30,,,,#2ca02c,,,,--,,,,1.25,,,,TRUE,,,,,,,,,,,,,,,,,,,,,,,,,,,,,,,,,,,,,,,,,,,,,,,,LC ADF,300,Image resolution,0,,,,,,1,12/31/2025,1,ESI 1 volume multiplier,0,percent0,1,ESI 2 volume multiplier,0,percent0,1,ESI 3 volume multiplier,0,percent0,1,ESI 4 volume multiplier,0,percent0,1,ESI 5 volume multiplier,0,percent0,,,,,6,Figure height,0,,10,Figure width,0,,,,,,,,,,Segoe UI,Global font family,0,,,,,,0,Display start value for graph,0,hour12,TRUE,,,,,,,,,,,,10,Legend font size,0,,3,Legend height,0,,2,Legend columns,0,,4,Legend width,0,,,,,,#A7AAAD,Off-peak bars,0,,#6F994E,P70 line,0,,#F2B701,P80 line,0,,#F28E2B,P90 line,0,,#3E839E,Peak bars,0,,#0B4F79,Peak census line,0,,12,Length of peak period,0,integer,auto,Peak period parameter mode,0,,6,Start for peak period,0,integer,vis_10_title,,,,vis_10_title,,,,vis_10_legend,,,,vis_10_legend,,,,vis_10_parameters,,,,vis_10_param,,,,_room_need_,,,,vis_10_tbl01,,,,vis_10__,,,,vis_10_image,,,,,,,,,,,,,,,,,,,,group3,,,,3,,,,pptx_template.vis_10.test.pptx,,,,8,,,,,,,,,,,,,,,,,,,,,,,,,,,,,,,,,,,,,,,,#D40062,Room need line,0,,,,,,,,,,,,,,1/1/2021,12,Subtitle font size,0,,8,Axis tick label size,0,,#d9d9d9,Background color,0,,16,Title font size,0,,0.3,Title image height,0,,bold,Title font weight,0,,13.33,Title image width,0,,,,,,,,,,,,,,,,,,,,,,cohort,0.85,Capacity Utilization Factor,1,percent0,0,Growth adjustment factor,0,percent0,,,,,1,,,,,0,Axis decimal places,0,,raw,raw count percent formatting mode,0,,1,Axis multiplier,0,,,Axis suffix,0,,,,,,fiscal
N,vis_10,vis_10,adf,adf.min.u55,minimum.u55,Minimum Custody Under 55,"((custody_class.isin(['MIN', 'MINIMUM', 'MIIN']))) & (age_bracket == 'adult under 55')",adf,min.u55,,,,,,,,,,,,,,,,,,,,,,,,,,,,,,,,,,,,,,,,,,,,,,,,,,,,,,,,,,,,,,,,,,,,,,,,,,,,,week,Aggregation level (hour/day_of_week/month/week),0,,,,,,,,,,,,,,30,,,,#2ca02c,,,,--,,,,1.25,,,,TRUE,,,,,,,,,,,,,,,,,,,,,,,,,,,,,,,,,,,,,,,,,,,,,,,,LC ADF,300,Image resolution,0,,,,,,1,12/31/2025,1,ESI 1 volume multiplier,0,percent0,1,ESI 2 volume multiplier,0,percent0,1,ESI 3 volume multiplier,0,percent0,1,ESI 4 volume multiplier,0,percent0,1,ESI 5 volume multiplier,0,percent0,,,,,6,Figure height,0,,10,Figure width,0,,,,,,,,,,Segoe UI,Global font family,0,,,,,,0,Display start value for graph,0,hour12,TRUE,,,,,,,,,,,,10,Legend font size,0,,3,Legend height,0,,2,Legend columns,0,,4,Legend width,0,,,,,,#A7AAAD,Off-peak bars,0,,#6F994E,P70 line,0,,#F2B701,P80 line,0,,#F28E2B,P90 line,0,,#3E839E,Peak bars,0,,#0B4F79,Peak census line,0,,12,Length of peak period,0,integer,auto,Peak period parameter mode,0,,6,Start for peak period,0,integer,vis_10_title,,,,vis_10_title,,,,vis_10_legend,,,,vis_10_legend,,,,vis_10_parameters,,,,vis_10_param,,,,_room_need_,,,,vis_10_tbl01,,,,vis_10__,,,,vis_10_image,,,,,,,,,,,,,,,,,,,,group3,,,,3,,,,pptx_template.vis_10.test.pptx,,,,8,,,,,,,,,,,,,,,,,,,,,,,,,,,,,,,,,,,,,,,,#D40062,Room need line,0,,,,,,,,,,,,,,1/1/2021,12,Subtitle font size,0,,8,Axis tick label size,0,,#d9d9d9,Background color,0,,16,Title font size,0,,0.3,Title image height,0,,bold,Title font weight,0,,13.33,Title image width,0,,,,,,,,,,,,,,,,,,,,,,cohort,0.85,Capacity Utilization Factor,1,percent0,0,Growth adjustment factor,0,percent0,,,,,1,,,,,0,Axis decimal places,0,,raw,raw count percent formatting mode,0,,1,Axis multiplier,0,,,Axis suffix,0,,,,,,fiscal
N,vis_10,vis_10,adf,adf.pc,pc,Protective Custody,"(custody_class.str.contains('PC', na=False) | custody_class.isin(['PEND PC']))",adf,pc,,,,,,,,,,,,,,,,,,,,,,,,,,,,,,,,,,,,,,,,,,,,,,,,,,,,,,,,,,,,,,,,,,,,,,,,,,,,,week,Aggregation level (hour/day_of_week/month/week),0,,,,,,,,,,,,,,30,,,,#2ca02c,,,,--,,,,1.25,,,,TRUE,,,,,,,,,,,,,,,,,,,,,,,,,,,,,,,,,,,,,,,,,,,,,,,,LC ADF,300,Image resolution,0,,,,,,1,12/31/2025,1,ESI 1 volume multiplier,0,percent0,1,ESI 2 volume multiplier,0,percent0,1,ESI 3 volume multiplier,0,percent0,1,ESI 4 volume multiplier,0,percent0,1,ESI 5 volume multiplier,0,percent0,,,,,6,Figure height,0,,10,Figure width,0,,,,,,,,,,Segoe UI,Global font family,0,,,,,,0,Display start value for graph,0,hour12,TRUE,,,,,,,,,,,,10,Legend font size,0,,3,Legend height,0,,2,Legend columns,0,,4,Legend width,0,,,,,,#A7AAAD,Off-peak bars,0,,#6F994E,P70 line,0,,#F2B701,P80 line,0,,#F28E2B,P90 line,0,,#3E839E,Peak bars,0,,#0B4F79,Peak census line,0,,12,Length of peak period,0,integer,auto,Peak period parameter mode,0,,6,Start for peak period,0,integer,vis_10_title,,,,vis_10_title,,,,vis_10_legend,,,,vis_10_legend,,,,vis_10_parameters,,,,vis_10_param,,,,_room_need_,,,,vis_10_tbl01,,,,vis_10__,,,,vis_10_image,,,,,,,,,,,,,,,,,,,,group3,,,,3,,,,pptx_template.vis_10.test.pptx,,,,8,,,,,,,,,,,,,,,,,,,,,,,,,,,,,,,,,,,,,,,,#D40062,Room need line,0,,,,,,,,,,,,,,1/1/2021,12,Subtitle font size,0,,8,Axis tick label size,0,,#d9d9d9,Background color,0,,16,Title font size,0,,0.3,Title image height,0,,bold,Title font weight,0,,13.33,Title image width,0,,,,,,,,,,,,,,,,,,,,,,cohort,0.85,Capacity Utilization Factor,1,percent0,0,Growth adjustment factor,0,percent0,,,,,1,,,,,0,Axis decimal places,0,,raw,raw count percent formatting mode,0,,1,Axis multiplier,0,,,Axis suffix,0,,,,,,fiscal
N,vis_10,vis_10,adf,adf.pc.55plus,pc.55plus,Protective Custody 55+,"((custody_class.str.contains('PC', na=False) | custody_class.isin(['PEND PC']))) & (age_bracket == 'adult 55+')",adf,pc.55plus,,,,,,,,,,,,,,,,,,,,,,,,,,,,,,,,,,,,,,,,,,,,,,,,,,,,,,,,,,,,,,,,,,,,,,,,,,,,,week,Aggregation level (hour/day_of_week/month/week),0,,,,,,,,,,,,,,30,,,,#2ca02c,,,,--,,,,1.25,,,,TRUE,,,,,,,,,,,,,,,,,,,,,,,,,,,,,,,,,,,,,,,,,,,,,,,,LC ADF,300,Image resolution,0,,,,,,1,12/31/2025,1,ESI 1 volume multiplier,0,percent0,1,ESI 2 volume multiplier,0,percent0,1,ESI 3 volume multiplier,0,percent0,1,ESI 4 volume multiplier,0,percent0,1,ESI 5 volume multiplier,0,percent0,,,,,6,Figure height,0,,10,Figure width,0,,,,,,,,,,Segoe UI,Global font family,0,,,,,,0,Display start value for graph,0,hour12,TRUE,,,,,,,,,,,,10,Legend font size,0,,3,Legend height,0,,2,Legend columns,0,,4,Legend width,0,,,,,,#A7AAAD,Off-peak bars,0,,#6F994E,P70 line,0,,#F2B701,P80 line,0,,#F28E2B,P90 line,0,,#3E839E,Peak bars,0,,#0B4F79,Peak census line,0,,12,Length of peak period,0,integer,auto,Peak period parameter mode,0,,6,Start for peak period,0,integer,vis_10_title,,,,vis_10_title,,,,vis_10_legend,,,,vis_10_legend,,,,vis_10_parameters,,,,vis_10_param,,,,_room_need_,,,,vis_10_tbl01,,,,vis_10__,,,,vis_10_image,,,,,,,,,,,,,,,,,,,,group3,,,,3,,,,pptx_template.vis_10.test.pptx,,,,8,,,,,,,,,,,,,,,,,,,,,,,,,,,,,,,,,,,,,,,,#D40062,Room need line,0,,,,,,,,,,,,,,1/1/2021,12,Subtitle font size,0,,8,Axis tick label size,0,,#d9d9d9,Background color,0,,16,Title font size,0,,0.3,Title image height,0,,bold,Title font weight,0,,13.33,Title image width,0,,,,,,,,,,,,,,,,,,,,,,cohort,0.85,Capacity Utilization Factor,1,percent0,0,Growth adjustment factor,0,percent0,,,,,1,,,,,0,Axis decimal places,0,,raw,raw count percent formatting mode,0,,1,Axis multiplier,0,,,Axis suffix,0,,,,,,fiscal
N,vis_10,vis_10,adf,adf.pc.ch_high,pc.chronic_high,Protective Custody Highly Severe Chronic Health Condition,"((custody_class.str.contains('PC', na=False) | custody_class.isin(['PEND PC']))) & (chronic_status == 'HIGH')",adf,pc.ch_high,,,,,,,,,,,,,,,,,,,,,,,,,,,,,,,,,,,,,,,,,,,,,,,,,,,,,,,,,,,,,,,,,,,,,,,,,,,,,week,Aggregation level (hour/day_of_week/month/week),0,,,,,,,,,,,,,,30,,,,#2ca02c,,,,--,,,,1.25,,,,TRUE,,,,,,,,,,,,,,,,,,,,,,,,,,,,,,,,,,,,,,,,,,,,,,,,LC ADF,300,Image resolution,0,,,,,,1,12/31/2025,1,ESI 1 volume multiplier,0,percent0,1,ESI 2 volume multiplier,0,percent0,1,ESI 3 volume multiplier,0,percent0,1,ESI 4 volume multiplier,0,percent0,1,ESI 5 volume multiplier,0,percent0,,,,,6,Figure height,0,,10,Figure width,0,,,,,,,,,,Segoe UI,Global font family,0,,,,,,0,Display start value for graph,0,hour12,TRUE,,,,,,,,,,,,10,Legend font size,0,,3,Legend height,0,,2,Legend columns,0,,4,Legend width,0,,,,,,#A7AAAD,Off-peak bars,0,,#6F994E,P70 line,0,,#F2B701,P80 line,0,,#F28E2B,P90 line,0,,#3E839E,Peak bars,0,,#0B4F79,Peak census line,0,,12,Length of peak period,0,integer,auto,Peak period parameter mode,0,,6,Start for peak period,0,integer,vis_10_title,,,,vis_10_title,,,,vis_10_legend,,,,vis_10_legend,,,,vis_10_parameters,,,,vis_10_param,,,,_room_need_,,,,vis_10_tbl01,,,,vis_10__,,,,vis_10_image,,,,,,,,,,,,,,,,,,,,group3,,,,3,,,,pptx_template.vis_10.test.pptx,,,,8,,,,,,,,,,,,,,,,,,,,,,,,,,,,,,,,,,,,,,,,#D40062,Room need line,0,,,,,,,,,,,,,,1/1/2021,12,Subtitle font size,0,,8,Axis tick label size,0,,#d9d9d9,Background color,0,,16,Title font size,0,,0.3,Title image height,0,,bold,Title font weight,0,,13.33,Title image width,0,,,,,,,,,,,,,,,,,,,,,,cohort,0.85,Capacity Utilization Factor,1,percent0,0,Growth adjustment factor,0,percent0,,,,,1,,,,,0,Axis decimal places,0,,raw,raw count percent formatting mode,0,,1,Axis multiplier,0,,,Axis suffix,0,,,,,,fiscal
N,vis_10,vis_10,adf,adf.pc.ch_low_mod_no,pc.chronic_low_moderate_no_chronic,Protective Custody Low/Moderate/No Chronic Health Condition,"((custody_class.str.contains('PC', na=False) | custody_class.isin(['PEND PC']))) & (chronic_status .isin(['LOW','MODERATE','NO CHRONIC CONDITION']))",adf,pc.ch_low_mod_no,,,,,,,,,,,,,,,,,,,,,,,,,,,,,,,,,,,,,,,,,,,,,,,,,,,,,,,,,,,,,,,,,,,,,,,,,,,,,week,Aggregation level (hour/day_of_week/month/week),0,,,,,,,,,,,,,,30,,,,#2ca02c,,,,--,,,,1.25,,,,TRUE,,,,,,,,,,,,,,,,,,,,,,,,,,,,,,,,,,,,,,,,,,,,,,,,LC ADF,300,Image resolution,0,,,,,,1,12/31/2025,1,ESI 1 volume multiplier,0,percent0,1,ESI 2 volume multiplier,0,percent0,1,ESI 3 volume multiplier,0,percent0,1,ESI 4 volume multiplier,0,percent0,1,ESI 5 volume multiplier,0,percent0,,,,,6,Figure height,0,,10,Figure width,0,,,,,,,,,,Segoe UI,Global font family,0,,,,,,0,Display start value for graph,0,hour12,TRUE,,,,,,,,,,,,10,Legend font size,0,,3,Legend height,0,,2,Legend columns,0,,4,Legend width,0,,,,,,#A7AAAD,Off-peak bars,0,,#6F994E,P70 line,0,,#F2B701,P80 line,0,,#F28E2B,P90 line,0,,#3E839E,Peak bars,0,,#0B4F79,Peak census line,0,,12,Length of peak period,0,integer,auto,Peak period parameter mode,0,,6,Start for peak period,0,integer,vis_10_title,,,,vis_10_title,,,,vis_10_legend,,,,vis_10_legend,,,,vis_10_parameters,,,,vis_10_param,,,,_room_need_,,,,vis_10_tbl01,,,,vis_10__,,,,vis_10_image,,,,,,,,,,,,,,,,,,,,group3,,,,3,,,,pptx_template.vis_10.test.pptx,,,,8,,,,,,,,,,,,,,,,,,,,,,,,,,,,,,,,,,,,,,,,#D40062,Room need line,0,,,,,,,,,,,,,,1/1/2021,12,Subtitle font size,0,,8,Axis tick label size,0,,#d9d9d9,Background color,0,,16,Title font size,0,,0.3,Title image height,0,,bold,Title font weight,0,,13.33,Title image width,0,,,,,,,,,,,,,,,,,,,,,,cohort,0.85,Capacity Utilization Factor,1,percent0,0,Growth adjustment factor,0,percent0,,,,,1,,,,,0,Axis decimal places,0,,raw,raw count percent formatting mode,0,,1,Axis multiplier,0,,,Axis suffix,0,,,,,,fiscal
N,vis_10,vis_10,adf,adf.pc.f,pc.female,Protective Custody Female,"((custody_class.str.contains('PC', na=False) | custody_class.isin(['PEND PC']))) & (sex == 'F')",adf,pc.f,,,,,,,,,,,,,,,,,,,,,,,,,,,,,,,,,,,,,,,,,,,,,,,,,,,,,,,,,,,,,,,,,,,,,,,,,,,,,week,Aggregation level (hour/day_of_week/month/week),0,,,,,,,,,,,,,,30,,,,#2ca02c,,,,--,,,,1.25,,,,TRUE,,,,,,,,,,,,,,,,,,,,,,,,,,,,,,,,,,,,,,,,,,,,,,,,LC ADF,300,Image resolution,0,,,,,,1,12/31/2025,1,ESI 1 volume multiplier,0,percent0,1,ESI 2 volume multiplier,0,percent0,1,ESI 3 volume multiplier,0,percent0,1,ESI 4 volume multiplier,0,percent0,1,ESI 5 volume multiplier,0,percent0,,,,,6,Figure height,0,,10,Figure width,0,,,,,,,,,,Segoe UI,Global font family,0,,,,,,0,Display start value for graph,0,hour12,TRUE,,,,,,,,,,,,10,Legend font size,0,,3,Legend height,0,,2,Legend columns,0,,4,Legend width,0,,,,,,#A7AAAD,Off-peak bars,0,,#6F994E,P70 line,0,,#F2B701,P80 line,0,,#F28E2B,P90 line,0,,#3E839E,Peak bars,0,,#0B4F79,Peak census line,0,,12,Length of peak period,0,integer,auto,Peak period parameter mode,0,,6,Start for peak period,0,integer,vis_10_title,,,,vis_10_title,,,,vis_10_legend,,,,vis_10_legend,,,,vis_10_parameters,,,,vis_10_param,,,,_room_need_,,,,vis_10_tbl01,,,,vis_10__,,,,vis_10_image,,,,,,,,,,,,,,,,,,,,group3,,,,3,,,,pptx_template.vis_10.test.pptx,,,,8,,,,,,,,,,,,,,,,,,,,,,,,,,,,,,,,,,,,,,,,#D40062,Room need line,0,,,,,,,,,,,,,,1/1/2021,12,Subtitle font size,0,,8,Axis tick label size,0,,#d9d9d9,Background color,0,,16,Title font size,0,,0.3,Title image height,0,,bold,Title font weight,0,,13.33,Title image width,0,,,,,,,,,,,,,,,,,,,,,,cohort,0.85,Capacity Utilization Factor,1,percent0,0,Growth adjustment factor,0,percent0,,,,,1,,,,,0,Axis decimal places,0,,raw,raw count percent formatting mode,0,,1,Axis multiplier,0,,,Axis suffix,0,,,,,,fiscal
N,vis_10,vis_10,adf,adf.pc.f.55plus,pc.female.55plus,Protective Custody Female 55+,"(((custody_class.str.contains('PC', na=False) | custody_class.isin(['PEND PC']))) & (sex == 'F')) & (age_bracket == 'adult 55+')",adf,pc.f.55plus,,,,,,,,,,,,,,,,,,,,,,,,,,,,,,,,,,,,,,,,,,,,,,,,,,,,,,,,,,,,,,,,,,,,,,,,,,,,,week,Aggregation level (hour/day_of_week/month/week),0,,,,,,,,,,,,,,30,,,,#2ca02c,,,,--,,,,1.25,,,,TRUE,,,,,,,,,,,,,,,,,,,,,,,,,,,,,,,,,,,,,,,,,,,,,,,,LC ADF,300,Image resolution,0,,,,,,1,12/31/2025,1,ESI 1 volume multiplier,0,percent0,1,ESI 2 volume multiplier,0,percent0,1,ESI 3 volume multiplier,0,percent0,1,ESI 4 volume multiplier,0,percent0,1,ESI 5 volume multiplier,0,percent0,,,,,6,Figure height,0,,10,Figure width,0,,,,,,,,,,Segoe UI,Global font family,0,,,,,,0,Display start value for graph,0,hour12,TRUE,,,,,,,,,,,,10,Legend font size,0,,3,Legend height,0,,2,Legend columns,0,,4,Legend width,0,,,,,,#A7AAAD,Off-peak bars,0,,#6F994E,P70 line,0,,#F2B701,P80 line,0,,#F28E2B,P90 line,0,,#3E839E,Peak bars,0,,#0B4F79,Peak census line,0,,12,Length of peak period,0,integer,auto,Peak period parameter mode,0,,6,Start for peak period,0,integer,vis_10_title,,,,vis_10_title,,,,vis_10_legend,,,,vis_10_legend,,,,vis_10_parameters,,,,vis_10_param,,,,_room_need_,,,,vis_10_tbl01,,,,vis_10__,,,,vis_10_image,,,,,,,,,,,,,,,,,,,,group3,,,,3,,,,pptx_template.vis_10.test.pptx,,,,8,,,,,,,,,,,,,,,,,,,,,,,,,,,,,,,,,,,,,,,,#D40062,Room need line,0,,,,,,,,,,,,,,1/1/2021,12,Subtitle font size,0,,8,Axis tick label size,0,,#d9d9d9,Background color,0,,16,Title font size,0,,0.3,Title image height,0,,bold,Title font weight,0,,13.33,Title image width,0,,,,,,,,,,,,,,,,,,,,,,cohort,0.85,Capacity Utilization Factor,1,percent0,0,Growth adjustment factor,0,percent0,,,,,1,,,,,0,Axis decimal places,0,,raw,raw count percent formatting mode,0,,1,Axis multiplier,0,,,Axis suffix,0,,,,,,fiscal
N,vis_10,vis_10,adf,adf.pc.f.ch_high,pc.female.chronic_high,Protective Custody Female Highly Severe Chronic Health Condition,"(((custody_class.str.contains('PC', na=False) | custody_class.isin(['PEND PC']))) & (sex == 'F')) & (chronic_status == 'HIGH')",adf,pc.f.ch_high,,,,,,,,,,,,,,,,,,,,,,,,,,,,,,,,,,,,,,,,,,,,,,,,,,,,,,,,,,,,,,,,,,,,,,,,,,,,,week,Aggregation level (hour/day_of_week/month/week),0,,,,,,,,,,,,,,30,,,,#2ca02c,,,,--,,,,1.25,,,,TRUE,,,,,,,,,,,,,,,,,,,,,,,,,,,,,,,,,,,,,,,,,,,,,,,,LC ADF,300,Image resolution,0,,,,,,1,12/31/2025,1,ESI 1 volume multiplier,0,percent0,1,ESI 2 volume multiplier,0,percent0,1,ESI 3 volume multiplier,0,percent0,1,ESI 4 volume multiplier,0,percent0,1,ESI 5 volume multiplier,0,percent0,,,,,6,Figure height,0,,10,Figure width,0,,,,,,,,,,Segoe UI,Global font family,0,,,,,,0,Display start value for graph,0,hour12,TRUE,,,,,,,,,,,,10,Legend font size,0,,3,Legend height,0,,2,Legend columns,0,,4,Legend width,0,,,,,,#A7AAAD,Off-peak bars,0,,#6F994E,P70 line,0,,#F2B701,P80 line,0,,#F28E2B,P90 line,0,,#3E839E,Peak bars,0,,#0B4F79,Peak census line,0,,12,Length of peak period,0,integer,auto,Peak period parameter mode,0,,6,Start for peak period,0,integer,vis_10_title,,,,vis_10_title,,,,vis_10_legend,,,,vis_10_legend,,,,vis_10_parameters,,,,vis_10_param,,,,_room_need_,,,,vis_10_tbl01,,,,vis_10__,,,,vis_10_image,,,,,,,,,,,,,,,,,,,,group3,,,,3,,,,pptx_template.vis_10.test.pptx,,,,8,,,,,,,,,,,,,,,,,,,,,,,,,,,,,,,,,,,,,,,,#D40062,Room need line,0,,,,,,,,,,,,,,1/1/2021,12,Subtitle font size,0,,8,Axis tick label size,0,,#d9d9d9,Background color,0,,16,Title font size,0,,0.3,Title image height,0,,bold,Title font weight,0,,13.33,Title image width,0,,,,,,,,,,,,,,,,,,,,,,cohort,0.85,Capacity Utilization Factor,1,percent0,0,Growth adjustment factor,0,percent0,,,,,1,,,,,0,Axis decimal places,0,,raw,raw count percent formatting mode,0,,1,Axis multiplier,0,,,Axis suffix,0,,,,,,fiscal
N,vis_10,vis_10,adf,adf.pc.f.ch_low_mod_no,pc.female.chronic_low_moderate_no_chronic,Protective Custody Female Low/Moderate/No Chronic Health Condition,"(((custody_class.str.contains('PC', na=False) | custody_class.isin(['PEND PC']))) & (sex == 'F')) & (chronic_status .isin(['LOW','MODERATE','NO CHRONIC CONDITION']))",adf,pc.f.ch_low_mod_no,,,,,,,,,,,,,,,,,,,,,,,,,,,,,,,,,,,,,,,,,,,,,,,,,,,,,,,,,,,,,,,,,,,,,,,,,,,,,week,Aggregation level (hour/day_of_week/month/week),0,,,,,,,,,,,,,,30,,,,#2ca02c,,,,--,,,,1.25,,,,TRUE,,,,,,,,,,,,,,,,,,,,,,,,,,,,,,,,,,,,,,,,,,,,,,,,LC ADF,300,Image resolution,0,,,,,,1,12/31/2025,1,ESI 1 volume multiplier,0,percent0,1,ESI 2 volume multiplier,0,percent0,1,ESI 3 volume multiplier,0,percent0,1,ESI 4 volume multiplier,0,percent0,1,ESI 5 volume multiplier,0,percent0,,,,,6,Figure height,0,,10,Figure width,0,,,,,,,,,,Segoe UI,Global font family,0,,,,,,0,Display start value for graph,0,hour12,TRUE,,,,,,,,,,,,10,Legend font size,0,,3,Legend height,0,,2,Legend columns,0,,4,Legend width,0,,,,,,#A7AAAD,Off-peak bars,0,,#6F994E,P70 line,0,,#F2B701,P80 line,0,,#F28E2B,P90 line,0,,#3E839E,Peak bars,0,,#0B4F79,Peak census line,0,,12,Length of peak period,0,integer,auto,Peak period parameter mode,0,,6,Start for peak period,0,integer,vis_10_title,,,,vis_10_title,,,,vis_10_legend,,,,vis_10_legend,,,,vis_10_parameters,,,,vis_10_param,,,,_room_need_,,,,vis_10_tbl01,,,,vis_10__,,,,vis_10_image,,,,,,,,,,,,,,,,,,,,group3,,,,3,,,,pptx_template.vis_10.test.pptx,,,,8,,,,,,,,,,,,,,,,,,,,,,,,,,,,,,,,,,,,,,,,#D40062,Room need line,0,,,,,,,,,,,,,,1/1/2021,12,Subtitle font size,0,,8,Axis tick label size,0,,#d9d9d9,Background color,0,,16,Title font size,0,,0.3,Title image height,0,,bold,Title font weight,0,,13.33,Title image width,0,,,,,,,,,,,,,,,,,,,,,,cohort,0.85,Capacity Utilization Factor,1,percent0,0,Growth adjustment factor,0,percent0,,,,,1,,,,,0,Axis decimal places,0,,raw,raw count percent formatting mode,0,,1,Axis multiplier,0,,,Axis suffix,0,,,,,,fiscal
N,vis_10,vis_10,adf,adf.pc.f.u55,pc.female.u55,Protective Custody Female Under 55,"(((custody_class.str.contains('PC', na=False) | custody_class.isin(['PEND PC']))) & (sex == 'F')) & (age_bracket == 'adult under 55')",adf,pc.f.u55,,,,,,,,,,,,,,,,,,,,,,,,,,,,,,,,,,,,,,,,,,,,,,,,,,,,,,,,,,,,,,,,,,,,,,,,,,,,,week,Aggregation level (hour/day_of_week/month/week),0,,,,,,,,,,,,,,30,,,,#2ca02c,,,,--,,,,1.25,,,,TRUE,,,,,,,,,,,,,,,,,,,,,,,,,,,,,,,,,,,,,,,,,,,,,,,,LC ADF,300,Image resolution,0,,,,,,1,12/31/2025,1,ESI 1 volume multiplier,0,percent0,1,ESI 2 volume multiplier,0,percent0,1,ESI 3 volume multiplier,0,percent0,1,ESI 4 volume multiplier,0,percent0,1,ESI 5 volume multiplier,0,percent0,,,,,6,Figure height,0,,10,Figure width,0,,,,,,,,,,Segoe UI,Global font family,0,,,,,,0,Display start value for graph,0,hour12,TRUE,,,,,,,,,,,,10,Legend font size,0,,3,Legend height,0,,2,Legend columns,0,,4,Legend width,0,,,,,,#A7AAAD,Off-peak bars,0,,#6F994E,P70 line,0,,#F2B701,P80 line,0,,#F28E2B,P90 line,0,,#3E839E,Peak bars,0,,#0B4F79,Peak census line,0,,12,Length of peak period,0,integer,auto,Peak period parameter mode,0,,6,Start for peak period,0,integer,vis_10_title,,,,vis_10_title,,,,vis_10_legend,,,,vis_10_legend,,,,vis_10_parameters,,,,vis_10_param,,,,_room_need_,,,,vis_10_tbl01,,,,vis_10__,,,,vis_10_image,,,,,,,,,,,,,,,,,,,,group3,,,,3,,,,pptx_template.vis_10.test.pptx,,,,8,,,,,,,,,,,,,,,,,,,,,,,,,,,,,,,,,,,,,,,,#D40062,Room need line,0,,,,,,,,,,,,,,1/1/2021,12,Subtitle font size,0,,8,Axis tick label size,0,,#d9d9d9,Background color,0,,16,Title font size,0,,0.3,Title image height,0,,bold,Title font weight,0,,13.33,Title image width,0,,,,,,,,,,,,,,,,,,,,,,cohort,0.85,Capacity Utilization Factor,1,percent0,0,Growth adjustment factor,0,percent0,,,,,1,,,,,0,Axis decimal places,0,,raw,raw count percent formatting mode,0,,1,Axis multiplier,0,,,Axis suffix,0,,,,,,fiscal
N,vis_10,vis_10,adf,adf.pc.m,pc.male,Protective Custody Male,"((custody_class.str.contains('PC', na=False) | custody_class.isin(['PEND PC']))) & (sex == 'M')",adf,pc.m,,,,,,,,,,,,,,,,,,,,,,,,,,,,,,,,,,,,,,,,,,,,,,,,,,,,,,,,,,,,,,,,,,,,,,,,,,,,,week,Aggregation level (hour/day_of_week/month/week),0,,,,,,,,,,,,,,30,,,,#2ca02c,,,,--,,,,1.25,,,,TRUE,,,,,,,,,,,,,,,,,,,,,,,,,,,,,,,,,,,,,,,,,,,,,,,,LC ADF,300,Image resolution,0,,,,,,1,12/31/2025,1,ESI 1 volume multiplier,0,percent0,1,ESI 2 volume multiplier,0,percent0,1,ESI 3 volume multiplier,0,percent0,1,ESI 4 volume multiplier,0,percent0,1,ESI 5 volume multiplier,0,percent0,,,,,6,Figure height,0,,10,Figure width,0,,,,,,,,,,Segoe UI,Global font family,0,,,,,,0,Display start value for graph,0,hour12,TRUE,,,,,,,,,,,,10,Legend font size,0,,3,Legend height,0,,2,Legend columns,0,,4,Legend width,0,,,,,,#A7AAAD,Off-peak bars,0,,#6F994E,P70 line,0,,#F2B701,P80 line,0,,#F28E2B,P90 line,0,,#3E839E,Peak bars,0,,#0B4F79,Peak census line,0,,12,Length of peak period,0,integer,auto,Peak period parameter mode,0,,6,Start for peak period,0,integer,vis_10_title,,,,vis_10_title,,,,vis_10_legend,,,,vis_10_legend,,,,vis_10_parameters,,,,vis_10_param,,,,_room_need_,,,,vis_10_tbl01,,,,vis_10__,,,,vis_10_image,,,,,,,,,,,,,,,,,,,,group3,,,,3,,,,pptx_template.vis_10.test.pptx,,,,8,,,,,,,,,,,,,,,,,,,,,,,,,,,,,,,,,,,,,,,,#D40062,Room need line,0,,,,,,,,,,,,,,1/1/2021,12,Subtitle font size,0,,8,Axis tick label size,0,,#d9d9d9,Background color,0,,16,Title font size,0,,0.3,Title image height,0,,bold,Title font weight,0,,13.33,Title image width,0,,,,,,,,,,,,,,,,,,,,,,cohort,0.85,Capacity Utilization Factor,1,percent0,0,Growth adjustment factor,0,percent0,,,,,1,,,,,0,Axis decimal places,0,,raw,raw count percent formatting mode,0,,1,Axis multiplier,0,,,Axis suffix,0,,,,,,fiscal
N,vis_10,vis_10,adf,adf.pc.m.55plus,pc.male.55plus,Protective Custody Male 55+,"(((custody_class.str.contains('PC', na=False) | custody_class.isin(['PEND PC']))) & (sex == 'M')) & (age_bracket == 'adult 55+')",adf,pc.m.55plus,,,,,,,,,,,,,,,,,,,,,,,,,,,,,,,,,,,,,,,,,,,,,,,,,,,,,,,,,,,,,,,,,,,,,,,,,,,,,week,Aggregation level (hour/day_of_week/month/week),0,,,,,,,,,,,,,,30,,,,#2ca02c,,,,--,,,,1.25,,,,TRUE,,,,,,,,,,,,,,,,,,,,,,,,,,,,,,,,,,,,,,,,,,,,,,,,LC ADF,300,Image resolution,0,,,,,,1,12/31/2025,1,ESI 1 volume multiplier,0,percent0,1,ESI 2 volume multiplier,0,percent0,1,ESI 3 volume multiplier,0,percent0,1,ESI 4 volume multiplier,0,percent0,1,ESI 5 volume multiplier,0,percent0,,,,,6,Figure height,0,,10,Figure width,0,,,,,,,,,,Segoe UI,Global font family,0,,,,,,0,Display start value for graph,0,hour12,TRUE,,,,,,,,,,,,10,Legend font size,0,,3,Legend height,0,,2,Legend columns,0,,4,Legend width,0,,,,,,#A7AAAD,Off-peak bars,0,,#6F994E,P70 line,0,,#F2B701,P80 line,0,,#F28E2B,P90 line,0,,#3E839E,Peak bars,0,,#0B4F79,Peak census line,0,,12,Length of peak period,0,integer,auto,Peak period parameter mode,0,,6,Start for peak period,0,integer,vis_10_title,,,,vis_10_title,,,,vis_10_legend,,,,vis_10_legend,,,,vis_10_parameters,,,,vis_10_param,,,,_room_need_,,,,vis_10_tbl01,,,,vis_10__,,,,vis_10_image,,,,,,,,,,,,,,,,,,,,group3,,,,3,,,,pptx_template.vis_10.test.pptx,,,,8,,,,,,,,,,,,,,,,,,,,,,,,,,,,,,,,,,,,,,,,#D40062,Room need line,0,,,,,,,,,,,,,,1/1/2021,12,Subtitle font size,0,,8,Axis tick label size,0,,#d9d9d9,Background color,0,,16,Title font size,0,,0.3,Title image height,0,,bold,Title font weight,0,,13.33,Title image width,0,,,,,,,,,,,,,,,,,,,,,,cohort,0.85,Capacity Utilization Factor,1,percent0,0,Growth adjustment factor,0,percent0,,,,,1,,,,,0,Axis decimal places,0,,raw,raw count percent formatting mode,0,,1,Axis multiplier,0,,,Axis suffix,0,,,,,,fiscal
N,vis_10,vis_10,adf,adf.pc.m.ch_high,pc.male.chronic_high,Protective Custody Male Highly Severe Chronic Health Condition,"(((custody_class.str.contains('PC', na=False) | custody_class.isin(['PEND PC']))) & (sex == 'M')) & (chronic_status == 'HIGH')",adf,pc.m.ch_high,,,,,,,,,,,,,,,,,,,,,,,,,,,,,,,,,,,,,,,,,,,,,,,,,,,,,,,,,,,,,,,,,,,,,,,,,,,,,week,Aggregation level (hour/day_of_week/month/week),0,,,,,,,,,,,,,,30,,,,#2ca02c,,,,--,,,,1.25,,,,TRUE,,,,,,,,,,,,,,,,,,,,,,,,,,,,,,,,,,,,,,,,,,,,,,,,LC ADF,300,Image resolution,0,,,,,,1,12/31/2025,1,ESI 1 volume multiplier,0,percent0,1,ESI 2 volume multiplier,0,percent0,1,ESI 3 volume multiplier,0,percent0,1,ESI 4 volume multiplier,0,percent0,1,ESI 5 volume multiplier,0,percent0,,,,,6,Figure height,0,,10,Figure width,0,,,,,,,,,,Segoe UI,Global font family,0,,,,,,0,Display start value for graph,0,hour12,TRUE,,,,,,,,,,,,10,Legend font size,0,,3,Legend height,0,,2,Legend columns,0,,4,Legend width,0,,,,,,#A7AAAD,Off-peak bars,0,,#6F994E,P70 line,0,,#F2B701,P80 line,0,,#F28E2B,P90 line,0,,#3E839E,Peak bars,0,,#0B4F79,Peak census line,0,,12,Length of peak period,0,integer,auto,Peak period parameter mode,0,,6,Start for peak period,0,integer,vis_10_title,,,,vis_10_title,,,,vis_10_legend,,,,vis_10_legend,,,,vis_10_parameters,,,,vis_10_param,,,,_room_need_,,,,vis_10_tbl01,,,,vis_10__,,,,vis_10_image,,,,,,,,,,,,,,,,,,,,group3,,,,3,,,,pptx_template.vis_10.test.pptx,,,,8,,,,,,,,,,,,,,,,,,,,,,,,,,,,,,,,,,,,,,,,#D40062,Room need line,0,,,,,,,,,,,,,,1/1/2021,12,Subtitle font size,0,,8,Axis tick label size,0,,#d9d9d9,Background color,0,,16,Title font size,0,,0.3,Title image height,0,,bold,Title font weight,0,,13.33,Title image width,0,,,,,,,,,,,,,,,,,,,,,,cohort,0.85,Capacity Utilization Factor,1,percent0,0,Growth adjustment factor,0,percent0,,,,,1,,,,,0,Axis decimal places,0,,raw,raw count percent formatting mode,0,,1,Axis multiplier,0,,,Axis suffix,0,,,,,,fiscal
N,vis_10,vis_10,adf,adf.pc.m.ch_low_mod_no,pc.male.chronic_low_moderate_no_chronic,Protective Custody Male Low/Moderate/No Chronic Health Condition,"(((custody_class.str.contains('PC', na=False) | custody_class.isin(['PEND PC']))) & (sex == 'M')) & (chronic_status .isin(['LOW','MODERATE','NO CHRONIC CONDITION']))",adf,pc.m.ch_low_mod_no,,,,,,,,,,,,,,,,,,,,,,,,,,,,,,,,,,,,,,,,,,,,,,,,,,,,,,,,,,,,,,,,,,,,,,,,,,,,,week,Aggregation level (hour/day_of_week/month/week),0,,,,,,,,,,,,,,30,,,,#2ca02c,,,,--,,,,1.25,,,,TRUE,,,,,,,,,,,,,,,,,,,,,,,,,,,,,,,,,,,,,,,,,,,,,,,,LC ADF,300,Image resolution,0,,,,,,1,12/31/2025,1,ESI 1 volume multiplier,0,percent0,1,ESI 2 volume multiplier,0,percent0,1,ESI 3 volume multiplier,0,percent0,1,ESI 4 volume multiplier,0,percent0,1,ESI 5 volume multiplier,0,percent0,,,,,6,Figure height,0,,10,Figure width,0,,,,,,,,,,Segoe UI,Global font family,0,,,,,,0,Display start value for graph,0,hour12,TRUE,,,,,,,,,,,,10,Legend font size,0,,3,Legend height,0,,2,Legend columns,0,,4,Legend width,0,,,,,,#A7AAAD,Off-peak bars,0,,#6F994E,P70 line,0,,#F2B701,P80 line,0,,#F28E2B,P90 line,0,,#3E839E,Peak bars,0,,#0B4F79,Peak census line,0,,12,Length of peak period,0,integer,auto,Peak period parameter mode,0,,6,Start for peak period,0,integer,vis_10_title,,,,vis_10_title,,,,vis_10_legend,,,,vis_10_legend,,,,vis_10_parameters,,,,vis_10_param,,,,_room_need_,,,,vis_10_tbl01,,,,vis_10__,,,,vis_10_image,,,,,,,,,,,,,,,,,,,,group3,,,,3,,,,pptx_template.vis_10.test.pptx,,,,8,,,,,,,,,,,,,,,,,,,,,,,,,,,,,,,,,,,,,,,,#D40062,Room need line,0,,,,,,,,,,,,,,1/1/2021,12,Subtitle font size,0,,8,Axis tick label size,0,,#d9d9d9,Background color,0,,16,Title font size,0,,0.3,Title image height,0,,bold,Title font weight,0,,13.33,Title image width,0,,,,,,,,,,,,,,,,,,,,,,cohort,0.85,Capacity Utilization Factor,1,percent0,0,Growth adjustment factor,0,percent0,,,,,1,,,,,0,Axis decimal places,0,,raw,raw count percent formatting mode,0,,1,Axis multiplier,0,,,Axis suffix,0,,,,,,fiscal
N,vis_10,vis_10,adf,adf.pc.m.u55,pc.male.u55,Protective Custody Male Under 55,"(((custody_class.str.contains('PC', na=False) | custody_class.isin(['PEND PC']))) & (sex == 'M')) & (age_bracket == 'adult under 55')",adf,pc.m.u55,,,,,,,,,,,,,,,,,,,,,,,,,,,,,,,,,,,,,,,,,,,,,,,,,,,,,,,,,,,,,,,,,,,,,,,,,,,,,week,Aggregation level (hour/day_of_week/month/week),0,,,,,,,,,,,,,,30,,,,#2ca02c,,,,--,,,,1.25,,,,TRUE,,,,,,,,,,,,,,,,,,,,,,,,,,,,,,,,,,,,,,,,,,,,,,,,LC ADF,300,Image resolution,0,,,,,,1,12/31/2025,1,ESI 1 volume multiplier,0,percent0,1,ESI 2 volume multiplier,0,percent0,1,ESI 3 volume multiplier,0,percent0,1,ESI 4 volume multiplier,0,percent0,1,ESI 5 volume multiplier,0,percent0,,,,,6,Figure height,0,,10,Figure width,0,,,,,,,,,,Segoe UI,Global font family,0,,,,,,0,Display start value for graph,0,hour12,TRUE,,,,,,,,,,,,10,Legend font size,0,,3,Legend height,0,,2,Legend columns,0,,4,Legend width,0,,,,,,#A7AAAD,Off-peak bars,0,,#6F994E,P70 line,0,,#F2B701,P80 line,0,,#F28E2B,P90 line,0,,#3E839E,Peak bars,0,,#0B4F79,Peak census line,0,,12,Length of peak period,0,integer,auto,Peak period parameter mode,0,,6,Start for peak period,0,integer,vis_10_title,,,,vis_10_title,,,,vis_10_legend,,,,vis_10_legend,,,,vis_10_parameters,,,,vis_10_param,,,,_room_need_,,,,vis_10_tbl01,,,,vis_10__,,,,vis_10_image,,,,,,,,,,,,,,,,,,,,group3,,,,3,,,,pptx_template.vis_10.test.pptx,,,,8,,,,,,,,,,,,,,,,,,,,,,,,,,,,,,,,,,,,,,,,#D40062,Room need line,0,,,,,,,,,,,,,,1/1/2021,12,Subtitle font size,0,,8,Axis tick label size,0,,#d9d9d9,Background color,0,,16,Title font size,0,,0.3,Title image height,0,,bold,Title font weight,0,,13.33,Title image width,0,,,,,,,,,,,,,,,,,,,,,,cohort,0.85,Capacity Utilization Factor,1,percent0,0,Growth adjustment factor,0,percent0,,,,,1,,,,,0,Axis decimal places,0,,raw,raw count percent formatting mode,0,,1,Axis multiplier,0,,,Axis suffix,0,,,,,,fiscal
N,vis_10,vis_10,adf,adf.pc.u55,pc.u55,Protective Custody Under 55,"((custody_class.str.contains('PC', na=False) | custody_class.isin(['PEND PC']))) & (age_bracket == 'adult under 55')",adf,pc.u55,,,,,,,,,,,,,,,,,,,,,,,,,,,,,,,,,,,,,,,,,,,,,,,,,,,,,,,,,,,,,,,,,,,,,,,,,,,,,week,Aggregation level (hour/day_of_week/month/week),0,,,,,,,,,,,,,,30,,,,#2ca02c,,,,--,,,,1.25,,,,TRUE,,,,,,,,,,,,,,,,,,,,,,,,,,,,,,,,,,,,,,,,,,,,,,,,LC ADF,300,Image resolution,0,,,,,,1,12/31/2025,1,ESI 1 volume multiplier,0,percent0,1,ESI 2 volume multiplier,0,percent0,1,ESI 3 volume multiplier,0,percent0,1,ESI 4 volume multiplier,0,percent0,1,ESI 5 volume multiplier,0,percent0,,,,,6,Figure height,0,,10,Figure width,0,,,,,,,,,,Segoe UI,Global font family,0,,,,,,0,Display start value for graph,0,hour12,TRUE,,,,,,,,,,,,10,Legend font size,0,,3,Legend height,0,,2,Legend columns,0,,4,Legend width,0,,,,,,#A7AAAD,Off-peak bars,0,,#6F994E,P70 line,0,,#F2B701,P80 line,0,,#F28E2B,P90 line,0,,#3E839E,Peak bars,0,,#0B4F79,Peak census line,0,,12,Length of peak period,0,integer,auto,Peak period parameter mode,0,,6,Start for peak period,0,integer,vis_10_title,,,,vis_10_title,,,,vis_10_legend,,,,vis_10_legend,,,,vis_10_parameters,,,,vis_10_param,,,,_room_need_,,,,vis_10_tbl01,,,,vis_10__,,,,vis_10_image,,,,,,,,,,,,,,,,,,,,group3,,,,3,,,,pptx_template.vis_10.test.pptx,,,,8,,,,,,,,,,,,,,,,,,,,,,,,,,,,,,,,,,,,,,,,#D40062,Room need line,0,,,,,,,,,,,,,,1/1/2021,12,Subtitle font size,0,,8,Axis tick label size,0,,#d9d9d9,Background color,0,,16,Title font size,0,,0.3,Title image height,0,,bold,Title font weight,0,,13.33,Title image width,0,,,,,,,,,,,,,,,,,,,,,,cohort,0.85,Capacity Utilization Factor,1,percent0,0,Growth adjustment factor,0,percent0,,,,,1,,,,,0,Axis decimal places,0,,raw,raw count percent formatting mode,0,,1,Axis multiplier,0,,,Axis suffix,0,,,,,,fiscal
N,vis_10,vis_10,adf,adf.sn,special_needs,Special Needs,"(custody_class.str.contains('SN', na=False) | custody_class.isin(['SN- HOUSE IN SUB', 'SN (IPOD SUBDAY)', 'SN J-POD']))",adf,sn,,,,,,,,,,,,,,,,,,,,,,,,,,,,,,,,,,,,,,,,,,,,,,,,,,,,,,,,,,,,,,,,,,,,,,,,,,,,,week,Aggregation level (hour/day_of_week/month/week),0,,,,,,,,,,,,,,30,,,,#2ca02c,,,,--,,,,1.25,,,,TRUE,,,,,,,,,,,,,,,,,,,,,,,,,,,,,,,,,,,,,,,,,,,,,,,,LC ADF,300,Image resolution,0,,,,,,1,12/31/2025,1,ESI 1 volume multiplier,0,percent0,1,ESI 2 volume multiplier,0,percent0,1,ESI 3 volume multiplier,0,percent0,1,ESI 4 volume multiplier,0,percent0,1,ESI 5 volume multiplier,0,percent0,,,,,6,Figure height,0,,10,Figure width,0,,,,,,,,,,Segoe UI,Global font family,0,,,,,,0,Display start value for graph,0,hour12,TRUE,,,,,,,,,,,,10,Legend font size,0,,3,Legend height,0,,2,Legend columns,0,,4,Legend width,0,,,,,,#A7AAAD,Off-peak bars,0,,#6F994E,P70 line,0,,#F2B701,P80 line,0,,#F28E2B,P90 line,0,,#3E839E,Peak bars,0,,#0B4F79,Peak census line,0,,12,Length of peak period,0,integer,auto,Peak period parameter mode,0,,6,Start for peak period,0,integer,vis_10_title,,,,vis_10_title,,,,vis_10_legend,,,,vis_10_legend,,,,vis_10_parameters,,,,vis_10_param,,,,_room_need_,,,,vis_10_tbl01,,,,vis_10__,,,,vis_10_image,,,,,,,,,,,,,,,,,,,,group3,,,,3,,,,pptx_template.vis_10.test.pptx,,,,8,,,,,,,,,,,,,,,,,,,,,,,,,,,,,,,,,,,,,,,,#D40062,Room need line,0,,,,,,,,,,,,,,1/1/2021,12,Subtitle font size,0,,8,Axis tick label size,0,,#d9d9d9,Background color,0,,16,Title font size,0,,0.3,Title image height,0,,bold,Title font weight,0,,13.33,Title image width,0,,,,,,,,,,,,,,,,,,,,,,cohort,0.85,Capacity Utilization Factor,1,percent0,0,Growth adjustment factor,0,percent0,,,,,1,,,,,0,Axis decimal places,0,,raw,raw count percent formatting mode,0,,1,Axis multiplier,0,,,Axis suffix,0,,,,,,fiscal
N,vis_10,vis_10,adf,adf.sn.55plus,special_needs.55plus,Special Needs 55+,"((custody_class.str.contains('SN', na=False) | custody_class.isin(['SN- HOUSE IN SUB', 'SN (IPOD SUBDAY)', 'SN J-POD']))) & (age_bracket == 'adult 55+')",adf,sn.55plus,,,,,,,,,,,,,,,,,,,,,,,,,,,,,,,,,,,,,,,,,,,,,,,,,,,,,,,,,,,,,,,,,,,,,,,,,,,,,week,Aggregation level (hour/day_of_week/month/week),0,,,,,,,,,,,,,,30,,,,#2ca02c,,,,--,,,,1.25,,,,TRUE,,,,,,,,,,,,,,,,,,,,,,,,,,,,,,,,,,,,,,,,,,,,,,,,LC ADF,300,Image resolution,0,,,,,,1,12/31/2025,1,ESI 1 volume multiplier,0,percent0,1,ESI 2 volume multiplier,0,percent0,1,ESI 3 volume multiplier,0,percent0,1,ESI 4 volume multiplier,0,percent0,1,ESI 5 volume multiplier,0,percent0,,,,,6,Figure height,0,,10,Figure width,0,,,,,,,,,,Segoe UI,Global font family,0,,,,,,0,Display start value for graph,0,hour12,TRUE,,,,,,,,,,,,10,Legend font size,0,,3,Legend height,0,,2,Legend columns,0,,4,Legend width,0,,,,,,#A7AAAD,Off-peak bars,0,,#6F994E,P70 line,0,,#F2B701,P80 line,0,,#F28E2B,P90 line,0,,#3E839E,Peak bars,0,,#0B4F79,Peak census line,0,,12,Length of peak period,0,integer,auto,Peak period parameter mode,0,,6,Start for peak period,0,integer,vis_10_title,,,,vis_10_title,,,,vis_10_legend,,,,vis_10_legend,,,,vis_10_parameters,,,,vis_10_param,,,,_room_need_,,,,vis_10_tbl01,,,,vis_10__,,,,vis_10_image,,,,,,,,,,,,,,,,,,,,group3,,,,3,,,,pptx_template.vis_10.test.pptx,,,,8,,,,,,,,,,,,,,,,,,,,,,,,,,,,,,,,,,,,,,,,#D40062,Room need line,0,,,,,,,,,,,,,,1/1/2021,12,Subtitle font size,0,,8,Axis tick label size,0,,#d9d9d9,Background color,0,,16,Title font size,0,,0.3,Title image height,0,,bold,Title font weight,0,,13.33,Title image width,0,,,,,,,,,,,,,,,,,,,,,,cohort,0.85,Capacity Utilization Factor,1,percent0,0,Growth adjustment factor,0,percent0,,,,,1,,,,,0,Axis decimal places,0,,raw,raw count percent formatting mode,0,,1,Axis multiplier,0,,,Axis suffix,0,,,,,,fiscal
N,vis_10,vis_10,adf,adf.sn.ch_high,special_needs.chronic_high,Special Needs Highly Severe Chronic Health Condition,"((custody_class.str.contains('SN', na=False) | custody_class.isin(['SN- HOUSE IN SUB', 'SN (IPOD SUBDAY)', 'SN J-POD']))) & (chronic_status == 'HIGH')",adf,sn.ch_high,,,,,,,,,,,,,,,,,,,,,,,,,,,,,,,,,,,,,,,,,,,,,,,,,,,,,,,,,,,,,,,,,,,,,,,,,,,,,week,Aggregation level (hour/day_of_week/month/week),0,,,,,,,,,,,,,,30,,,,#2ca02c,,,,--,,,,1.25,,,,TRUE,,,,,,,,,,,,,,,,,,,,,,,,,,,,,,,,,,,,,,,,,,,,,,,,LC ADF,300,Image resolution,0,,,,,,1,12/31/2025,1,ESI 1 volume multiplier,0,percent0,1,ESI 2 volume multiplier,0,percent0,1,ESI 3 volume multiplier,0,percent0,1,ESI 4 volume multiplier,0,percent0,1,ESI 5 volume multiplier,0,percent0,,,,,6,Figure height,0,,10,Figure width,0,,,,,,,,,,Segoe UI,Global font family,0,,,,,,0,Display start value for graph,0,hour12,TRUE,,,,,,,,,,,,10,Legend font size,0,,3,Legend height,0,,2,Legend columns,0,,4,Legend width,0,,,,,,#A7AAAD,Off-peak bars,0,,#6F994E,P70 line,0,,#F2B701,P80 line,0,,#F28E2B,P90 line,0,,#3E839E,Peak bars,0,,#0B4F79,Peak census line,0,,12,Length of peak period,0,integer,auto,Peak period parameter mode,0,,6,Start for peak period,0,integer,vis_10_title,,,,vis_10_title,,,,vis_10_legend,,,,vis_10_legend,,,,vis_10_parameters,,,,vis_10_param,,,,_room_need_,,,,vis_10_tbl01,,,,vis_10__,,,,vis_10_image,,,,,,,,,,,,,,,,,,,,group3,,,,3,,,,pptx_template.vis_10.test.pptx,,,,8,,,,,,,,,,,,,,,,,,,,,,,,,,,,,,,,,,,,,,,,#D40062,Room need line,0,,,,,,,,,,,,,,1/1/2021,12,Subtitle font size,0,,8,Axis tick label size,0,,#d9d9d9,Background color,0,,16,Title font size,0,,0.3,Title image height,0,,bold,Title font weight,0,,13.33,Title image width,0,,,,,,,,,,,,,,,,,,,,,,cohort,0.85,Capacity Utilization Factor,1,percent0,0,Growth adjustment factor,0,percent0,,,,,1,,,,,0,Axis decimal places,0,,raw,raw count percent formatting mode,0,,1,Axis multiplier,0,,,Axis suffix,0,,,,,,fiscal
N,vis_10,vis_10,adf,adf.sn.ch_low_mod_no,special_needs.chronic_low_moderate_no_chronic,Special Needs Low/Moderate/No Chronic Health Condition,"((custody_class.str.contains('SN', na=False) | custody_class.isin(['SN- HOUSE IN SUB', 'SN (IPOD SUBDAY)', 'SN J-POD']))) & (chronic_status .isin(['LOW','MODERATE','NO CHRONIC CONDITION']))",adf,sn.ch_low_mod_no,,,,,,,,,,,,,,,,,,,,,,,,,,,,,,,,,,,,,,,,,,,,,,,,,,,,,,,,,,,,,,,,,,,,,,,,,,,,,week,Aggregation level (hour/day_of_week/month/week),0,,,,,,,,,,,,,,30,,,,#2ca02c,,,,--,,,,1.25,,,,TRUE,,,,,,,,,,,,,,,,,,,,,,,,,,,,,,,,,,,,,,,,,,,,,,,,LC ADF,300,Image resolution,0,,,,,,1,12/31/2025,1,ESI 1 volume multiplier,0,percent0,1,ESI 2 volume multiplier,0,percent0,1,ESI 3 volume multiplier,0,percent0,1,ESI 4 volume multiplier,0,percent0,1,ESI 5 volume multiplier,0,percent0,,,,,6,Figure height,0,,10,Figure width,0,,,,,,,,,,Segoe UI,Global font family,0,,,,,,0,Display start value for graph,0,hour12,TRUE,,,,,,,,,,,,10,Legend font size,0,,3,Legend height,0,,2,Legend columns,0,,4,Legend width,0,,,,,,#A7AAAD,Off-peak bars,0,,#6F994E,P70 line,0,,#F2B701,P80 line,0,,#F28E2B,P90 line,0,,#3E839E,Peak bars,0,,#0B4F79,Peak census line,0,,12,Length of peak period,0,integer,auto,Peak period parameter mode,0,,6,Start for peak period,0,integer,vis_10_title,,,,vis_10_title,,,,vis_10_legend,,,,vis_10_legend,,,,vis_10_parameters,,,,vis_10_param,,,,_room_need_,,,,vis_10_tbl01,,,,vis_10__,,,,vis_10_image,,,,,,,,,,,,,,,,,,,,group3,,,,3,,,,pptx_template.vis_10.test.pptx,,,,8,,,,,,,,,,,,,,,,,,,,,,,,,,,,,,,,,,,,,,,,#D40062,Room need line,0,,,,,,,,,,,,,,1/1/2021,12,Subtitle font size,0,,8,Axis tick label size,0,,#d9d9d9,Background color,0,,16,Title font size,0,,0.3,Title image height,0,,bold,Title font weight,0,,13.33,Title image width,0,,,,,,,,,,,,,,,,,,,,,,cohort,0.85,Capacity Utilization Factor,1,percent0,0,Growth adjustment factor,0,percent0,,,,,1,,,,,0,Axis decimal places,0,,raw,raw count percent formatting mode,0,,1,Axis multiplier,0,,,Axis suffix,0,,,,,,fiscal
N,vis_10,vis_10,adf,adf.sn.f,special_needs.female,Special Needs Female,"((custody_class.str.contains('SN', na=False) | custody_class.isin(['SN- HOUSE IN SUB', 'SN (IPOD SUBDAY)', 'SN J-POD']))) & (sex == 'F')",adf,sn.f,,,,,,,,,,,,,,,,,,,,,,,,,,,,,,,,,,,,,,,,,,,,,,,,,,,,,,,,,,,,,,,,,,,,,,,,,,,,,week,Aggregation level (hour/day_of_week/month/week),0,,,,,,,,,,,,,,30,,,,#2ca02c,,,,--,,,,1.25,,,,TRUE,,,,,,,,,,,,,,,,,,,,,,,,,,,,,,,,,,,,,,,,,,,,,,,,LC ADF,300,Image resolution,0,,,,,,1,12/31/2025,1,ESI 1 volume multiplier,0,percent0,1,ESI 2 volume multiplier,0,percent0,1,ESI 3 volume multiplier,0,percent0,1,ESI 4 volume multiplier,0,percent0,1,ESI 5 volume multiplier,0,percent0,,,,,6,Figure height,0,,10,Figure width,0,,,,,,,,,,Segoe UI,Global font family,0,,,,,,0,Display start value for graph,0,hour12,TRUE,,,,,,,,,,,,10,Legend font size,0,,3,Legend height,0,,2,Legend columns,0,,4,Legend width,0,,,,,,#A7AAAD,Off-peak bars,0,,#6F994E,P70 line,0,,#F2B701,P80 line,0,,#F28E2B,P90 line,0,,#3E839E,Peak bars,0,,#0B4F79,Peak census line,0,,12,Length of peak period,0,integer,auto,Peak period parameter mode,0,,6,Start for peak period,0,integer,vis_10_title,,,,vis_10_title,,,,vis_10_legend,,,,vis_10_legend,,,,vis_10_parameters,,,,vis_10_param,,,,_room_need_,,,,vis_10_tbl01,,,,vis_10__,,,,vis_10_image,,,,,,,,,,,,,,,,,,,,group3,,,,3,,,,pptx_template.vis_10.test.pptx,,,,8,,,,,,,,,,,,,,,,,,,,,,,,,,,,,,,,,,,,,,,,#D40062,Room need line,0,,,,,,,,,,,,,,1/1/2021,12,Subtitle font size,0,,8,Axis tick label size,0,,#d9d9d9,Background color,0,,16,Title font size,0,,0.3,Title image height,0,,bold,Title font weight,0,,13.33,Title image width,0,,,,,,,,,,,,,,,,,,,,,,cohort,0.85,Capacity Utilization Factor,1,percent0,0,Growth adjustment factor,0,percent0,,,,,1,,,,,0,Axis decimal places,0,,raw,raw count percent formatting mode,0,,1,Axis multiplier,0,,,Axis suffix,0,,,,,,fiscal
N,vis_10,vis_10,adf,adf.sn.f.55plus,special_needs.female.55plus,Special Needs Female 55+,"(((custody_class.str.contains('SN', na=False) | custody_class.isin(['SN- HOUSE IN SUB', 'SN (IPOD SUBDAY)', 'SN J-POD']))) & (sex == 'F')) & (age_bracket == 'adult 55+')",adf,sn.f.55plus,,,,,,,,,,,,,,,,,,,,,,,,,,,,,,,,,,,,,,,,,,,,,,,,,,,,,,,,,,,,,,,,,,,,,,,,,,,,,week,Aggregation level (hour/day_of_week/month/week),0,,,,,,,,,,,,,,30,,,,#2ca02c,,,,--,,,,1.25,,,,TRUE,,,,,,,,,,,,,,,,,,,,,,,,,,,,,,,,,,,,,,,,,,,,,,,,LC ADF,300,Image resolution,0,,,,,,1,12/31/2025,1,ESI 1 volume multiplier,0,percent0,1,ESI 2 volume multiplier,0,percent0,1,ESI 3 volume multiplier,0,percent0,1,ESI 4 volume multiplier,0,percent0,1,ESI 5 volume multiplier,0,percent0,,,,,6,Figure height,0,,10,Figure width,0,,,,,,,,,,Segoe UI,Global font family,0,,,,,,0,Display start value for graph,0,hour12,TRUE,,,,,,,,,,,,10,Legend font size,0,,3,Legend height,0,,2,Legend columns,0,,4,Legend width,0,,,,,,#A7AAAD,Off-peak bars,0,,#6F994E,P70 line,0,,#F2B701,P80 line,0,,#F28E2B,P90 line,0,,#3E839E,Peak bars,0,,#0B4F79,Peak census line,0,,12,Length of peak period,0,integer,auto,Peak period parameter mode,0,,6,Start for peak period,0,integer,vis_10_title,,,,vis_10_title,,,,vis_10_legend,,,,vis_10_legend,,,,vis_10_parameters,,,,vis_10_param,,,,_room_need_,,,,vis_10_tbl01,,,,vis_10__,,,,vis_10_image,,,,,,,,,,,,,,,,,,,,group3,,,,3,,,,pptx_template.vis_10.test.pptx,,,,8,,,,,,,,,,,,,,,,,,,,,,,,,,,,,,,,,,,,,,,,#D40062,Room need line,0,,,,,,,,,,,,,,1/1/2021,12,Subtitle font size,0,,8,Axis tick label size,0,,#d9d9d9,Background color,0,,16,Title font size,0,,0.3,Title image height,0,,bold,Title font weight,0,,13.33,Title image width,0,,,,,,,,,,,,,,,,,,,,,,cohort,0.85,Capacity Utilization Factor,1,percent0,0,Growth adjustment factor,0,percent0,,,,,1,,,,,0,Axis decimal places,0,,raw,raw count percent formatting mode,0,,1,Axis multiplier,0,,,Axis suffix,0,,,,,,fiscal
N,vis_10,vis_10,adf,adf.sn.f.ch_high,special_needs.female.chronic_high,Special Needs Female Highly Severe Chronic Health Condition,"(((custody_class.str.contains('SN', na=False) | custody_class.isin(['SN- HOUSE IN SUB', 'SN (IPOD SUBDAY)', 'SN J-POD']))) & (sex == 'F')) & (chronic_status == 'HIGH')",adf,sn.f.ch_high,,,,,,,,,,,,,,,,,,,,,,,,,,,,,,,,,,,,,,,,,,,,,,,,,,,,,,,,,,,,,,,,,,,,,,,,,,,,,week,Aggregation level (hour/day_of_week/month/week),0,,,,,,,,,,,,,,30,,,,#2ca02c,,,,--,,,,1.25,,,,TRUE,,,,,,,,,,,,,,,,,,,,,,,,,,,,,,,,,,,,,,,,,,,,,,,,LC ADF,300,Image resolution,0,,,,,,1,12/31/2025,1,ESI 1 volume multiplier,0,percent0,1,ESI 2 volume multiplier,0,percent0,1,ESI 3 volume multiplier,0,percent0,1,ESI 4 volume multiplier,0,percent0,1,ESI 5 volume multiplier,0,percent0,,,,,6,Figure height,0,,10,Figure width,0,,,,,,,,,,Segoe UI,Global font family,0,,,,,,0,Display start value for graph,0,hour12,TRUE,,,,,,,,,,,,10,Legend font size,0,,3,Legend height,0,,2,Legend columns,0,,4,Legend width,0,,,,,,#A7AAAD,Off-peak bars,0,,#6F994E,P70 line,0,,#F2B701,P80 line,0,,#F28E2B,P90 line,0,,#3E839E,Peak bars,0,,#0B4F79,Peak census line,0,,12,Length of peak period,0,integer,auto,Peak period parameter mode,0,,6,Start for peak period,0,integer,vis_10_title,,,,vis_10_title,,,,vis_10_legend,,,,vis_10_legend,,,,vis_10_parameters,,,,vis_10_param,,,,_room_need_,,,,vis_10_tbl01,,,,vis_10__,,,,vis_10_image,,,,,,,,,,,,,,,,,,,,group3,,,,3,,,,pptx_template.vis_10.test.pptx,,,,8,,,,,,,,,,,,,,,,,,,,,,,,,,,,,,,,,,,,,,,,#D40062,Room need line,0,,,,,,,,,,,,,,1/1/2021,12,Subtitle font size,0,,8,Axis tick label size,0,,#d9d9d9,Background color,0,,16,Title font size,0,,0.3,Title image height,0,,bold,Title font weight,0,,13.33,Title image width,0,,,,,,,,,,,,,,,,,,,,,,cohort,0.85,Capacity Utilization Factor,1,percent0,0,Growth adjustment factor,0,percent0,,,,,1,,,,,0,Axis decimal places,0,,raw,raw count percent formatting mode,0,,1,Axis multiplier,0,,,Axis suffix,0,,,,,,fiscal
N,vis_10,vis_10,adf,adf.sn.f.ch_low_mod_no,special_needs.female.chronic_low_moderate_no_chronic,Special Needs Female Low/Moderate/No Chronic Health Condition,"(((custody_class.str.contains('SN', na=False) | custody_class.isin(['SN- HOUSE IN SUB', 'SN (IPOD SUBDAY)', 'SN J-POD']))) & (sex == 'F')) & (chronic_status .isin(['LOW','MODERATE','NO CHRONIC CONDITION']))",adf,sn.f.ch_low_mod_no,,,,,,,,,,,,,,,,,,,,,,,,,,,,,,,,,,,,,,,,,,,,,,,,,,,,,,,,,,,,,,,,,,,,,,,,,,,,,week,Aggregation level (hour/day_of_week/month/week),0,,,,,,,,,,,,,,30,,,,#2ca02c,,,,--,,,,1.25,,,,TRUE,,,,,,,,,,,,,,,,,,,,,,,,,,,,,,,,,,,,,,,,,,,,,,,,LC ADF,300,Image resolution,0,,,,,,1,12/31/2025,1,ESI 1 volume multiplier,0,percent0,1,ESI 2 volume multiplier,0,percent0,1,ESI 3 volume multiplier,0,percent0,1,ESI 4 volume multiplier,0,percent0,1,ESI 5 volume multiplier,0,percent0,,,,,6,Figure height,0,,10,Figure width,0,,,,,,,,,,Segoe UI,Global font family,0,,,,,,0,Display start value for graph,0,hour12,TRUE,,,,,,,,,,,,10,Legend font size,0,,3,Legend height,0,,2,Legend columns,0,,4,Legend width,0,,,,,,#A7AAAD,Off-peak bars,0,,#6F994E,P70 line,0,,#F2B701,P80 line,0,,#F28E2B,P90 line,0,,#3E839E,Peak bars,0,,#0B4F79,Peak census line,0,,12,Length of peak period,0,integer,auto,Peak period parameter mode,0,,6,Start for peak period,0,integer,vis_10_title,,,,vis_10_title,,,,vis_10_legend,,,,vis_10_legend,,,,vis_10_parameters,,,,vis_10_param,,,,_room_need_,,,,vis_10_tbl01,,,,vis_10__,,,,vis_10_image,,,,,,,,,,,,,,,,,,,,group3,,,,3,,,,pptx_template.vis_10.test.pptx,,,,8,,,,,,,,,,,,,,,,,,,,,,,,,,,,,,,,,,,,,,,,#D40062,Room need line,0,,,,,,,,,,,,,,1/1/2021,12,Subtitle font size,0,,8,Axis tick label size,0,,#d9d9d9,Background color,0,,16,Title font size,0,,0.3,Title image height,0,,bold,Title font weight,0,,13.33,Title image width,0,,,,,,,,,,,,,,,,,,,,,,cohort,0.85,Capacity Utilization Factor,1,percent0,0,Growth adjustment factor,0,percent0,,,,,1,,,,,0,Axis decimal places,0,,raw,raw count percent formatting mode,0,,1,Axis multiplier,0,,,Axis suffix,0,,,,,,fiscal
N,vis_10,vis_10,adf,adf.sn.f.u55,special_needs.female.u55,Special Needs Female Under 55,"(((custody_class.str.contains('SN', na=False) | custody_class.isin(['SN- HOUSE IN SUB', 'SN (IPOD SUBDAY)', 'SN J-POD']))) & (sex == 'F')) & (age_bracket == 'adult under 55')",adf,sn.f.u55,,,,,,,,,,,,,,,,,,,,,,,,,,,,,,,,,,,,,,,,,,,,,,,,,,,,,,,,,,,,,,,,,,,,,,,,,,,,,week,Aggregation level (hour/day_of_week/month/week),0,,,,,,,,,,,,,,30,,,,#2ca02c,,,,--,,,,1.25,,,,TRUE,,,,,,,,,,,,,,,,,,,,,,,,,,,,,,,,,,,,,,,,,,,,,,,,LC ADF,300,Image resolution,0,,,,,,1,12/31/2025,1,ESI 1 volume multiplier,0,percent0,1,ESI 2 volume multiplier,0,percent0,1,ESI 3 volume multiplier,0,percent0,1,ESI 4 volume multiplier,0,percent0,1,ESI 5 volume multiplier,0,percent0,,,,,6,Figure height,0,,10,Figure width,0,,,,,,,,,,Segoe UI,Global font family,0,,,,,,0,Display start value for graph,0,hour12,TRUE,,,,,,,,,,,,10,Legend font size,0,,3,Legend height,0,,2,Legend columns,0,,4,Legend width,0,,,,,,#A7AAAD,Off-peak bars,0,,#6F994E,P70 line,0,,#F2B701,P80 line,0,,#F28E2B,P90 line,0,,#3E839E,Peak bars,0,,#0B4F79,Peak census line,0,,12,Length of peak period,0,integer,auto,Peak period parameter mode,0,,6,Start for peak period,0,integer,vis_10_title,,,,vis_10_title,,,,vis_10_legend,,,,vis_10_legend,,,,vis_10_parameters,,,,vis_10_param,,,,_room_need_,,,,vis_10_tbl01,,,,vis_10__,,,,vis_10_image,,,,,,,,,,,,,,,,,,,,group3,,,,3,,,,pptx_template.vis_10.test.pptx,,,,8,,,,,,,,,,,,,,,,,,,,,,,,,,,,,,,,,,,,,,,,#D40062,Room need line,0,,,,,,,,,,,,,,1/1/2021,12,Subtitle font size,0,,8,Axis tick label size,0,,#d9d9d9,Background color,0,,16,Title font size,0,,0.3,Title image height,0,,bold,Title font weight,0,,13.33,Title image width,0,,,,,,,,,,,,,,,,,,,,,,cohort,0.85,Capacity Utilization Factor,1,percent0,0,Growth adjustment factor,0,percent0,,,,,1,,,,,0,Axis decimal places,0,,raw,raw count percent formatting mode,0,,1,Axis multiplier,0,,,Axis suffix,0,,,,,,fiscal
N,vis_10,vis_10,adf,adf.sn.m,special_needs.male,Special Needs Male,"((custody_class.str.contains('SN', na=False) | custody_class.isin(['SN- HOUSE IN SUB', 'SN (IPOD SUBDAY)', 'SN J-POD']))) & (sex == 'M')",adf,sn.m,,,,,,,,,,,,,,,,,,,,,,,,,,,,,,,,,,,,,,,,,,,,,,,,,,,,,,,,,,,,,,,,,,,,,,,,,,,,,week,Aggregation level (hour/day_of_week/month/week),0,,,,,,,,,,,,,,30,,,,#2ca02c,,,,--,,,,1.25,,,,TRUE,,,,,,,,,,,,,,,,,,,,,,,,,,,,,,,,,,,,,,,,,,,,,,,,LC ADF,300,Image resolution,0,,,,,,1,12/31/2025,1,ESI 1 volume multiplier,0,percent0,1,ESI 2 volume multiplier,0,percent0,1,ESI 3 volume multiplier,0,percent0,1,ESI 4 volume multiplier,0,percent0,1,ESI 5 volume multiplier,0,percent0,,,,,6,Figure height,0,,10,Figure width,0,,,,,,,,,,Segoe UI,Global font family,0,,,,,,0,Display start value for graph,0,hour12,TRUE,,,,,,,,,,,,10,Legend font size,0,,3,Legend height,0,,2,Legend columns,0,,4,Legend width,0,,,,,,#A7AAAD,Off-peak bars,0,,#6F994E,P70 line,0,,#F2B701,P80 line,0,,#F28E2B,P90 line,0,,#3E839E,Peak bars,0,,#0B4F79,Peak census line,0,,12,Length of peak period,0,integer,auto,Peak period parameter mode,0,,6,Start for peak period,0,integer,vis_10_title,,,,vis_10_title,,,,vis_10_legend,,,,vis_10_legend,,,,vis_10_parameters,,,,vis_10_param,,,,_room_need_,,,,vis_10_tbl01,,,,vis_10__,,,,vis_10_image,,,,,,,,,,,,,,,,,,,,group3,,,,3,,,,pptx_template.vis_10.test.pptx,,,,8,,,,,,,,,,,,,,,,,,,,,,,,,,,,,,,,,,,,,,,,#D40062,Room need line,0,,,,,,,,,,,,,,1/1/2021,12,Subtitle font size,0,,8,Axis tick label size,0,,#d9d9d9,Background color,0,,16,Title font size,0,,0.3,Title image height,0,,bold,Title font weight,0,,13.33,Title image width,0,,,,,,,,,,,,,,,,,,,,,,cohort,0.85,Capacity Utilization Factor,1,percent0,0,Growth adjustment factor,0,percent0,,,,,1,,,,,0,Axis decimal places,0,,raw,raw count percent formatting mode,0,,1,Axis multiplier,0,,,Axis suffix,0,,,,,,fiscal
N,vis_10,vis_10,adf,adf.sn.m.55plus,special_needs.male.55plus,Special Needs Male 55+,"(((custody_class.str.contains('SN', na=False) | custody_class.isin(['SN- HOUSE IN SUB', 'SN (IPOD SUBDAY)', 'SN J-POD']))) & (sex == 'M')) & (age_bracket == 'adult 55+')",adf,sn.m.55plus,,,,,,,,,,,,,,,,,,,,,,,,,,,,,,,,,,,,,,,,,,,,,,,,,,,,,,,,,,,,,,,,,,,,,,,,,,,,,week,Aggregation level (hour/day_of_week/month/week),0,,,,,,,,,,,,,,30,,,,#2ca02c,,,,--,,,,1.25,,,,TRUE,,,,,,,,,,,,,,,,,,,,,,,,,,,,,,,,,,,,,,,,,,,,,,,,LC ADF,300,Image resolution,0,,,,,,1,12/31/2025,1,ESI 1 volume multiplier,0,percent0,1,ESI 2 volume multiplier,0,percent0,1,ESI 3 volume multiplier,0,percent0,1,ESI 4 volume multiplier,0,percent0,1,ESI 5 volume multiplier,0,percent0,,,,,6,Figure height,0,,10,Figure width,0,,,,,,,,,,Segoe UI,Global font family,0,,,,,,0,Display start value for graph,0,hour12,TRUE,,,,,,,,,,,,10,Legend font size,0,,3,Legend height,0,,2,Legend columns,0,,4,Legend width,0,,,,,,#A7AAAD,Off-peak bars,0,,#6F994E,P70 line,0,,#F2B701,P80 line,0,,#F28E2B,P90 line,0,,#3E839E,Peak bars,0,,#0B4F79,Peak census line,0,,12,Length of peak period,0,integer,auto,Peak period parameter mode,0,,6,Start for peak period,0,integer,vis_10_title,,,,vis_10_title,,,,vis_10_legend,,,,vis_10_legend,,,,vis_10_parameters,,,,vis_10_param,,,,_room_need_,,,,vis_10_tbl01,,,,vis_10__,,,,vis_10_image,,,,,,,,,,,,,,,,,,,,group3,,,,3,,,,pptx_template.vis_10.test.pptx,,,,8,,,,,,,,,,,,,,,,,,,,,,,,,,,,,,,,,,,,,,,,#D40062,Room need line,0,,,,,,,,,,,,,,1/1/2021,12,Subtitle font size,0,,8,Axis tick label size,0,,#d9d9d9,Background color,0,,16,Title font size,0,,0.3,Title image height,0,,bold,Title font weight,0,,13.33,Title image width,0,,,,,,,,,,,,,,,,,,,,,,cohort,0.85,Capacity Utilization Factor,1,percent0,0,Growth adjustment factor,0,percent0,,,,,1,,,,,0,Axis decimal places,0,,raw,raw count percent formatting mode,0,,1,Axis multiplier,0,,,Axis suffix,0,,,,,,fiscal
N,vis_10,vis_10,adf,adf.sn.m.ch_high,special_needs.male.chronic_high,Special Needs Male Highly Severe Chronic Health Condition,"(((custody_class.str.contains('SN', na=False) | custody_class.isin(['SN- HOUSE IN SUB', 'SN (IPOD SUBDAY)', 'SN J-POD']))) & (sex == 'M')) & (chronic_status == 'HIGH')",adf,sn.m.ch_high,,,,,,,,,,,,,,,,,,,,,,,,,,,,,,,,,,,,,,,,,,,,,,,,,,,,,,,,,,,,,,,,,,,,,,,,,,,,,week,Aggregation level (hour/day_of_week/month/week),0,,,,,,,,,,,,,,30,,,,#2ca02c,,,,--,,,,1.25,,,,TRUE,,,,,,,,,,,,,,,,,,,,,,,,,,,,,,,,,,,,,,,,,,,,,,,,LC ADF,300,Image resolution,0,,,,,,1,12/31/2025,1,ESI 1 volume multiplier,0,percent0,1,ESI 2 volume multiplier,0,percent0,1,ESI 3 volume multiplier,0,percent0,1,ESI 4 volume multiplier,0,percent0,1,ESI 5 volume multiplier,0,percent0,,,,,6,Figure height,0,,10,Figure width,0,,,,,,,,,,Segoe UI,Global font family,0,,,,,,0,Display start value for graph,0,hour12,TRUE,,,,,,,,,,,,10,Legend font size,0,,3,Legend height,0,,2,Legend columns,0,,4,Legend width,0,,,,,,#A7AAAD,Off-peak bars,0,,#6F994E,P70 line,0,,#F2B701,P80 line,0,,#F28E2B,P90 line,0,,#3E839E,Peak bars,0,,#0B4F79,Peak census line,0,,12,Length of peak period,0,integer,auto,Peak period parameter mode,0,,6,Start for peak period,0,integer,vis_10_title,,,,vis_10_title,,,,vis_10_legend,,,,vis_10_legend,,,,vis_10_parameters,,,,vis_10_param,,,,_room_need_,,,,vis_10_tbl01,,,,vis_10__,,,,vis_10_image,,,,,,,,,,,,,,,,,,,,group3,,,,3,,,,pptx_template.vis_10.test.pptx,,,,8,,,,,,,,,,,,,,,,,,,,,,,,,,,,,,,,,,,,,,,,#D40062,Room need line,0,,,,,,,,,,,,,,1/1/2021,12,Subtitle font size,0,,8,Axis tick label size,0,,#d9d9d9,Background color,0,,16,Title font size,0,,0.3,Title image height,0,,bold,Title font weight,0,,13.33,Title image width,0,,,,,,,,,,,,,,,,,,,,,,cohort,0.85,Capacity Utilization Factor,1,percent0,0,Growth adjustment factor,0,percent0,,,,,1,,,,,0,Axis decimal places,0,,raw,raw count percent formatting mode,0,,1,Axis multiplier,0,,,Axis suffix,0,,,,,,fiscal
N,vis_10,vis_10,adf,adf.sn.m.ch_low_mod_no,special_needs.male.chronic_low_moderate_no_chronic,Special Needs Male Low/Moderate/No Chronic Health Condition,"(((custody_class.str.contains('SN', na=False) | custody_class.isin(['SN- HOUSE IN SUB', 'SN (IPOD SUBDAY)', 'SN J-POD']))) & (sex == 'M')) & (chronic_status .isin(['LOW','MODERATE','NO CHRONIC CONDITION']))",adf,sn.m.ch_low_mod_no,,,,,,,,,,,,,,,,,,,,,,,,,,,,,,,,,,,,,,,,,,,,,,,,,,,,,,,,,,,,,,,,,,,,,,,,,,,,,week,Aggregation level (hour/day_of_week/month/week),0,,,,,,,,,,,,,,30,,,,#2ca02c,,,,--,,,,1.25,,,,TRUE,,,,,,,,,,,,,,,,,,,,,,,,,,,,,,,,,,,,,,,,,,,,,,,,LC ADF,300,Image resolution,0,,,,,,1,12/31/2025,1,ESI 1 volume multiplier,0,percent0,1,ESI 2 volume multiplier,0,percent0,1,ESI 3 volume multiplier,0,percent0,1,ESI 4 volume multiplier,0,percent0,1,ESI 5 volume multiplier,0,percent0,,,,,6,Figure height,0,,10,Figure width,0,,,,,,,,,,Segoe UI,Global font family,0,,,,,,0,Display start value for graph,0,hour12,TRUE,,,,,,,,,,,,10,Legend font size,0,,3,Legend height,0,,2,Legend columns,0,,4,Legend width,0,,,,,,#A7AAAD,Off-peak bars,0,,#6F994E,P70 line,0,,#F2B701,P80 line,0,,#F28E2B,P90 line,0,,#3E839E,Peak bars,0,,#0B4F79,Peak census line,0,,12,Length of peak period,0,integer,auto,Peak period parameter mode,0,,6,Start for peak period,0,integer,vis_10_title,,,,vis_10_title,,,,vis_10_legend,,,,vis_10_legend,,,,vis_10_parameters,,,,vis_10_param,,,,_room_need_,,,,vis_10_tbl01,,,,vis_10__,,,,vis_10_image,,,,,,,,,,,,,,,,,,,,group3,,,,3,,,,pptx_template.vis_10.test.pptx,,,,8,,,,,,,,,,,,,,,,,,,,,,,,,,,,,,,,,,,,,,,,#D40062,Room need line,0,,,,,,,,,,,,,,1/1/2021,12,Subtitle font size,0,,8,Axis tick label size,0,,#d9d9d9,Background color,0,,16,Title font size,0,,0.3,Title image height,0,,bold,Title font weight,0,,13.33,Title image width,0,,,,,,,,,,,,,,,,,,,,,,cohort,0.85,Capacity Utilization Factor,1,percent0,0,Growth adjustment factor,0,percent0,,,,,1,,,,,0,Axis decimal places,0,,raw,raw count percent formatting mode,0,,1,Axis multiplier,0,,,Axis suffix,0,,,,,,fiscal
N,vis_10,vis_10,adf,adf.sn.m.u55,special_needs.male.u55,Special Needs Male Under 55,"(((custody_class.str.contains('SN', na=False) | custody_class.isin(['SN- HOUSE IN SUB', 'SN (IPOD SUBDAY)', 'SN J-POD']))) & (sex == 'M')) & (age_bracket == 'adult under 55')",adf,sn.m.u55,,,,,,,,,,,,,,,,,,,,,,,,,,,,,,,,,,,,,,,,,,,,,,,,,,,,,,,,,,,,,,,,,,,,,,,,,,,,,week,Aggregation level (hour/day_of_week/month/week),0,,,,,,,,,,,,,,30,,,,#2ca02c,,,,--,,,,1.25,,,,TRUE,,,,,,,,,,,,,,,,,,,,,,,,,,,,,,,,,,,,,,,,,,,,,,,,LC ADF,300,Image resolution,0,,,,,,1,12/31/2025,1,ESI 1 volume multiplier,0,percent0,1,ESI 2 volume multiplier,0,percent0,1,ESI 3 volume multiplier,0,percent0,1,ESI 4 volume multiplier,0,percent0,1,ESI 5 volume multiplier,0,percent0,,,,,6,Figure height,0,,10,Figure width,0,,,,,,,,,,Segoe UI,Global font family,0,,,,,,0,Display start value for graph,0,hour12,TRUE,,,,,,,,,,,,10,Legend font size,0,,3,Legend height,0,,2,Legend columns,0,,4,Legend width,0,,,,,,#A7AAAD,Off-peak bars,0,,#6F994E,P70 line,0,,#F2B701,P80 line,0,,#F28E2B,P90 line,0,,#3E839E,Peak bars,0,,#0B4F79,Peak census line,0,,12,Length of peak period,0,integer,auto,Peak period parameter mode,0,,6,Start for peak period,0,integer,vis_10_title,,,,vis_10_title,,,,vis_10_legend,,,,vis_10_legend,,,,vis_10_parameters,,,,vis_10_param,,,,_room_need_,,,,vis_10_tbl01,,,,vis_10__,,,,vis_10_image,,,,,,,,,,,,,,,,,,,,group3,,,,3,,,,pptx_template.vis_10.test.pptx,,,,8,,,,,,,,,,,,,,,,,,,,,,,,,,,,,,,,,,,,,,,,#D40062,Room need line,0,,,,,,,,,,,,,,1/1/2021,12,Subtitle font size,0,,8,Axis tick label size,0,,#d9d9d9,Background color,0,,16,Title font size,0,,0.3,Title image height,0,,bold,Title font weight,0,,13.33,Title image width,0,,,,,,,,,,,,,,,,,,,,,,cohort,0.85,Capacity Utilization Factor,1,percent0,0,Growth adjustment factor,0,percent0,,,,,1,,,,,0,Axis decimal places,0,,raw,raw count percent formatting mode,0,,1,Axis multiplier,0,,,Axis suffix,0,,,,,,fiscal
N,vis_10,vis_10,adf,adf.sn.u55,special_needs.u55,Special Needs Under 55,"((custody_class.str.contains('SN', na=False) | custody_class.isin(['SN- HOUSE IN SUB', 'SN (IPOD SUBDAY)', 'SN J-POD']))) & (age_bracket == 'adult under 55')",adf,sn.u55,,,,,,,,,,,,,,,,,,,,,,,,,,,,,,,,,,,,,,,,,,,,,,,,,,,,,,,,,,,,,,,,,,,,,,,,,,,,,week,Aggregation level (hour/day_of_week/month/week),0,,,,,,,,,,,,,,30,,,,#2ca02c,,,,--,,,,1.25,,,,TRUE,,,,,,,,,,,,,,,,,,,,,,,,,,,,,,,,,,,,,,,,,,,,,,,,LC ADF,300,Image resolution,0,,,,,,1,12/31/2025,1,ESI 1 volume multiplier,0,percent0,1,ESI 2 volume multiplier,0,percent0,1,ESI 3 volume multiplier,0,percent0,1,ESI 4 volume multiplier,0,percent0,1,ESI 5 volume multiplier,0,percent0,,,,,6,Figure height,0,,10,Figure width,0,,,,,,,,,,Segoe UI,Global font family,0,,,,,,0,Display start value for graph,0,hour12,TRUE,,,,,,,,,,,,10,Legend font size,0,,3,Legend height,0,,2,Legend columns,0,,4,Legend width,0,,,,,,#A7AAAD,Off-peak bars,0,,#6F994E,P70 line,0,,#F2B701,P80 line,0,,#F28E2B,P90 line,0,,#3E839E,Peak bars,0,,#0B4F79,Peak census line,0,,12,Length of peak period,0,integer,auto,Peak period parameter mode,0,,6,Start for peak period,0,integer,vis_10_title,,,,vis_10_title,,,,vis_10_legend,,,,vis_10_legend,,,,vis_10_parameters,,,,vis_10_param,,,,_room_need_,,,,vis_10_tbl01,,,,vis_10__,,,,vis_10_image,,,,,,,,,,,,,,,,,,,,group3,,,,3,,,,pptx_template.vis_10.test.pptx,,,,8,,,,,,,,,,,,,,,,,,,,,,,,,,,,,,,,,,,,,,,,#D40062,Room need line,0,,,,,,,,,,,,,,1/1/2021,12,Subtitle font size,0,,8,Axis tick label size,0,,#d9d9d9,Background color,0,,16,Title font size,0,,0.3,Title image height,0,,bold,Title font weight,0,,13.33,Title image width,0,,,,,,,,,,,,,,,,,,,,,,cohort,0.85,Capacity Utilization Factor,1,percent0,0,Growth adjustment factor,0,percent0,,,,,1,,,,,0,Axis decimal places,0,,raw,raw count percent formatting mode,0,,1,Axis multiplier,0,,,Axis suffix,0,,,,,,fiscal
N,vis_10,vis_10,adf,adf.wr_m,work_release_male,Work Release Male,((sex == 'M') & (housing == 'A1')),adf,wr_m,,,,,,,,,,,,,,,,,,,,,,,,,,,,,,,,,,,,,,,,,,,,,,,,,,,,,,,,,,,,,,,,,,,,,,,,,,,,,week,Aggregation level (hour/day_of_week/month/week),0,,,,,,,,,,,,,,30,,,,#2ca02c,,,,--,,,,1.25,,,,TRUE,,,,,,,,,,,,,,,,,,,,,,,,,,,,,,,,,,,,,,,,,,,,,,,,LC ADF,300,Image resolution,0,,,,,,1,12/31/2025,1,ESI 1 volume multiplier,0,percent0,1,ESI 2 volume multiplier,0,percent0,1,ESI 3 volume multiplier,0,percent0,1,ESI 4 volume multiplier,0,percent0,1,ESI 5 volume multiplier,0,percent0,,,,,6,Figure height,0,,10,Figure width,0,,,,,,,,,,Segoe UI,Global font family,0,,,,,,0,Display start value for graph,0,hour12,TRUE,,,,,,,,,,,,10,Legend font size,0,,3,Legend height,0,,2,Legend columns,0,,4,Legend width,0,,,,,,#A7AAAD,Off-peak bars,0,,#6F994E,P70 line,0,,#F2B701,P80 line,0,,#F28E2B,P90 line,0,,#3E839E,Peak bars,0,,#0B4F79,Peak census line,0,,12,Length of peak period,0,integer,auto,Peak period parameter mode,0,,6,Start for peak period,0,integer,vis_10_title,,,,vis_10_title,,,,vis_10_legend,,,,vis_10_legend,,,,vis_10_parameters,,,,vis_10_param,,,,_room_need_,,,,vis_10_tbl01,,,,vis_10__,,,,vis_10_image,,,,,,,,,,,,,,,,,,,,group3,,,,3,,,,pptx_template.vis_10.test.pptx,,,,8,,,,,,,,,,,,,,,,,,,,,,,,,,,,,,,,,,,,,,,,#D40062,Room need line,0,,,,,,,,,,,,,,1/1/2021,12,Subtitle font size,0,,8,Axis tick label size,0,,#d9d9d9,Background color,0,,16,Title font size,0,,0.3,Title image height,0,,bold,Title font weight,0,,13.33,Title image width,0,,,,,,,,,,,,,,,,,,,,,,cohort,0.85,Capacity Utilization Factor,1,percent0,0,Growth adjustment factor,0,percent0,,,,,1,,,,,0,Axis decimal places,0,,raw,raw count percent formatting mode,0,,1,Axis multiplier,0,,,Axis suffix,0,,,,,,fiscal
N,vis_10,vis_10,adf,adf.wr_m.55plus,work_release_male.55plus,Work Release Male 55+,(((sex == 'M') & (housing == 'A1'))) & (age_bracket == 'adult 55+'),adf,wr_m.55plus,,,,,,,,,,,,,,,,,,,,,,,,,,,,,,,,,,,,,,,,,,,,,,,,,,,,,,,,,,,,,,,,,,,,,,,,,,,,,week,Aggregation level (hour/day_of_week/month/week),0,,,,,,,,,,,,,,30,,,,#2ca02c,,,,--,,,,1.25,,,,TRUE,,,,,,,,,,,,,,,,,,,,,,,,,,,,,,,,,,,,,,,,,,,,,,,,LC ADF,300,Image resolution,0,,,,,,1,12/31/2025,1,ESI 1 volume multiplier,0,percent0,1,ESI 2 volume multiplier,0,percent0,1,ESI 3 volume multiplier,0,percent0,1,ESI 4 volume multiplier,0,percent0,1,ESI 5 volume multiplier,0,percent0,,,,,6,Figure height,0,,10,Figure width,0,,,,,,,,,,Segoe UI,Global font family,0,,,,,,0,Display start value for graph,0,hour12,TRUE,,,,,,,,,,,,10,Legend font size,0,,3,Legend height,0,,2,Legend columns,0,,4,Legend width,0,,,,,,#A7AAAD,Off-peak bars,0,,#6F994E,P70 line,0,,#F2B701,P80 line,0,,#F28E2B,P90 line,0,,#3E839E,Peak bars,0,,#0B4F79,Peak census line,0,,12,Length of peak period,0,integer,auto,Peak period parameter mode,0,,6,Start for peak period,0,integer,vis_10_title,,,,vis_10_title,,,,vis_10_legend,,,,vis_10_legend,,,,vis_10_parameters,,,,vis_10_param,,,,_room_need_,,,,vis_10_tbl01,,,,vis_10__,,,,vis_10_image,,,,,,,,,,,,,,,,,,,,group3,,,,3,,,,pptx_template.vis_10.test.pptx,,,,8,,,,,,,,,,,,,,,,,,,,,,,,,,,,,,,,,,,,,,,,#D40062,Room need line,0,,,,,,,,,,,,,,1/1/2021,12,Subtitle font size,0,,8,Axis tick label size,0,,#d9d9d9,Background color,0,,16,Title font size,0,,0.3,Title image height,0,,bold,Title font weight,0,,13.33,Title image width,0,,,,,,,,,,,,,,,,,,,,,,cohort,0.85,Capacity Utilization Factor,1,percent0,0,Growth adjustment factor,0,percent0,,,,,1,,,,,0,Axis decimal places,0,,raw,raw count percent formatting mode,0,,1,Axis multiplier,0,,,Axis suffix,0,,,,,,fiscal
N,vis_10,vis_10,adf,adf.wr_m.ch_high,work_release_male.chronic_high,Work Release Male Highly Severe Chronic Health Condition,(((sex == 'M') & (housing == 'A1'))) & (chronic_status == 'HIGH'),adf,wr_m.ch_high,,,,,,,,,,,,,,,,,,,,,,,,,,,,,,,,,,,,,,,,,,,,,,,,,,,,,,,,,,,,,,,,,,,,,,,,,,,,,week,Aggregation level (hour/day_of_week/month/week),0,,,,,,,,,,,,,,30,,,,#2ca02c,,,,--,,,,1.25,,,,TRUE,,,,,,,,,,,,,,,,,,,,,,,,,,,,,,,,,,,,,,,,,,,,,,,,LC ADF,300,Image resolution,0,,,,,,1,12/31/2025,1,ESI 1 volume multiplier,0,percent0,1,ESI 2 volume multiplier,0,percent0,1,ESI 3 volume multiplier,0,percent0,1,ESI 4 volume multiplier,0,percent0,1,ESI 5 volume multiplier,0,percent0,,,,,6,Figure height,0,,10,Figure width,0,,,,,,,,,,Segoe UI,Global font family,0,,,,,,0,Display start value for graph,0,hour12,TRUE,,,,,,,,,,,,10,Legend font size,0,,3,Legend height,0,,2,Legend columns,0,,4,Legend width,0,,,,,,#A7AAAD,Off-peak bars,0,,#6F994E,P70 line,0,,#F2B701,P80 line,0,,#F28E2B,P90 line,0,,#3E839E,Peak bars,0,,#0B4F79,Peak census line,0,,12,Length of peak period,0,integer,auto,Peak period parameter mode,0,,6,Start for peak period,0,integer,vis_10_title,,,,vis_10_title,,,,vis_10_legend,,,,vis_10_legend,,,,vis_10_parameters,,,,vis_10_param,,,,_room_need_,,,,vis_10_tbl01,,,,vis_10__,,,,vis_10_image,,,,,,,,,,,,,,,,,,,,group3,,,,3,,,,pptx_template.vis_10.test.pptx,,,,8,,,,,,,,,,,,,,,,,,,,,,,,,,,,,,,,,,,,,,,,#D40062,Room need line,0,,,,,,,,,,,,,,1/1/2021,12,Subtitle font size,0,,8,Axis tick label size,0,,#d9d9d9,Background color,0,,16,Title font size,0,,0.3,Title image height,0,,bold,Title font weight,0,,13.33,Title image width,0,,,,,,,,,,,,,,,,,,,,,,cohort,0.85,Capacity Utilization Factor,1,percent0,0,Growth adjustment factor,0,percent0,,,,,1,,,,,0,Axis decimal places,0,,raw,raw count percent formatting mode,0,,1,Axis multiplier,0,,,Axis suffix,0,,,,,,fiscal
N,vis_10,vis_10,adf,adf.wr_m.u55,work_release_male.u55,Work Release Male Under 55,(((sex == 'M') & (housing == 'A1'))) & (age_bracket == 'adult under 55'),adf,wr_m.u55,,,,,,,,,,,,,,,,,,,,,,,,,,,,,,,,,,,,,,,,,,,,,,,,,,,,,,,,,,,,,,,,,,,,,,,,,,,,,week,Aggregation level (hour/day_of_week/month/week),0,,,,,,,,,,,,,,30,,,,#2ca02c,,,,--,,,,1.25,,,,TRUE,,,,,,,,,,,,,,,,,,,,,,,,,,,,,,,,,,,,,,,,,,,,,,,,LC ADF,300,Image resolution,0,,,,,,1,12/31/2025,1,ESI 1 volume multiplier,0,percent0,1,ESI 2 volume multiplier,0,percent0,1,ESI 3 volume multiplier,0,percent0,1,ESI 4 volume multiplier,0,percent0,1,ESI 5 volume multiplier,0,percent0,,,,,6,Figure height,0,,10,Figure width,0,,,,,,,,,,Segoe UI,Global font family,0,,,,,,0,Display start value for graph,0,hour12,TRUE,,,,,,,,,,,,10,Legend font size,0,,3,Legend height,0,,2,Legend columns,0,,4,Legend width,0,,,,,,#A7AAAD,Off-peak bars,0,,#6F994E,P70 line,0,,#F2B701,P80 line,0,,#F28E2B,P90 line,0,,#3E839E,Peak bars,0,,#0B4F79,Peak census line,0,,12,Length of peak period,0,integer,auto,Peak period parameter mode,0,,6,Start for peak period,0,integer,vis_10_title,,,,vis_10_title,,,,vis_10_legend,,,,vis_10_legend,,,,vis_10_parameters,,,,vis_10_param,,,,_room_need_,,,,vis_10_tbl01,,,,vis_10__,,,,vis_10_image,,,,,,,,,,,,,,,,,,,,group3,,,,3,,,,pptx_template.vis_10.test.pptx,,,,8,,,,,,,,,,,,,,,,,,,,,,,,,,,,,,,,,,,,,,,,#D40062,Room need line,0,,,,,,,,,,,,,,1/1/2021,12,Subtitle font size,0,,8,Axis tick label size,0,,#d9d9d9,Background color,0,,16,Title font size,0,,0.3,Title image height,0,,bold,Title font weight,0,,13.33,Title image width,0,,,,,,,,,,,,,,,,,,,,,,cohort,0.85,Capacity Utilization Factor,1,percent0,0,Growth adjustment factor,0,percent0,,,,,1,,,,,0,Axis decimal places,0,,raw,raw count percent formatting mode,0,,1,Axis multiplier,0,,,Axis suffix,0,,,,,,fiscal
N,vis_10,vis_10,adf,adf.mmc,max_med_clos,"Max, Medium, Close Custody","(custody_class.isin(['CLOS', 'CLO','MAX','MED'])) ",adf,mmc,,,,,,,,,,,,,,,,,,,,,,,,,,,,,,,,,,,,,,,,,,,,,,,,,,,,,,,,,,,,,,,,,,,,,,,,,,,,,week,Aggregation level (hour/day_of_week/month/week),0,,,,,,,,,,,,,,30,,,,#2ca02c,,,,--,,,,1.25,,,,TRUE,,,,,,,,,,,,,,,,,,,,,,,,,,,,,,,,,,,,,,,,,,,,,,,,LC ADF,300,Image resolution,0,,,,,,1,12/31/2025,1,ESI 1 volume multiplier,0,percent0,1,ESI 2 volume multiplier,0,percent0,1,ESI 3 volume multiplier,0,percent0,1,ESI 4 volume multiplier,0,percent0,1,ESI 5 volume multiplier,0,percent0,,,,,6,Figure height,0,,10,Figure width,0,,,,,,,,,,Segoe UI,Global font family,0,,,,,,0,Display start value for graph,0,hour12,TRUE,,,,,,,,,,,,10,Legend font size,0,,3,Legend height,0,,2,Legend columns,0,,4,Legend width,0,,,,,,#A7AAAD,Off-peak bars,0,,#6F994E,P70 line,0,,#F2B701,P80 line,0,,#F28E2B,P90 line,0,,#3E839E,Peak bars,0,,#0B4F79,Peak census line,0,,12,Length of peak period,0,integer,auto,Peak period parameter mode,0,,6,Start for peak period,0,integer,vis_10_title,,,,vis_10_title,,,,vis_10_legend,,,,vis_10_legend,,,,vis_10_parameters,,,,vis_10_param,,,,_room_need_,,,,vis_10_tbl01,,,,vis_10__,,,,vis_10_image,,,,,,,,,,,,,,,,,,,,group3,,,,3,,,,pptx_template.vis_10.test.pptx,,,,8,,,,,,,,,,,,,,,,,,,,,,,,,,,,,,,,,,,,,,,,#D40062,Room need line,0,,,,,,,,,,,,,,1/1/2021,12,Subtitle font size,0,,8,Axis tick label size,0,,#d9d9d9,Background color,0,,16,Title font size,0,,0.3,Title image height,0,,bold,Title font weight,0,,13.33,Title image width,0,,,,,,,,,,,,,,,,,,,,,,cohort,0.85,Capacity Utilization Factor,1,percent0,0,Growth adjustment factor,0,percent0,,,,,1,,,,,0,Axis decimal places,0,,raw,raw count percent formatting mode,0,,1,Axis multiplier,0,,,Axis suffix,0,,,,,,fiscal
N,vis_10,vis_10,adf,adf.mmc.55plus,max_med_clos.55plus,"Max, Medium, Close Custody 55+","(custody_class.isin(['CLOS', 'CLO','MAX','MED'])) & (age_bracket == 'adult 55+')",adf,mmc.55plus,,,,,,,,,,,,,,,,,,,,,,,,,,,,,,,,,,,,,,,,,,,,,,,,,,,,,,,,,,,,,,,,,,,,,,,,,,,,,week,Aggregation level (hour/day_of_week/month/week),0,,,,,,,,,,,,,,30,,,,#2ca02c,,,,--,,,,1.25,,,,TRUE,,,,,,,,,,,,,,,,,,,,,,,,,,,,,,,,,,,,,,,,,,,,,,,,LC ADF,300,Image resolution,0,,,,,,1,12/31/2025,1,ESI 1 volume multiplier,0,percent0,1,ESI 2 volume multiplier,0,percent0,1,ESI 3 volume multiplier,0,percent0,1,ESI 4 volume multiplier,0,percent0,1,ESI 5 volume multiplier,0,percent0,,,,,6,Figure height,0,,10,Figure width,0,,,,,,,,,,Segoe UI,Global font family,0,,,,,,0,Display start value for graph,0,hour12,TRUE,,,,,,,,,,,,10,Legend font size,0,,3,Legend height,0,,2,Legend columns,0,,4,Legend width,0,,,,,,#A7AAAD,Off-peak bars,0,,#6F994E,P70 line,0,,#F2B701,P80 line,0,,#F28E2B,P90 line,0,,#3E839E,Peak bars,0,,#0B4F79,Peak census line,0,,12,Length of peak period,0,integer,auto,Peak period parameter mode,0,,6,Start for peak period,0,integer,vis_10_title,,,,vis_10_title,,,,vis_10_legend,,,,vis_10_legend,,,,vis_10_parameters,,,,vis_10_param,,,,_room_need_,,,,vis_10_tbl01,,,,vis_10__,,,,vis_10_image,,,,,,,,,,,,,,,,,,,,group3,,,,3,,,,pptx_template.vis_10.test.pptx,,,,8,,,,,,,,,,,,,,,,,,,,,,,,,,,,,,,,,,,,,,,,#D40062,Room need line,0,,,,,,,,,,,,,,1/1/2021,12,Subtitle font size,0,,8,Axis tick label size,0,,#d9d9d9,Background color,0,,16,Title font size,0,,0.3,Title image height,0,,bold,Title font weight,0,,13.33,Title image width,0,,,,,,,,,,,,,,,,,,,,,,cohort,0.85,Capacity Utilization Factor,1,percent0,0,Growth adjustment factor,0,percent0,,,,,1,,,,,0,Axis decimal places,0,,raw,raw count percent formatting mode,0,,1,Axis multiplier,0,,,Axis suffix,0,,,,,,fiscal
N,vis_10,vis_10,adf,adf.mmc.ch_high,max_med_clos.chronic_high,"Max, Medium, Close Custody Highly Severe Chronic Health Condition","(custody_class.isin(['CLOS', 'CLO','MAX','MED'])) & (chronic_status == 'HIGH')",adf,mmc.ch_high,,,,,,,,,,,,,,,,,,,,,,,,,,,,,,,,,,,,,,,,,,,,,,,,,,,,,,,,,,,,,,,,,,,,,,,,,,,,,week,Aggregation level (hour/day_of_week/month/week),0,,,,,,,,,,,,,,30,,,,#2ca02c,,,,--,,,,1.25,,,,TRUE,,,,,,,,,,,,,,,,,,,,,,,,,,,,,,,,,,,,,,,,,,,,,,,,LC ADF,300,Image resolution,0,,,,,,1,12/31/2025,1,ESI 1 volume multiplier,0,percent0,1,ESI 2 volume multiplier,0,percent0,1,ESI 3 volume multiplier,0,percent0,1,ESI 4 volume multiplier,0,percent0,1,ESI 5 volume multiplier,0,percent0,,,,,6,Figure height,0,,10,Figure width,0,,,,,,,,,,Segoe UI,Global font family,0,,,,,,0,Display start value for graph,0,hour12,TRUE,,,,,,,,,,,,10,Legend font size,0,,3,Legend height,0,,2,Legend columns,0,,4,Legend width,0,,,,,,#A7AAAD,Off-peak bars,0,,#6F994E,P70 line,0,,#F2B701,P80 line,0,,#F28E2B,P90 line,0,,#3E839E,Peak bars,0,,#0B4F79,Peak census line,0,,12,Length of peak period,0,integer,auto,Peak period parameter mode,0,,6,Start for peak period,0,integer,vis_10_title,,,,vis_10_title,,,,vis_10_legend,,,,vis_10_legend,,,,vis_10_parameters,,,,vis_10_param,,,,_room_need_,,,,vis_10_tbl01,,,,vis_10__,,,,vis_10_image,,,,,,,,,,,,,,,,,,,,group3,,,,3,,,,pptx_template.vis_10.test.pptx,,,,8,,,,,,,,,,,,,,,,,,,,,,,,,,,,,,,,,,,,,,,,#D40062,Room need line,0,,,,,,,,,,,,,,1/1/2021,12,Subtitle font size,0,,8,Axis tick label size,0,,#d9d9d9,Background color,0,,16,Title font size,0,,0.3,Title image height,0,,bold,Title font weight,0,,13.33,Title image width,0,,,,,,,,,,,,,,,,,,,,,,cohort,0.85,Capacity Utilization Factor,1,percent0,0,Growth adjustment factor,0,percent0,,,,,1,,,,,0,Axis decimal places,0,,raw,raw count percent formatting mode,0,,1,Axis multiplier,0,,,Axis suffix,0,,,,,,fiscal
N,vis_10,vis_10,adf,adf.mmc.ch_low_mod_no,max_med_clos.chronic_low_moderate_no_chronic,"Max, Medium, Close Custody Low/Moderate/No Chronic Health Condition","(custody_class.isin(['CLOS', 'CLO','MAX','MED'])) & (chronic_status .isin(['LOW','MODERATE','NO CHRONIC CONDITION']))",adf,mmc.ch_low_mod_no,,,,,,,,,,,,,,,,,,,,,,,,,,,,,,,,,,,,,,,,,,,,,,,,,,,,,,,,,,,,,,,,,,,,,,,,,,,,,week,Aggregation level (hour/day_of_week/month/week),0,,,,,,,,,,,,,,30,,,,#2ca02c,,,,--,,,,1.25,,,,TRUE,,,,,,,,,,,,,,,,,,,,,,,,,,,,,,,,,,,,,,,,,,,,,,,,LC ADF,300,Image resolution,0,,,,,,1,12/31/2025,1,ESI 1 volume multiplier,0,percent0,1,ESI 2 volume multiplier,0,percent0,1,ESI 3 volume multiplier,0,percent0,1,ESI 4 volume multiplier,0,percent0,1,ESI 5 volume multiplier,0,percent0,,,,,6,Figure height,0,,10,Figure width,0,,,,,,,,,,Segoe UI,Global font family,0,,,,,,0,Display start value for graph,0,hour12,TRUE,,,,,,,,,,,,10,Legend font size,0,,3,Legend height,0,,2,Legend columns,0,,4,Legend width,0,,,,,,#A7AAAD,Off-peak bars,0,,#6F994E,P70 line,0,,#F2B701,P80 line,0,,#F28E2B,P90 line,0,,#3E839E,Peak bars,0,,#0B4F79,Peak census line,0,,12,Length of peak period,0,integer,auto,Peak period parameter mode,0,,6,Start for peak period,0,integer,vis_10_title,,,,vis_10_title,,,,vis_10_legend,,,,vis_10_legend,,,,vis_10_parameters,,,,vis_10_param,,,,_room_need_,,,,vis_10_tbl01,,,,vis_10__,,,,vis_10_image,,,,,,,,,,,,,,,,,,,,group3,,,,3,,,,pptx_template.vis_10.test.pptx,,,,8,,,,,,,,,,,,,,,,,,,,,,,,,,,,,,,,,,,,,,,,#D40062,Room need line,0,,,,,,,,,,,,,,1/1/2021,12,Subtitle font size,0,,8,Axis tick label size,0,,#d9d9d9,Background color,0,,16,Title font size,0,,0.3,Title image height,0,,bold,Title font weight,0,,13.33,Title image width,0,,,,,,,,,,,,,,,,,,,,,,cohort,0.85,Capacity Utilization Factor,1,percent0,0,Growth adjustment factor,0,percent0,,,,,1,,,,,0,Axis decimal places,0,,raw,raw count percent formatting mode,0,,1,Axis multiplier,0,,,Axis suffix,0,,,,,,fiscal
N,vis_10,vis_10,adf,adf.mmc.f,max_med_clos.female,"Max, Medium, Close Custody Female","((sex == 'F') & (custody_class.isin(['CLOS', 'CLO','MAX','MED'])) ",adf,mmc.f,,,,,,,,,,,,,,,,,,,,,,,,,,,,,,,,,,,,,,,,,,,,,,,,,,,,,,,,,,,,,,,,,,,,,,,,,,,,,week,Aggregation level (hour/day_of_week/month/week),0,,,,,,,,,,,,,,30,,,,#2ca02c,,,,--,,,,1.25,,,,TRUE,,,,,,,,,,,,,,,,,,,,,,,,,,,,,,,,,,,,,,,,,,,,,,,,LC ADF,300,Image resolution,0,,,,,,1,12/31/2025,1,ESI 1 volume multiplier,0,percent0,1,ESI 2 volume multiplier,0,percent0,1,ESI 3 volume multiplier,0,percent0,1,ESI 4 volume multiplier,0,percent0,1,ESI 5 volume multiplier,0,percent0,,,,,6,Figure height,0,,10,Figure width,0,,,,,,,,,,Segoe UI,Global font family,0,,,,,,0,Display start value for graph,0,hour12,TRUE,,,,,,,,,,,,10,Legend font size,0,,3,Legend height,0,,2,Legend columns,0,,4,Legend width,0,,,,,,#A7AAAD,Off-peak bars,0,,#6F994E,P70 line,0,,#F2B701,P80 line,0,,#F28E2B,P90 line,0,,#3E839E,Peak bars,0,,#0B4F79,Peak census line,0,,12,Length of peak period,0,integer,auto,Peak period parameter mode,0,,6,Start for peak period,0,integer,vis_10_title,,,,vis_10_title,,,,vis_10_legend,,,,vis_10_legend,,,,vis_10_parameters,,,,vis_10_param,,,,_room_need_,,,,vis_10_tbl01,,,,vis_10__,,,,vis_10_image,,,,,,,,,,,,,,,,,,,,group3,,,,3,,,,pptx_template.vis_10.test.pptx,,,,8,,,,,,,,,,,,,,,,,,,,,,,,,,,,,,,,,,,,,,,,#D40062,Room need line,0,,,,,,,,,,,,,,1/1/2021,12,Subtitle font size,0,,8,Axis tick label size,0,,#d9d9d9,Background color,0,,16,Title font size,0,,0.3,Title image height,0,,bold,Title font weight,0,,13.33,Title image width,0,,,,,,,,,,,,,,,,,,,,,,cohort,0.85,Capacity Utilization Factor,1,percent0,0,Growth adjustment factor,0,percent0,,,,,1,,,,,0,Axis decimal places,0,,raw,raw count percent formatting mode,0,,1,Axis multiplier,0,,,Axis suffix,0,,,,,,fiscal
N,vis_10,vis_10,adf,adf.mmc.f.55plus,max_med_clos.female.55plus,"Max, Medium, Close Custody Female 55+","((sex == 'F') & (custody_class.isin(['CLOS', 'CLO','MAX','MED'])) & (age_bracket == 'adult 55+')",adf,mmc.f.55plus,,,,,,,,,,,,,,,,,,,,,,,,,,,,,,,,,,,,,,,,,,,,,,,,,,,,,,,,,,,,,,,,,,,,,,,,,,,,,week,Aggregation level (hour/day_of_week/month/week),0,,,,,,,,,,,,,,30,,,,#2ca02c,,,,--,,,,1.25,,,,TRUE,,,,,,,,,,,,,,,,,,,,,,,,,,,,,,,,,,,,,,,,,,,,,,,,LC ADF,300,Image resolution,0,,,,,,1,12/31/2025,1,ESI 1 volume multiplier,0,percent0,1,ESI 2 volume multiplier,0,percent0,1,ESI 3 volume multiplier,0,percent0,1,ESI 4 volume multiplier,0,percent0,1,ESI 5 volume multiplier,0,percent0,,,,,6,Figure height,0,,10,Figure width,0,,,,,,,,,,Segoe UI,Global font family,0,,,,,,0,Display start value for graph,0,hour12,TRUE,,,,,,,,,,,,10,Legend font size,0,,3,Legend height,0,,2,Legend columns,0,,4,Legend width,0,,,,,,#A7AAAD,Off-peak bars,0,,#6F994E,P70 line,0,,#F2B701,P80 line,0,,#F28E2B,P90 line,0,,#3E839E,Peak bars,0,,#0B4F79,Peak census line,0,,12,Length of peak period,0,integer,auto,Peak period parameter mode,0,,6,Start for peak period,0,integer,vis_10_title,,,,vis_10_title,,,,vis_10_legend,,,,vis_10_legend,,,,vis_10_parameters,,,,vis_10_param,,,,_room_need_,,,,vis_10_tbl01,,,,vis_10__,,,,vis_10_image,,,,,,,,,,,,,,,,,,,,group3,,,,3,,,,pptx_template.vis_10.test.pptx,,,,8,,,,,,,,,,,,,,,,,,,,,,,,,,,,,,,,,,,,,,,,#D40062,Room need line,0,,,,,,,,,,,,,,1/1/2021,12,Subtitle font size,0,,8,Axis tick label size,0,,#d9d9d9,Background color,0,,16,Title font size,0,,0.3,Title image height,0,,bold,Title font weight,0,,13.33,Title image width,0,,,,,,,,,,,,,,,,,,,,,,cohort,0.85,Capacity Utilization Factor,1,percent0,0,Growth adjustment factor,0,percent0,,,,,1,,,,,0,Axis decimal places,0,,raw,raw count percent formatting mode,0,,1,Axis multiplier,0,,,Axis suffix,0,,,,,,fiscal
N,vis_10,vis_10,adf,adf.mmc.f.ch_high,max_med_clos.female.chronic_high,"Max, Medium, Close Custody Female Highly Severe Chronic Health Condition","((sex == 'F') & (custody_class.isin(['CLOS', 'CLO','MAX','MED'])) & (chronic_status == 'HIGH')",adf,mmc.f.ch_high,,,,,,,,,,,,,,,,,,,,,,,,,,,,,,,,,,,,,,,,,,,,,,,,,,,,,,,,,,,,,,,,,,,,,,,,,,,,,week,Aggregation level (hour/day_of_week/month/week),0,,,,,,,,,,,,,,30,,,,#2ca02c,,,,--,,,,1.25,,,,TRUE,,,,,,,,,,,,,,,,,,,,,,,,,,,,,,,,,,,,,,,,,,,,,,,,LC ADF,300,Image resolution,0,,,,,,1,12/31/2025,1,ESI 1 volume multiplier,0,percent0,1,ESI 2 volume multiplier,0,percent0,1,ESI 3 volume multiplier,0,percent0,1,ESI 4 volume multiplier,0,percent0,1,ESI 5 volume multiplier,0,percent0,,,,,6,Figure height,0,,10,Figure width,0,,,,,,,,,,Segoe UI,Global font family,0,,,,,,0,Display start value for graph,0,hour12,TRUE,,,,,,,,,,,,10,Legend font size,0,,3,Legend height,0,,2,Legend columns,0,,4,Legend width,0,,,,,,#A7AAAD,Off-peak bars,0,,#6F994E,P70 line,0,,#F2B701,P80 line,0,,#F28E2B,P90 line,0,,#3E839E,Peak bars,0,,#0B4F79,Peak census line,0,,12,Length of peak period,0,integer,auto,Peak period parameter mode,0,,6,Start for peak period,0,integer,vis_10_title,,,,vis_10_title,,,,vis_10_legend,,,,vis_10_legend,,,,vis_10_parameters,,,,vis_10_param,,,,_room_need_,,,,vis_10_tbl01,,,,vis_10__,,,,vis_10_image,,,,,,,,,,,,,,,,,,,,group3,,,,3,,,,pptx_template.vis_10.test.pptx,,,,8,,,,,,,,,,,,,,,,,,,,,,,,,,,,,,,,,,,,,,,,#D40062,Room need line,0,,,,,,,,,,,,,,1/1/2021,12,Subtitle font size,0,,8,Axis tick label size,0,,#d9d9d9,Background color,0,,16,Title font size,0,,0.3,Title image height,0,,bold,Title font weight,0,,13.33,Title image width,0,,,,,,,,,,,,,,,,,,,,,,cohort,0.85,Capacity Utilization Factor,1,percent0,0,Growth adjustment factor,0,percent0,,,,,1,,,,,0,Axis decimal places,0,,raw,raw count percent formatting mode,0,,1,Axis multiplier,0,,,Axis suffix,0,,,,,,fiscal
N,vis_10,vis_10,adf,adf.mmc.f.ch_low_mod_no,max_med_clos.female.chronic_low_moderate_no_chronic,"Max, Medium, Close Custody Female Low/Moderate/No Chronic Health Condition","((sex == 'F') & (custody_class.isin(['CLOS', 'CLO','MAX','MED'])) & (chronic_status .isin(['LOW','MODERATE','NO CHRONIC CONDITION']))",adf,mmc.f.ch_low_mod_no,,,,,,,,,,,,,,,,,,,,,,,,,,,,,,,,,,,,,,,,,,,,,,,,,,,,,,,,,,,,,,,,,,,,,,,,,,,,,week,Aggregation level (hour/day_of_week/month/week),0,,,,,,,,,,,,,,30,,,,#2ca02c,,,,--,,,,1.25,,,,TRUE,,,,,,,,,,,,,,,,,,,,,,,,,,,,,,,,,,,,,,,,,,,,,,,,LC ADF,300,Image resolution,0,,,,,,1,12/31/2025,1,ESI 1 volume multiplier,0,percent0,1,ESI 2 volume multiplier,0,percent0,1,ESI 3 volume multiplier,0,percent0,1,ESI 4 volume multiplier,0,percent0,1,ESI 5 volume multiplier,0,percent0,,,,,6,Figure height,0,,10,Figure width,0,,,,,,,,,,Segoe UI,Global font family,0,,,,,,0,Display start value for graph,0,hour12,TRUE,,,,,,,,,,,,10,Legend font size,0,,3,Legend height,0,,2,Legend columns,0,,4,Legend width,0,,,,,,#A7AAAD,Off-peak bars,0,,#6F994E,P70 line,0,,#F2B701,P80 line,0,,#F28E2B,P90 line,0,,#3E839E,Peak bars,0,,#0B4F79,Peak census line,0,,12,Length of peak period,0,integer,auto,Peak period parameter mode,0,,6,Start for peak period,0,integer,vis_10_title,,,,vis_10_title,,,,vis_10_legend,,,,vis_10_legend,,,,vis_10_parameters,,,,vis_10_param,,,,_room_need_,,,,vis_10_tbl01,,,,vis_10__,,,,vis_10_image,,,,,,,,,,,,,,,,,,,,group3,,,,3,,,,pptx_template.vis_10.test.pptx,,,,8,,,,,,,,,,,,,,,,,,,,,,,,,,,,,,,,,,,,,,,,#D40062,Room need line,0,,,,,,,,,,,,,,1/1/2021,12,Subtitle font size,0,,8,Axis tick label size,0,,#d9d9d9,Background color,0,,16,Title font size,0,,0.3,Title image height,0,,bold,Title font weight,0,,13.33,Title image width,0,,,,,,,,,,,,,,,,,,,,,,cohort,0.85,Capacity Utilization Factor,1,percent0,0,Growth adjustment factor,0,percent0,,,,,1,,,,,0,Axis decimal places,0,,raw,raw count percent formatting mode,0,,1,Axis multiplier,0,,,Axis suffix,0,,,,,,fiscal
N,vis_10,vis_10,adf,adf.mmc.f.u55,max_med_clos.female.u55,"Max, Medium, Close Custody Female Under 55","((sex == 'F') & (custody_class.isin(['CLOS', 'CLO','MAX','MED'])) & (age_bracket == 'adult under 55')",adf,mmc.f.u55,,,,,,,,,,,,,,,,,,,,,,,,,,,,,,,,,,,,,,,,,,,,,,,,,,,,,,,,,,,,,,,,,,,,,,,,,,,,,week,Aggregation level (hour/day_of_week/month/week),0,,,,,,,,,,,,,,30,,,,#2ca02c,,,,--,,,,1.25,,,,TRUE,,,,,,,,,,,,,,,,,,,,,,,,,,,,,,,,,,,,,,,,,,,,,,,,LC ADF,300,Image resolution,0,,,,,,1,12/31/2025,1,ESI 1 volume multiplier,0,percent0,1,ESI 2 volume multiplier,0,percent0,1,ESI 3 volume multiplier,0,percent0,1,ESI 4 volume multiplier,0,percent0,1,ESI 5 volume multiplier,0,percent0,,,,,6,Figure height,0,,10,Figure width,0,,,,,,,,,,Segoe UI,Global font family,0,,,,,,0,Display start value for graph,0,hour12,TRUE,,,,,,,,,,,,10,Legend font size,0,,3,Legend height,0,,2,Legend columns,0,,4,Legend width,0,,,,,,#A7AAAD,Off-peak bars,0,,#6F994E,P70 line,0,,#F2B701,P80 line,0,,#F28E2B,P90 line,0,,#3E839E,Peak bars,0,,#0B4F79,Peak census line,0,,12,Length of peak period,0,integer,auto,Peak period parameter mode,0,,6,Start for peak period,0,integer,vis_10_title,,,,vis_10_title,,,,vis_10_legend,,,,vis_10_legend,,,,vis_10_parameters,,,,vis_10_param,,,,_room_need_,,,,vis_10_tbl01,,,,vis_10__,,,,vis_10_image,,,,,,,,,,,,,,,,,,,,group3,,,,3,,,,pptx_template.vis_10.test.pptx,,,,8,,,,,,,,,,,,,,,,,,,,,,,,,,,,,,,,,,,,,,,,#D40062,Room need line,0,,,,,,,,,,,,,,1/1/2021,12,Subtitle font size,0,,8,Axis tick label size,0,,#d9d9d9,Background color,0,,16,Title font size,0,,0.3,Title image height,0,,bold,Title font weight,0,,13.33,Title image width,0,,,,,,,,,,,,,,,,,,,,,,cohort,0.85,Capacity Utilization Factor,1,percent0,0,Growth adjustment factor,0,percent0,,,,,1,,,,,0,Axis decimal places,0,,raw,raw count percent formatting mode,0,,1,Axis multiplier,0,,,Axis suffix,0,,,,,,fiscal
N,vis_10,vis_10,adf,adf.mmc.m,max_med_clos.male,"Max, Medium, Close Custody Male","((sex == 'M') & (custody_class.isin(['CLOS', 'CLO','MAX','MED'])) ",adf,mmc.m,,,,,,,,,,,,,,,,,,,,,,,,,,,,,,,,,,,,,,,,,,,,,,,,,,,,,,,,,,,,,,,,,,,,,,,,,,,,,week,Aggregation level (hour/day_of_week/month/week),0,,,,,,,,,,,,,,30,,,,#2ca02c,,,,--,,,,1.25,,,,TRUE,,,,,,,,,,,,,,,,,,,,,,,,,,,,,,,,,,,,,,,,,,,,,,,,LC ADF,300,Image resolution,0,,,,,,1,12/31/2025,1,ESI 1 volume multiplier,0,percent0,1,ESI 2 volume multiplier,0,percent0,1,ESI 3 volume multiplier,0,percent0,1,ESI 4 volume multiplier,0,percent0,1,ESI 5 volume multiplier,0,percent0,,,,,6,Figure height,0,,10,Figure width,0,,,,,,,,,,Segoe UI,Global font family,0,,,,,,0,Display start value for graph,0,hour12,TRUE,,,,,,,,,,,,10,Legend font size,0,,3,Legend height,0,,2,Legend columns,0,,4,Legend width,0,,,,,,#A7AAAD,Off-peak bars,0,,#6F994E,P70 line,0,,#F2B701,P80 line,0,,#F28E2B,P90 line,0,,#3E839E,Peak bars,0,,#0B4F79,Peak census line,0,,12,Length of peak period,0,integer,auto,Peak period parameter mode,0,,6,Start for peak period,0,integer,vis_10_title,,,,vis_10_title,,,,vis_10_legend,,,,vis_10_legend,,,,vis_10_parameters,,,,vis_10_param,,,,_room_need_,,,,vis_10_tbl01,,,,vis_10__,,,,vis_10_image,,,,,,,,,,,,,,,,,,,,group3,,,,3,,,,pptx_template.vis_10.test.pptx,,,,8,,,,,,,,,,,,,,,,,,,,,,,,,,,,,,,,,,,,,,,,#D40062,Room need line,0,,,,,,,,,,,,,,1/1/2021,12,Subtitle font size,0,,8,Axis tick label size,0,,#d9d9d9,Background color,0,,16,Title font size,0,,0.3,Title image height,0,,bold,Title font weight,0,,13.33,Title image width,0,,,,,,,,,,,,,,,,,,,,,,cohort,0.85,Capacity Utilization Factor,1,percent0,0,Growth adjustment factor,0,percent0,,,,,1,,,,,0,Axis decimal places,0,,raw,raw count percent formatting mode,0,,1,Axis multiplier,0,,,Axis suffix,0,,,,,,fiscal
N,vis_10,vis_10,adf,adf.mmc.m.55plus,max_med_clos.male.55plus,"Max, Medium, Close Custody Male 55+","((sex == 'M') & (custody_class.isin(['CLOS', 'CLO','MAX','MED'])) & (age_bracket == 'adult 55+')",adf,mmc.m.55plus,,,,,,,,,,,,,,,,,,,,,,,,,,,,,,,,,,,,,,,,,,,,,,,,,,,,,,,,,,,,,,,,,,,,,,,,,,,,,week,Aggregation level (hour/day_of_week/month/week),0,,,,,,,,,,,,,,30,,,,#2ca02c,,,,--,,,,1.25,,,,TRUE,,,,,,,,,,,,,,,,,,,,,,,,,,,,,,,,,,,,,,,,,,,,,,,,LC ADF,300,Image resolution,0,,,,,,1,12/31/2025,1,ESI 1 volume multiplier,0,percent0,1,ESI 2 volume multiplier,0,percent0,1,ESI 3 volume multiplier,0,percent0,1,ESI 4 volume multiplier,0,percent0,1,ESI 5 volume multiplier,0,percent0,,,,,6,Figure height,0,,10,Figure width,0,,,,,,,,,,Segoe UI,Global font family,0,,,,,,0,Display start value for graph,0,hour12,TRUE,,,,,,,,,,,,10,Legend font size,0,,3,Legend height,0,,2,Legend columns,0,,4,Legend width,0,,,,,,#A7AAAD,Off-peak bars,0,,#6F994E,P70 line,0,,#F2B701,P80 line,0,,#F28E2B,P90 line,0,,#3E839E,Peak bars,0,,#0B4F79,Peak census line,0,,12,Length of peak period,0,integer,auto,Peak period parameter mode,0,,6,Start for peak period,0,integer,vis_10_title,,,,vis_10_title,,,,vis_10_legend,,,,vis_10_legend,,,,vis_10_parameters,,,,vis_10_param,,,,_room_need_,,,,vis_10_tbl01,,,,vis_10__,,,,vis_10_image,,,,,,,,,,,,,,,,,,,,group3,,,,3,,,,pptx_template.vis_10.test.pptx,,,,8,,,,,,,,,,,,,,,,,,,,,,,,,,,,,,,,,,,,,,,,#D40062,Room need line,0,,,,,,,,,,,,,,1/1/2021,12,Subtitle font size,0,,8,Axis tick label size,0,,#d9d9d9,Background color,0,,16,Title font size,0,,0.3,Title image height,0,,bold,Title font weight,0,,13.33,Title image width,0,,,,,,,,,,,,,,,,,,,,,,cohort,0.85,Capacity Utilization Factor,1,percent0,0,Growth adjustment factor,0,percent0,,,,,1,,,,,0,Axis decimal places,0,,raw,raw count percent formatting mode,0,,1,Axis multiplier,0,,,Axis suffix,0,,,,,,fiscal
N,vis_10,vis_10,adf,adf.mmc.m.ch_high,max_med_clos.male.chronic_high,"Max, Medium, Close Custody Male Highly Severe Chronic Health Condition","((sex == 'M') & (custody_class.isin(['CLOS', 'CLO','MAX','MED'])) & (chronic_status == 'HIGH')",adf,mmc.m.ch_high,,,,,,,,,,,,,,,,,,,,,,,,,,,,,,,,,,,,,,,,,,,,,,,,,,,,,,,,,,,,,,,,,,,,,,,,,,,,,week,Aggregation level (hour/day_of_week/month/week),0,,,,,,,,,,,,,,30,,,,#2ca02c,,,,--,,,,1.25,,,,TRUE,,,,,,,,,,,,,,,,,,,,,,,,,,,,,,,,,,,,,,,,,,,,,,,,LC ADF,300,Image resolution,0,,,,,,1,12/31/2025,1,ESI 1 volume multiplier,0,percent0,1,ESI 2 volume multiplier,0,percent0,1,ESI 3 volume multiplier,0,percent0,1,ESI 4 volume multiplier,0,percent0,1,ESI 5 volume multiplier,0,percent0,,,,,6,Figure height,0,,10,Figure width,0,,,,,,,,,,Segoe UI,Global font family,0,,,,,,0,Display start value for graph,0,hour12,TRUE,,,,,,,,,,,,10,Legend font size,0,,3,Legend height,0,,2,Legend columns,0,,4,Legend width,0,,,,,,#A7AAAD,Off-peak bars,0,,#6F994E,P70 line,0,,#F2B701,P80 line,0,,#F28E2B,P90 line,0,,#3E839E,Peak bars,0,,#0B4F79,Peak census line,0,,12,Length of peak period,0,integer,auto,Peak period parameter mode,0,,6,Start for peak period,0,integer,vis_10_title,,,,vis_10_title,,,,vis_10_legend,,,,vis_10_legend,,,,vis_10_parameters,,,,vis_10_param,,,,_room_need_,,,,vis_10_tbl01,,,,vis_10__,,,,vis_10_image,,,,,,,,,,,,,,,,,,,,group3,,,,3,,,,pptx_template.vis_10.test.pptx,,,,8,,,,,,,,,,,,,,,,,,,,,,,,,,,,,,,,,,,,,,,,#D40062,Room need line,0,,,,,,,,,,,,,,1/1/2021,12,Subtitle font size,0,,8,Axis tick label size,0,,#d9d9d9,Background color,0,,16,Title font size,0,,0.3,Title image height,0,,bold,Title font weight,0,,13.33,Title image width,0,,,,,,,,,,,,,,,,,,,,,,cohort,0.85,Capacity Utilization Factor,1,percent0,0,Growth adjustment factor,0,percent0,,,,,1,,,,,0,Axis decimal places,0,,raw,raw count percent formatting mode,0,,1,Axis multiplier,0,,,Axis suffix,0,,,,,,fiscal
N,vis_10,vis_10,adf,adf.mmc.m.ch_low_mod_no,max_med_clos.male.chronic_low_moderate_no_chronic,"Max, Medium, Close Custody Male Low/Moderate/No Chronic Health Condition","((sex == 'M') & (custody_class.isin(['CLOS', 'CLO','MAX','MED'])) & (chronic_status .isin(['LOW','MODERATE','NO CHRONIC CONDITION']))",adf,mmc.m.ch_low_mod_no,,,,,,,,,,,,,,,,,,,,,,,,,,,,,,,,,,,,,,,,,,,,,,,,,,,,,,,,,,,,,,,,,,,,,,,,,,,,,week,Aggregation level (hour/day_of_week/month/week),0,,,,,,,,,,,,,,30,,,,#2ca02c,,,,--,,,,1.25,,,,TRUE,,,,,,,,,,,,,,,,,,,,,,,,,,,,,,,,,,,,,,,,,,,,,,,,LC ADF,300,Image resolution,0,,,,,,1,12/31/2025,1,ESI 1 volume multiplier,0,percent0,1,ESI 2 volume multiplier,0,percent0,1,ESI 3 volume multiplier,0,percent0,1,ESI 4 volume multiplier,0,percent0,1,ESI 5 volume multiplier,0,percent0,,,,,6,Figure height,0,,10,Figure width,0,,,,,,,,,,Segoe UI,Global font family,0,,,,,,0,Display start value for graph,0,hour12,TRUE,,,,,,,,,,,,10,Legend font size,0,,3,Legend height,0,,2,Legend columns,0,,4,Legend width,0,,,,,,#A7AAAD,Off-peak bars,0,,#6F994E,P70 line,0,,#F2B701,P80 line,0,,#F28E2B,P90 line,0,,#3E839E,Peak bars,0,,#0B4F79,Peak census line,0,,12,Length of peak period,0,integer,auto,Peak period parameter mode,0,,6,Start for peak period,0,integer,vis_10_title,,,,vis_10_title,,,,vis_10_legend,,,,vis_10_legend,,,,vis_10_parameters,,,,vis_10_param,,,,_room_need_,,,,vis_10_tbl01,,,,vis_10__,,,,vis_10_image,,,,,,,,,,,,,,,,,,,,group3,,,,3,,,,pptx_template.vis_10.test.pptx,,,,8,,,,,,,,,,,,,,,,,,,,,,,,,,,,,,,,,,,,,,,,#D40062,Room need line,0,,,,,,,,,,,,,,1/1/2021,12,Subtitle font size,0,,8,Axis tick label size,0,,#d9d9d9,Background color,0,,16,Title font size,0,,0.3,Title image height,0,,bold,Title font weight,0,,13.33,Title image width,0,,,,,,,,,,,,,,,,,,,,,,cohort,0.85,Capacity Utilization Factor,1,percent0,0,Growth adjustment factor,0,percent0,,,,,1,,,,,0,Axis decimal places,0,,raw,raw count percent formatting mode,0,,1,Axis multiplier,0,,,Axis suffix,0,,,,,,fiscal
N,vis_10,vis_10,adf,adf.mmc.m.u55,max_med_clos.male.u55,"Max, Medium, Close Custody Male Under 55","((sex == 'M') & (custody_class.isin(['CLOS', 'CLO','MAX','MED'])) & (age_bracket == 'adult under 55')",adf,mmc.m.u55,,,,,,,,,,,,,,,,,,,,,,,,,,,,,,,,,,,,,,,,,,,,,,,,,,,,,,,,,,,,,,,,,,,,,,,,,,,,,week,Aggregation level (hour/day_of_week/month/week),0,,,,,,,,,,,,,,30,,,,#2ca02c,,,,--,,,,1.25,,,,TRUE,,,,,,,,,,,,,,,,,,,,,,,,,,,,,,,,,,,,,,,,,,,,,,,,LC ADF,300,Image resolution,0,,,,,,1,12/31/2025,1,ESI 1 volume multiplier,0,percent0,1,ESI 2 volume multiplier,0,percent0,1,ESI 3 volume multiplier,0,percent0,1,ESI 4 volume multiplier,0,percent0,1,ESI 5 volume multiplier,0,percent0,,,,,6,Figure height,0,,10,Figure width,0,,,,,,,,,,Segoe UI,Global font family,0,,,,,,0,Display start value for graph,0,hour12,TRUE,,,,,,,,,,,,10,Legend font size,0,,3,Legend height,0,,2,Legend columns,0,,4,Legend width,0,,,,,,#A7AAAD,Off-peak bars,0,,#6F994E,P70 line,0,,#F2B701,P80 line,0,,#F28E2B,P90 line,0,,#3E839E,Peak bars,0,,#0B4F79,Peak census line,0,,12,Length of peak period,0,integer,auto,Peak period parameter mode,0,,6,Start for peak period,0,integer,vis_10_title,,,,vis_10_title,,,,vis_10_legend,,,,vis_10_legend,,,,vis_10_parameters,,,,vis_10_param,,,,_room_need_,,,,vis_10_tbl01,,,,vis_10__,,,,vis_10_image,,,,,,,,,,,,,,,,,,,,group3,,,,3,,,,pptx_template.vis_10.test.pptx,,,,8,,,,,,,,,,,,,,,,,,,,,,,,,,,,,,,,,,,,,,,,#D40062,Room need line,0,,,,,,,,,,,,,,1/1/2021,12,Subtitle font size,0,,8,Axis tick label size,0,,#d9d9d9,Background color,0,,16,Title font size,0,,0.3,Title image height,0,,bold,Title font weight,0,,13.33,Title image width,0,,,,,,,,,,,,,,,,,,,,,,cohort,0.85,Capacity Utilization Factor,1,percent0,0,Growth adjustment factor,0,percent0,,,,,1,,,,,0,Axis decimal places,0,,raw,raw count percent formatting mode,0,,1,Axis multiplier,0,,,Axis suffix,0,,,,,,fiscal
N,vis_10,vis_10,adf,adf.mmc.u55,max_med_clos.u55,"Max, Medium, Close Custody Under 55","((sex == 'M') & (custody_class.isin(['CLOS', 'CLO','MAX','MED'])) & (age_bracket == 'adult under 55')",adf,mmc.u55,,,,,,,,,,,,,,,,,,,,,,,,,,,,,,,,,,,,,,,,,,,,,,,,,,,,,,,,,,,,,,,,,,,,,,,,,,,,,week,Aggregation level (hour/day_of_week/month/week),0,,,,,,,,,,,,,,30,,,,#2ca02c,,,,--,,,,1.25,,,,TRUE,,,,,,,,,,,,,,,,,,,,,,,,,,,,,,,,,,,,,,,,,,,,,,,,LC ADF,300,Image resolution,0,,,,,,1,12/31/2025,1,ESI 1 volume multiplier,0,percent0,1,ESI 2 volume multiplier,0,percent0,1,ESI 3 volume multiplier,0,percent0,1,ESI 4 volume multiplier,0,percent0,1,ESI 5 volume multiplier,0,percent0,,,,,6,Figure height,0,,10,Figure width,0,,,,,,,,,,Segoe UI,Global font family,0,,,,,,0,Display start value for graph,0,hour12,TRUE,,,,,,,,,,,,10,Legend font size,0,,3,Legend height,0,,2,Legend columns,0,,4,Legend width,0,,,,,,#A7AAAD,Off-peak bars,0,,#6F994E,P70 line,0,,#F2B701,P80 line,0,,#F28E2B,P90 line,0,,#3E839E,Peak bars,0,,#0B4F79,Peak census line,0,,12,Length of peak period,0,integer,auto,Peak period parameter mode,0,,6,Start for peak period,0,integer,vis_10_title,,,,vis_10_title,,,,vis_10_legend,,,,vis_10_legend,,,,vis_10_parameters,,,,vis_10_param,,,,_room_need_,,,,vis_10_tbl01,,,,vis_10__,,,,vis_10_image,,,,,,,,,,,,,,,,,,,,group3,,,,3,,,,pptx_template.vis_10.test.pptx,,,,8,,,,,,,,,,,,,,,,,,,,,,,,,,,,,,,,,,,,,,,,#D40062,Room need line,0,,,,,,,,,,,,,,1/1/2021,12,Subtitle font size,0,,8,Axis tick label size,0,,#d9d9d9,Background color,0,,16,Title font size,0,,0.3,Title image height,0,,bold,Title font weight,0,,13.33,Title image width,0,,,,,,,,,,,,,,,,,,,,,,cohort,0.85,Capacity Utilization Factor,1,percent0,0,Growth adjustment factor,0,percent0,,,,,1,,,,,0,Axis decimal places,0,,raw,raw count percent formatting mode,0,,1,Axis multiplier,0,,,Axis suffix,0,,,,,,fiscal
